image_id,latitude_SIG,longitude_SIG,pano_lat,pano_lon,distance_m,bearing_deg,pitch_deg,fov,date,pano_id
1,45.81706091451006,4.896051359014594,45.81708328826632,4.896164660404303,9.13,254.18,-15.32,45,2023-05,AOexSURjqEPcWmcE7plPiQ
3,45.76103061502748,4.828406507417747,45.76111575710989,4.828473378266502,10.8,208.72,-13.04,35,2016-12,CAoSFkNJSE0wb2dLRUlDQWdJRDRzWmpYSFE.
4,45.76083360245256,4.82834422124628,45.76080449968422,4.828484612004143,11.36,286.55,-12.41,35,2024-10,4s1A-ZwYcVl52y-ubYz_sg
7,45.76135424299866,4.828175586849058,45.76132595131319,4.828093788842176,7.08,63.63,-19.44,45,2020-07,KLLPFi8nwoLZsIx14auLVA
10,45.76129125389328,4.8284865325641055,45.76136873460119,4.828470954779546,8.7,172.02,-16.03,45,2023-03,CvQFS8y3XH8faEkhWvNrSQ
11,45.76108295709231,4.82841463161397,45.76105975663991,4.828570638272084,12.37,282.03,-11.42,35,2024-10,O84xwMuhEMuJvjkUcIzwXw
14,45.76120540440856,4.828456549809719,45.76117645751479,4.828608121988561,12.19,285.31,-11.59,35,2024-10,AauK_qK75czTVjhliXBIDA
16,45.76096293093511,4.8283845473035045,45.7609742093554,4.828542021101909,12.28,264.14,-11.51,35,2024-10,uGwWXQCC_d4pJF5HXi7XyQ
19,45.76223036829436,4.828703096863278,45.76220151000299,4.828831541754283,10.47,287.85,-13.43,35,2024-10,GtEVvOTM56T_cop0ANhCxg
20,45.76103888333736,4.828409026838343,45.7609742093554,4.828542021101909,12.58,304.88,-11.24,35,2024-10,uGwWXQCC_d4pJF5HXi7XyQ
22,45.808109612386126,4.779743010263058,45.80816669597202,4.779807012279726,8.06,218.01,-17.24,45,2024-03,Yy68Gs5ay9LDX9XbQMLn0Q
24,45.8166219876045,4.888412482334011,45.81651919468228,4.888486447895249,12.79,333.37,-11.06,35,2024-05,OfSGtJFx-mNzgTUxRYHIuA
25,45.81659715979124,4.8885040861600855,45.81657471343362,4.888589864569329,7.1,290.58,-19.4,45,2024-05,5i8Ma4-bcc690I674JylLA
26,45.80869625092458,4.779722649903129,45.80865990193266,4.779662066357443,6.2,49.28,-21.97,55,2024-03,Ng8S9LlCMbVXITShjw5itg
27,45.81158597614208,4.777744574452703,45.81164046397688,4.777772047175197,6.42,199.36,-21.27,55,2024-03,mHL7xqv4Oo6PALyBGySrMQ
32,45.7711742011402,4.854723231601612,45.77121603987609,4.854664560467773,6.51,135.63,-21.01,55,2022-02,fytcFbcrj8pV28zr40xqlQ
33,45.80862632169381,4.779490401941219,45.80860431442255,4.779572197961744,6.8,291.11,-20.2,55,2024-03,tr94Q8SNSktO6QWeS1Bf5g
34,45.80805843707209,4.780108051142485,45.80806775708238,4.780013249753303,7.42,98.03,-18.62,45,2024-03,60kfDXl5R9_zTDvgfTwPPQ
35,45.80758655807208,4.780031074148851,45.80757444208223,4.78011059826635,6.31,282.33,-21.61,55,2024-03,o3L9a53VVH47-4fqKoxXxA
42,45.81082197668805,4.7781752317702,45.81082630441288,4.778259998671052,6.59,265.81,-20.78,55,2024-03,ycU2EYhCKjHzXAACmFc9fQ
43,45.80907148394259,4.779493794166722,45.80908957869821,4.779407330774472,7.0,106.71,-19.66,55,2024-03,XVhvI9U1X39IDVrHXrgjtw
49,45.69643755131538,4.898876486815054,45.69648249759218,4.898818381180765,6.73,137.92,-20.37,55,2026-04,nKmWyy1_STgXWgjKh_U1wQ
50,45.69841051970444,4.896925203675207,45.69832015343494,4.896938945733753,10.1,353.94,-13.9,35,2026-03,S4HrcY1bPcCXDZXu4-3M6Q
51,45.69685183337539,4.9013100512527625,45.69689261392272,4.901242610579692,6.93,130.88,-19.84,55,2026-04,_x-Nn7WLB9NeGNtnWex-sg
52,45.69827197147376,4.896202420493799,45.69819880340172,4.896295618349672,10.89,318.34,-12.93,35,2026-03,Ll4R6AA0Pu18pXJmkFkhkg
54,45.80889955547398,4.779591200579314,45.80891714510994,4.779509491882829,6.63,107.16,-20.67,55,2024-03,d9BJPNL06X2ed9f5cP3Bng
56,45.810838830960655,4.778181695225851,45.81082630441288,4.778259998671052,6.23,282.93,-21.88,55,2024-03,ycU2EYhCKjHzXAACmFc9fQ
58,45.69839877713454,4.896923718275053,45.69832015343494,4.896938945733753,8.82,352.3,-15.82,45,2026-03,S4HrcY1bPcCXDZXu4-3M6Q
61,45.698386203187766,4.896921796810044,45.69832015343494,4.896938945733753,7.46,349.72,-18.52,45,2026-03,S4HrcY1bPcCXDZXu4-3M6Q
69,45.73167154584619,4.74032978657564,45.7316913307974,4.740241542459213,7.19,107.81,-19.16,45,2024-02,Hr-M_8xs6g-H9WdvrBcl-Q
71,45.696461808753774,4.89699594765691,45.69644028732301,4.896882016678233,9.17,74.87,-15.26,45,2026-04,EB351Nn2fNRGD7iGa8CnKA
75,45.73091563258314,4.743387675400079,45.73080111842437,4.743454426545062,13.75,337.86,-10.31,35,2024-02,dy5iN8z1QGVH_Us4RxoUSA
76,45.73087314168208,4.7442892805731045,45.73092281639312,4.744243114475666,6.58,147.03,-20.79,55,2024-02,GoHzrsav7hcnGRMLmgVpYg
79,45.73075218056368,4.743414048802843,45.73080111842437,4.743454426545062,6.28,209.94,-21.71,55,2024-02,dy5iN8z1QGVH_Us4RxoUSA
80,45.8164876675844,4.888242229024876,45.81646082101592,4.888161218820319,6.95,64.57,-19.78,55,2022-03,G6aeGYOr7O_AacCLxp_b6A
84,45.72979004342819,4.743912142147291,45.72979860466746,4.744002836191871,7.1,262.3,-19.39,45,2024-03,0k-2R3oRLbMyPSzSkuS1kw
86,45.72979724568823,4.744295309456103,45.72985218165702,4.744216252457273,8.66,134.87,-16.11,45,2024-07,Ms46U2bbSn6pKNYdgpf4uQ
87,45.73011200484012,4.7436321623963495,45.73012674615489,4.743725561984023,7.43,257.26,-18.59,45,2024-03,ZAIIAutkImpYfDb7__UZag
89,45.728926823579854,4.743117897115184,45.72898164689836,4.743119740518282,6.1,181.34,-22.29,55,2024-07,Ab0ISAhOYCdtL62d5XSX_Q
90,45.72884108457829,4.743058457567672,45.72891562141741,4.743035332982315,8.48,167.78,-16.43,45,2024-07,r44lhL6mwaRjyldWUvn1PA
92,45.729267936253166,4.743345473593357,45.72924307155826,4.743453829891108,8.85,288.2,-15.77,45,2024-07,2Oi2GeOOqVAEtJkLul2kEg
94,45.72917244316591,4.743439883892944,45.72917085484545,4.743361537452594,6.08,88.34,-22.34,55,2024-07,etZUxuXDZ7LM3y1E0zd3PQ
97,45.697087897345774,4.888160284012873,45.69702839162881,4.888144525418931,6.73,10.48,-20.38,55,2026-03,nnneFqV0y0UTP54ayGQ5qg
98,45.69709549879861,4.889303381518965,45.69715812750039,4.889303727264717,6.96,180.22,-19.75,55,2026-03,uPkB46_y469haqJESgiprA
99,45.697083551265656,4.888106218512678,45.69702839162881,4.888144525418931,6.82,334.12,-20.14,55,2026-03,nnneFqV0y0UTP54ayGQ5qg
100,45.69720591463283,4.888964621836077,45.69712582234359,4.889050299793314,11.12,323.23,-12.67,35,2026-03,w_CiwffLcSIbph-0Dfm4rg
101,45.69775397381765,4.891301349180639,45.69765141359257,4.891336824558885,11.73,346.42,-12.03,35,2026-03,KkAkUEnxftSCm5H4cEZq8A
102,45.6963357647961,4.890867526584755,45.69633909811527,4.891015068990767,11.46,268.15,-12.3,35,2026-03,zVzHJNGLizUbzBWkB1c2pw
103,45.697799078829625,4.890869771573163,45.6977838684015,4.890986770587524,9.24,280.54,-15.14,45,2022-01,yYCnuDAQXBhIzIcQKe4VXA
104,45.697040135498455,4.889055006416411,45.69702067583766,4.888959924799449,7.69,73.67,-18.0,45,2026-03,vtoRf9JsDNhrEtQSV0glxg
105,45.69661342635376,4.887903949525166,45.69665491978379,4.887778106469905,10.81,115.27,-13.02,35,2026-03,xAl1lEOBTSETy9Kd7eiKMA
108,45.69696383519587,4.888561017598785,45.6970590159223,4.888538903705852,10.72,170.78,-13.12,35,2026-03,cGblAX4KteNZKoeJclhr2g
110,45.6969880076574,4.888732420824696,45.69707562983897,4.888664999018355,11.06,151.74,-12.74,35,2026-03,A9BCxn112q9325cTaSAFeA
111,45.755725886521645,4.835167857280853,45.75576105309,4.835320271978369,12.45,251.7,-11.35,35,2024-05,Ml0vWWZxlND7batAw7cjvA
112,45.75563000253558,4.835538923475345,45.75559130614973,4.835631024581992,8.34,301.06,-16.68,45,2024-05,WoJJFuo8G7-x-y0916XGVg
114,45.800743104986594,4.786148850046453,45.80075559740182,4.786242169761533,7.37,259.13,-18.75,45,2024-03,TGoKFor3pT44P_6SL4ecMA
116,45.809383019554176,4.792398290656226,45.80942694397862,4.792459922386777,6.83,224.36,-20.1,55,2024-03,azuhjvHnSg--S7uaxZz4Yw
118,45.80048803975925,4.787232912594361,45.80046628741022,4.787378290443612,11.53,282.11,-12.24,35,2024-03,05ahZm842OSkn3llOmlNEQ
119,45.8005839924145,4.787373129308407,45.8005437451053,4.787449562677706,7.43,307.06,-18.61,45,2024-03,w6Dqc-elIpiC_HT4K9l7ig
124,45.79988866768535,4.786842892840675,45.79991919920062,4.786758721666439,7.36,117.49,-18.77,45,2024-03,ZBlOI-M6ZC-RvOKtNXO2jA
128,45.80850274936954,4.791689196315216,45.80857901134178,4.791623412550909,9.89,148.98,-14.18,45,2024-03,n8o1j8VacTIBdLdzN9GIUg
134,45.80070844101181,4.787477223453652,45.80070038094726,4.787587402494574,8.59,275.99,-16.23,45,2024-03,dNgiR4L1TKA9rOTVJai7KA
136,45.80952954700777,4.794297041102139,45.80958950810276,4.794315991472348,6.83,192.42,-20.11,55,2024-03,Wc9V_DfizYFshMnKUbUwZw
139,45.809925370176096,4.79319864575888,45.80980538676926,4.793155225506665,13.76,14.16,-10.3,35,2024-03,pB6KWRr3z4iI3i_Q8wghrQ
141,45.80063160033576,4.7862573902817145,45.80068276154533,4.786322153877764,7.59,221.43,-18.24,45,2024-03,vYLxskiPuApKNAnDiAh9Fw
142,45.80095815612027,4.787635774431984,45.80089586316485,4.787577013088145,8.29,33.33,-16.78,45,2018-10,7sRTq6mr57xHD1bzVzZuWw
143,45.80063672874927,4.786590660462552,45.80063137143913,4.786511916716338,6.13,84.43,-22.18,55,2024-03,I3JdgbYTbNM29G-gCzLWVg
144,45.800152598035865,4.786774130831204,45.80022239029463,4.786821145519538,8.57,205.16,-16.26,45,2024-03,QGyqvqHKjFB6U7O7zrlJ-A
146,45.79979235073262,4.786571511006125,45.79981510895296,4.786673903836912,8.33,252.32,-16.7,45,2024-03,SMKRF0BeRa95T82LCJ-7YQ
147,45.8015185653129,4.788363998126802,45.80151126982459,4.788261128908782,8.02,84.19,-17.32,45,2024-03,mBGq8a706PgdyuvnsSiDUA
150,45.80073671134077,4.7874461128494,45.80070038094726,4.787587402494574,11.67,290.25,-12.09,35,2024-03,dNgiR4L1TKA9rOTVJai7KA
151,45.799730993056976,4.786473759537217,45.79971109088551,4.786589098758469,9.21,283.9,-15.18,45,2024-03,E8hnr0lf5JpLiIGZ4KZTfQ
154,45.7277476622512,4.834370374870677,45.72780753361047,4.834348854255925,6.86,165.91,-20.01,55,2024-05,uoiZoLSt46Ug8ibdLSapKA
155,45.72771449061516,4.8357611899485295,45.72768169916058,4.835848396392377,7.69,298.31,-18.01,45,2024-05,4OIE_0XAJZ5BuvMsDkCDiQ
156,45.72831667174536,4.8348430843537376,45.7282539094596,4.834706819003045,12.67,56.58,-11.16,35,2022-01,WlnxBcwu8QmN4zOxlhQ5Qw
161,45.8021320801296,4.777724460227448,45.80219593504246,4.777687868530181,7.65,158.22,-18.11,45,2024-03,pw8GQJ1OkxpFV2A86885JA
162,45.72771407745447,4.835767446128068,45.72768169916058,4.835848396392377,7.24,299.81,-19.05,45,2024-05,4OIE_0XAJZ5BuvMsDkCDiQ
163,45.72771366429343,4.835773702307515,45.72768169916058,4.835848396392377,6.8,301.51,-20.18,55,2024-05,4OIE_0XAJZ5BuvMsDkCDiQ
164,45.72771325113206,4.835779958486859,45.72768169916058,4.835848396392377,6.37,303.44,-21.44,55,2024-05,4OIE_0XAJZ5BuvMsDkCDiQ
165,45.72834068271426,4.834179608634502,45.72839731598739,4.834264831091062,9.13,226.41,-15.31,45,2024-09,cKrG-cqqHrqtpyFHPr8wWA
166,45.728306566942216,4.833819131279667,45.7282623538937,4.833876567910752,6.64,317.8,-20.64,55,2014-07,V_wQTl6mrBtELcQTi8SrMw
167,45.7277159218037,4.833843032841653,45.7276816899622,4.833916267943951,6.84,303.81,-20.07,55,2022-01,mzDDN2w8rbmIKpujtt9CfA
169,45.80194773321807,4.7813564278705645,45.80190364949292,4.781432696425328,7.68,309.66,-18.03,45,2024-03,yVyeOGWqTn78vNny2GF-TA
170,45.8016547634988,4.7850255783535856,45.80164332382429,4.785104191049058,6.23,281.79,-21.88,55,2024-03,4VW-uKh-hNXA9oY-OsAisw
171,45.80156021772143,4.7813178997074015,45.80160960603038,4.781257006574585,7.24,139.32,-19.05,45,2024-03,DzeHGiAP21wgKTSyZX6YGQ
172,45.80158497537153,4.78547644104266,45.80155455760124,4.785646374155704,13.6,284.4,-10.42,35,2024-03,ZbEEOkRlcLeVV4Jc8kSm9g
174,45.80168970181513,4.781801926228947,45.80174942773893,4.781746952323219,7.89,147.31,-17.58,45,2024-03,QU6awfDNd5vzTBdsHvydOw
176,45.80164741704672,4.7850184428081945,45.80164332382429,4.785104191049058,6.66,273.92,-20.57,55,2024-03,4VW-uKh-hNXA9oY-OsAisw
178,45.81664943087145,4.888460282150488,45.81657471343362,4.888589864569329,13.03,309.6,-10.86,35,2024-05,5i8Ma4-bcc690I674JylLA
179,45.74693610567997,4.862766564146255,45.74698248900749,4.86283676126046,7.5,226.56,-18.43,45,2022-01,mNoqzo_33Tu0u8vjP5D-zQ
180,45.79970598911152,4.786892808294438,45.79969750053536,4.786809831878692,6.5,81.65,-21.03,55,2016-09,2ueigUD1zCBoUvVT5lS3ZQ
181,45.79849064873503,4.788641329250311,45.79855685581693,4.788689641619253,8.26,206.96,-16.84,45,2024-03,KMaOxZwiH355n8aOhGaK7g
182,45.799133363082895,4.788189762056026,45.79908346358187,4.788115660861219,7.99,45.99,-17.38,45,2024-03,uhZs1coLhUurkj5nu4z8Zw
183,45.79874438938567,4.7883615493806015,45.79878850418621,4.788437176791096,7.64,230.08,-18.11,45,2024-03,EYJZ2wVF1Rr_BTdShwEofQ
184,45.79870962426351,4.788652308102075,45.79863506268622,4.788604343111706,9.09,24.16,-15.38,45,2024-03,ZMLX0YAGU3yC7Cq2Gppevw
185,45.79870372829144,4.788650758931368,45.79863506268622,4.788604343111706,8.44,25.23,-16.5,45,2024-03,ZMLX0YAGU3yC7Cq2Gppevw
187,45.71455255878243,4.865954298679493,45.71450946017932,4.865881545209365,7.41,49.69,-18.65,45,2024-06,m4C-0raQa4r4JCQEpakr_A
189,45.75616191552069,4.836393233793728,45.75621568732747,4.83625535630267,12.25,119.2,-11.53,35,2024-06,57LzY3Qh4MxgJbnykb5WHA
190,45.75613835320987,4.836319041750633,45.75613183654401,4.836202285868858,9.09,85.43,-15.38,45,2024-06,1vJCNwuN1gwMxXgy_IGn-Q
191,45.75624643868611,4.83640497550433,45.75629961018416,4.836308439242327,9.54,128.29,-14.68,45,2024-06,X0w8Fnj4Yu2QzvYGsAT-pQ
194,45.71401598370405,4.865027952704045,45.71408797856467,4.865013382621605,8.08,171.96,-17.18,45,2024-06,6NNR-NspO9mk13-jhF904Q
195,45.71456547294859,4.865960217877901,45.71450946017932,4.865881545209365,8.72,44.44,-15.99,45,2024-06,m4C-0raQa4r4JCQEpakr_A
197,45.71489421205387,4.863170054307038,45.71491774801439,4.86329839822271,10.3,255.28,-13.64,35,2024-06,11rPJOghe9wktGkqsYjwMw
199,45.71567940103223,4.86222840885271,45.71568742564912,4.862342447121885,8.9,264.25,-15.69,45,2024-06,lmaVxf0cyCVMHqWtZTtuGQ
203,45.80009160146346,4.793689164220919,45.80005812517561,4.793752830626168,6.18,307.02,-22.02,55,2014-06,Hen7OZUfrxZup72IaaYcHQ
205,45.80008584927185,4.793669367676198,45.80005812517561,4.793752830626168,7.17,295.48,-19.23,45,2014-06,Hen7OZUfrxZup72IaaYcHQ
206,45.800013810945394,4.793851251479977,45.80005812517561,4.793752830626168,9.08,122.86,-15.39,45,2014-06,Hen7OZUfrxZup72IaaYcHQ
214,45.799953456227485,4.792841747562442,45.80000865047402,4.792825331141346,6.27,168.29,-21.75,55,2014-06,db4lhk3qlWLbeej5SuhyRg
217,45.71385398755135,4.864549135616962,45.71394121528177,4.864565550319027,9.78,187.49,-14.34,45,2024-06,z2lXdCR7A72trmEiU0Kk_A
219,45.71572285085027,4.862410206330588,45.71568742564912,4.862342447121885,6.57,53.17,-20.83,55,2024-06,lmaVxf0cyCVMHqWtZTtuGQ
223,45.75503181336571,4.84407843045794,45.75494725588712,4.843975707380611,12.33,40.29,-11.47,35,2024-06,xo9J3KnB48Dp5H0LMutwXA
224,45.75563804289728,4.841488193103021,45.75571571116602,4.841587054386007,11.55,221.61,-12.21,35,2024-06,vowZla3Fnmjw_tNOWnH2CA
225,45.75571444731306,4.842173312759762,45.75566010256243,4.842070308344122,10.02,52.9,-14.01,35,2024-06,K3Bp3ZtOsLX26Z2SvKzrTg
228,45.75565173058525,4.841450617717861,45.75575617758772,4.841471704824887,11.73,188.02,-12.03,35,2024-06,s8qfJZBBAVJeSI8qg_xz8g
229,45.7550292020337,4.844040597978713,45.75494725588712,4.843975707380611,10.41,28.92,-13.5,35,2024-06,xo9J3KnB48Dp5H0LMutwXA
231,45.75571650513189,4.842216212378507,45.75561711656723,4.842188669129426,11.26,10.94,-12.52,35,2024-06,8MpBQ_mi42WdTqB5alE-uw
232,45.75564875612126,4.841459269594504,45.75575617758772,4.841471704824887,11.98,184.62,-11.78,35,2024-06,s8qfJZBBAVJeSI8qg_xz8g
234,45.75801336365945,4.822089205983682,45.7580331933587,4.821971424084317,9.4,103.57,-14.89,45,2024-06,ca74qWhPeVhTWiVqMNmO-A
237,45.74270511461489,4.867437778289667,45.74273175044515,4.867351605194703,7.31,113.89,-18.87,45,2023-03,7g6cmjggvc5grpC45ikKsw
238,45.74368479090254,4.864434213762062,45.74366247777772,4.864356534147187,6.52,67.63,-20.98,55,2024-07,CG5n1bQiHvFC-bw4n1E0BA
240,45.7426836923217,4.867426867661825,45.74273175044515,4.867351605194703,7.92,132.46,-17.53,45,2023-03,7g6cmjggvc5grpC45ikKsw
241,45.7426890478951,4.867429595318022,45.74273175044515,4.867351605194703,7.69,128.12,-18.0,45,2023-03,7g6cmjggvc5grpC45ikKsw
244,45.74356022611327,4.864083989717517,45.74365374586971,4.86400311912714,12.15,148.89,-11.63,35,2022-01,j7GdriP0JvieUSJE3vuRsQ
245,45.74367618153777,4.86355607649792,45.74374262750199,4.863633907366272,9.54,219.26,-14.68,45,2024-07,ANTkHAFao7VocFxjCc06oA
251,45.74299203774115,4.867575160797429,45.74304285379954,4.867522005562044,7.0,143.87,-19.66,55,2024-07,59DH8eak5CVNkgQLDNXhOg
255,45.7437458454287,4.86418975962956,45.74372236708173,4.864118767807502,6.1,64.64,-22.3,55,2024-07,fa6gR-ybISfMt3O_bzDGng
258,45.74409668544666,4.862780730301474,45.74404095987131,4.862764074159743,6.33,11.78,-21.55,55,2024-05,jpLMBK85bYqS3asx4ay_kw
260,45.74460930587321,4.861230301883546,45.74465120254706,4.861166533920717,6.8,133.27,-20.2,55,2022-01,GlUt4nmz1tUxMkStwDoZSQ
261,45.74476497102105,4.861178737511239,45.74470269305855,4.86125404470392,9.06,319.84,-15.42,45,2022-01,zSdBU7AToNUI1ygjJKZ3Aw
262,45.74460047936616,4.861240705099312,45.74465120254706,4.861166533920717,8.06,134.42,-17.24,45,2022-01,GlUt4nmz1tUxMkStwDoZSQ
263,45.74460342153525,4.861237237361117,45.74465120254706,4.861166533920717,7.64,134.08,-18.13,45,2022-01,GlUt4nmz1tUxMkStwDoZSQ
264,45.74460636370429,4.861233769622519,45.74465120254706,4.861166533920717,7.22,133.7,-19.11,45,2022-01,GlUt4nmz1tUxMkStwDoZSQ
265,45.74456667060989,4.860924860079769,45.74450455584385,4.860921052497146,6.91,2.45,-19.88,55,2024-05,FHw1FWC7PDrQkdH4STkP9g
267,45.74455957977796,4.860912228323717,45.74450455584385,4.860921052497146,6.16,353.61,-22.1,55,2024-05,FHw1FWC7PDrQkdH4STkP9g
269,45.74456312519874,4.860918544195101,45.74450455584385,4.860921052497146,6.52,358.29,-20.99,55,2024-05,FHw1FWC7PDrQkdH4STkP9g
270,45.74459753719697,4.861244172837111,45.74465120254706,4.861166533920717,8.48,134.73,-16.43,45,2022-01,GlUt4nmz1tUxMkStwDoZSQ
271,45.74322124745272,4.8677005354746665,45.74322040875016,4.867614558124294,6.67,89.2,-20.54,55,2024-07,sabk1Hqf5zZcqtPdzFUNCQ
274,45.74328168101345,4.867566368850698,45.74330553905303,4.867658862569234,7.65,249.72,-18.09,45,2024-07,eOmerVgehGDPXQPRLSZ0Xw
278,45.74368165322666,4.867772385119307,45.74364037967408,4.867833395618711,6.59,314.11,-20.76,55,2024-07,9yqevNIBl0nCYDGufmqAVg
279,45.74329013851382,4.867570750371246,45.74330553905303,4.867658862569234,7.05,255.94,-19.53,45,2024-07,eOmerVgehGDPXQPRLSZ0Xw
280,45.74342186878113,4.867640517095445,45.74338981668686,4.867702776371567,6.0,306.42,-22.61,55,2024-07,T0EogoBeMVsSO4-a_6svRg
281,45.74385122127784,4.867703446396988,45.74391788967616,4.867679934801146,7.63,166.17,-18.13,45,2024-07,pZ70rFhllbht0Ym9HE55xg
284,45.74369013206092,4.867777051987364,45.74364037967408,4.867833395618711,7.05,321.68,-19.52,45,2024-07,9yqevNIBl0nCYDGufmqAVg
287,45.74006700825041,4.86372187564517,45.74009535300969,4.863622673831589,8.32,112.26,-16.73,45,2026-03,jK-gbzKIvmwUXalt7UfQ2A
291,45.740191218213646,4.863741636280076,45.7401782982349,4.863665442826692,6.08,76.34,-22.34,55,2026-03,T7ZA9q9_8jc2_GHzvBw5jw
292,45.74271040377098,4.864864722420819,45.74267897653099,4.864956692479182,7.95,296.09,-17.46,45,2024-07,NnjLJWkbqnUrl12rXOCIGA
296,45.74353412487658,4.86532691691893,45.7434637625671,4.86537612007945,8.71,333.99,-16.02,45,2024-07,C2bhvdKmAaR2_D_Z6yqRpQ
297,45.74416641278928,4.865648058004115,45.74419332607165,4.865724599783759,6.65,243.26,-20.6,55,2024-05,iLAQMzvu2Lun-i_ArMqHBw
301,45.74247088347189,4.864788946262987,45.74250340810985,4.86486343528553,6.82,237.97,-20.14,55,2024-07,jd1O1YTDGt9OUYbqHhS06g
302,45.74018055298837,4.863781541062435,45.7401782982349,4.863665442826692,9.01,88.41,-15.5,45,2026-03,T7ZA9q9_8jc2_GHzvBw5jw
303,45.74247934311733,4.864793172418449,45.74250340810985,4.86486343528553,6.07,243.86,-22.37,55,2024-07,jd1O1YTDGt9OUYbqHhS06g
305,45.74115404305546,4.864228630992749,45.74120454002517,4.864190006702208,6.36,151.91,-21.44,55,2024-07,JnR0BB-Z4p6Xw4sLINYgNQ
311,45.742617429898594,4.864840392495634,45.74259055524657,4.864909709682312,6.15,299.05,-22.11,55,2024-07,oC2bFt69p6f1DPG0JX9rkg
312,45.744002656814274,4.865735432451444,45.74400111354773,4.865651176053043,6.54,88.5,-20.92,55,2024-07,YRMsRHUr83xZIwyoenWM0w
313,45.74392407380192,4.865702986388609,45.74391524100906,4.865607243052996,7.49,82.47,-18.45,45,2024-07,wz0pqDhWLxqUVUka1NYcHQ
314,45.73979637751022,4.863590589681959,45.73984113458746,4.863491487442934,9.16,122.91,-15.26,45,2026-03,Jm98UXr89rSTgAy_PScc6Q
315,45.74259839134835,4.86502381459141,45.74259055524657,4.864909709682312,8.9,84.38,-15.69,45,2024-07,oC2bFt69p6f1DPG0JX9rkg
320,45.7395515158444,4.863286257511181,45.73949986347694,4.863315363305283,6.17,338.53,-22.05,55,2026-03,O2NNdyHnNusNjnVg5Nyerw
323,45.7426303492029,4.864826185377478,45.74259055524657,4.864909709682312,7.85,304.32,-17.67,45,2024-07,oC2bFt69p6f1DPG0JX9rkg
326,45.744050184874624,4.865586915869503,45.74400111354773,4.865651176053043,7.39,317.58,-18.69,45,2024-07,YRMsRHUr83xZIwyoenWM0w
328,45.74493491355263,4.863407302518295,45.74487789391144,4.86338739960741,6.53,13.69,-20.96,55,2022-01,uzhKts0Kl72g-2zA6nzx4w
329,45.74517256935341,4.8629986893987125,45.74518294626618,4.862920223358638,6.2,100.73,-21.97,55,2022-01,mOXiZxWVbASHTNRHwa0WZA
334,45.74346587761889,4.869195958714137,45.74352810756908,4.869180516317637,7.02,170.18,-19.6,45,2022-01,uTzQdTvpXrBdbq13iXV8Iw
336,45.74428477771692,4.865983607738344,45.7443484366563,4.865949709846335,7.55,159.61,-18.32,45,2024-07,MrRsfeucscfeb-bvJVssQA
338,45.74310886828791,4.870014804455879,45.74310714659948,4.869871480191311,11.12,89.01,-12.67,35,2023-06,8xJfTY8KTFjJN6TMGd7pTQ
339,45.74349362931704,4.8695422799984565,45.74343299523264,4.869528879744599,6.82,8.77,-20.13,55,2022-01,cp89VwZofXC3vjbSOjN4TA
340,45.74367831929165,4.870114060428654,45.74367586697077,4.870236478155657,9.5,271.64,-14.74,45,2023-06,ToqOsh30E3tautBFX0ZI9w
343,45.743101819874,4.869984343587517,45.74310714659948,4.869871480191311,8.78,93.87,-15.9,45,2023-06,8xJfTY8KTFjJN6TMGd7pTQ
345,45.74405474694543,4.86682518652319,45.74410711907579,4.866919514593413,9.35,231.49,-14.96,45,2024-07,Gjejj0aPrHF-PjUnu2kKaw
350,45.74453930936068,4.8658457488071685,45.74456305029875,4.865939434436956,7.73,250.04,-17.91,45,2024-05,0F2Gsyv-J1yRnbUO4oxjKw
352,45.74469395432983,4.8659246716066695,45.74464530364542,4.865981606670523,6.98,320.76,-19.69,55,2024-05,qRsKxQ7dd3VuuKmZtE8s9w
353,45.745472877892105,4.866484868687997,45.74548547279453,4.866402824740445,6.52,102.41,-20.98,55,2023-03,egdBhzhelX9X_1YB4q9S-Q
356,45.74551028212914,4.866328994148774,45.74548547279453,4.866402824740445,6.36,295.71,-21.46,55,2023-03,egdBhzhelX9X_1YB4q9S-Q
359,45.74520387645133,4.866156765973519,45.74513691150926,4.866141723782401,7.54,8.91,-18.35,45,2024-05,fP42iUxzurlN3wC3E3geQQ
362,45.745241559038,4.866357905775077,45.74519862038008,4.86626316895297,8.77,57.0,-15.92,45,2023-03,poOpOfIw4_BAqhFvFB0q3Q
365,45.74740061677531,4.867493983036907,45.74739518736805,4.867446115886795,3.76,80.77,-33.6,55,2026-03,CAoSHENJQUJJaENXTzNQSWt2X0FmUXZ2cFdXRWR1Uko.
366,45.74504332269527,4.866259165077287,45.74510789580154,4.86624296721536,7.29,170.07,-18.93,45,2023-03,n5_nJY_4yLDwRX2MILNXgA
367,45.74442825566001,4.86579133564353,45.74444654775943,4.865879722031773,7.15,253.48,-19.26,45,2024-05,jTIIxF9Oab1MgS9Sko3NYg
370,45.69551680004828,4.872479034694084,45.69553677644648,4.872588449764947,8.78,255.35,-15.89,45,2026-03,tHtzpaIwBt0HS0mo67NQ5A
371,45.74099388653857,4.868904539570039,45.74093312334057,4.868940221774613,7.3,337.71,-18.9,45,2022-01,ofvp-XRsi4lCdfIoEPWbiQ
375,45.741255091231125,4.868359285195399,45.74123415833449,4.86844319619394,6.92,289.67,-19.88,55,2023-10,TbPLNPpKH3APE9bB9YsjuQ
376,45.74399981958732,4.870340323923995,45.74394705367776,4.870405110496627,7.73,319.41,-17.93,45,2023-06,mXCNNvn--aEzI-IG5og3cg
378,45.74211710024785,4.869240917298717,45.74216528828323,4.869197210801548,6.34,147.67,-21.52,55,2023-06,WhW2MOhOtewcBEwpSOpXRA
380,45.74210301254461,4.869230222660836,45.74216528828323,4.869197210801548,7.38,159.7,-18.71,45,2023-06,WhW2MOhOtewcBEwpSOpXRA
381,45.74297728816127,4.869677585051746,45.74294304051173,4.869760899108274,7.5,300.5,-18.43,45,2023-06,GDr7aarn0ciJBKKqk67Rcg
383,45.74212706185469,4.869352250683066,45.74216528828323,4.869197210801548,12.76,109.46,-11.09,35,2023-06,WhW2MOhOtewcBEwpSOpXRA
384,45.74146517622441,4.8689938615926165,45.74139134076881,4.868888148084802,11.61,44.98,-12.16,35,2022-02,GPv2hWmEceF0vHFVbNcynQ
385,45.74141174765328,4.868404927733216,45.7415168167566,4.868394844899865,11.71,176.17,-12.05,35,2023-03,Jwgohux_PhlNXGr25_546A
386,45.74281622627478,4.869571454330001,45.74278682146391,4.869655675293679,7.31,296.58,-18.89,45,2023-06,w9orLWh28ZN8kr0aKTPywQ
387,45.74145773873926,4.868443132490843,45.74148246233491,4.868532991045406,7.5,248.48,-18.45,45,2023-03,ZTTkfsA36LEjiBLHLYesoA
388,45.73985732537572,4.867417939198703,45.73989063392206,4.867307005185985,9.37,113.28,-14.94,45,2024-07,0c3G9ZGrMq_G-mdRZw6doQ
390,45.74102210765233,4.868169731797944,45.74100356186572,4.868255728084329,6.98,287.17,-19.69,55,2023-10,7lZp-Vcg37HptdNepxvCHA
391,45.74237043579826,4.869485931184381,45.74237999774742,4.869376747644199,8.54,97.15,-16.32,45,2023-06,6Yo97c8l9gXqYwpRT-E7yA
393,45.74221780686307,4.869430468955673,45.74225462633679,4.869271955361819,12.96,108.41,-10.91,35,2023-06,JrvWIX4o5vy9hXjLrbnQTw
394,45.742241279914886,4.869163919344585,45.74225462633679,4.869271955361819,8.51,259.96,-16.36,45,2023-06,JrvWIX4o5vy9hXjLrbnQTw
397,45.74259516376932,4.869431515274641,45.74253629928788,4.869486812789229,7.83,326.75,-17.71,45,2023-06,faNbxpWfCAbbiYN0GZiMyQ
398,45.74388317189306,4.870440096589048,45.74394705367776,4.870405110496627,7.6,159.08,-18.2,45,2023-06,mXCNNvn--aEzI-IG5og3cg
399,45.739839328250646,4.867373538093853,45.73989063392206,4.867307005185985,7.69,137.85,-18.0,45,2024-07,0c3G9ZGrMq_G-mdRZw6doQ
400,45.74402047496669,4.870285774685922,45.74408710094185,4.870332127277869,8.24,205.9,-16.89,45,2023-03,nOQUpRX3FhcJPisnKV7b1w
401,45.74087047265549,4.868962475830232,45.74093312334057,4.868940221774613,7.18,166.08,-19.2,45,2022-01,ofvp-XRsi4lCdfIoEPWbiQ
402,45.74210819880912,4.869210047321209,45.74216528828323,4.869197210801548,6.43,171.08,-21.26,55,2023-06,WhW2MOhOtewcBEwpSOpXRA
405,45.74387957272062,4.870250073419346,45.74385124909923,4.870346039574048,8.09,292.92,-17.18,45,2023-06,cOW9aMp8CxoA0EziLkN9HQ
406,45.74084554812732,4.869129805431551,45.74088667704046,4.869212610049051,7.89,234.56,-17.59,45,2022-01,RbtHkRwgXffCLWluAnNPfQ
408,45.73954516083551,4.86687887437404,45.7395052531592,4.866945189258155,6.8,310.77,-20.2,55,2024-07,cLDkGoWKFTfPIFK4kYdMLg
410,45.740862739371565,4.868816990184598,45.7408576812701,4.868721231155944,7.45,85.67,-18.54,45,2022-02,OhyYP8QbLeh7bQHjFjjiFQ
411,45.740781318271765,4.867971762172084,45.74076253263787,4.868059772787479,7.14,287.01,-19.29,45,2023-10,xINuXdu2yGGAznVjS3MdcA
412,45.7413447937552,4.868979401559215,45.74129959181423,4.868926215499564,6.5,39.39,-21.03,55,2022-02,PUJsqQQ_YSF_3VaQn-YP1w
413,45.74215427494785,4.869117515990535,45.74216528828323,4.869197210801548,6.3,258.8,-21.63,55,2023-06,WhW2MOhOtewcBEwpSOpXRA
414,45.73991090772773,4.867225233695448,45.73989063392206,4.867307005185985,6.73,289.56,-20.37,55,2024-07,0c3G9ZGrMq_G-mdRZw6doQ
415,45.74239193458816,4.869269083232844,45.74244871169198,4.86926205370185,6.34,175.06,-21.53,55,2023-03,-NsKwuCFqG7LO-yW3rzZUA
416,45.73947170401819,4.867032322040787,45.7395052531592,4.866945189258155,7.72,118.88,-17.94,45,2024-07,cLDkGoWKFTfPIFK4kYdMLg
417,45.69636103193567,4.87115561009626,45.69641118437873,4.871111142770904,6.56,148.23,-20.86,55,2026-03,DuL8CQv2eYlPLPrpotjg9A
420,45.69577080650224,4.872081008426983,45.69584222412084,4.872104315528968,8.14,192.84,-17.06,45,2026-03,NPR6SIjXn9Ib39mc4BqYPQ
421,45.69606045332148,4.871623611302854,45.69611483379413,4.871672295576368,7.13,212.02,-19.32,45,2026-03,ai3N7a4EfihG4jpySexRZA
422,45.69514087082193,4.87306677235337,45.69517427241117,4.873163078118083,8.35,243.59,-16.67,45,2026-03,87PflPB5lj3FCYG83CTydg
423,45.69498367722816,4.8732568892384585,45.69495689509079,4.87339112841215,10.84,285.94,-12.98,35,2026-03,Ya4V3NTkSwtkvpieXWE-yw
424,45.69628168463303,4.897137538169968,45.69622586505594,4.897120846996827,6.34,11.8,-21.52,55,2026-04,tN6klF6nzRU201CqW2Jgtg
425,45.69602418235215,4.897146372484742,45.69606166042725,4.897223170795475,7.28,235.06,-18.96,45,2026-04,gUfzJvBYIbCuH2KbhK5i0w
426,45.69614431095151,4.897536716882474,45.69618031839546,4.897452509467854,7.67,121.48,-18.06,45,2026-04,k0JG6UlV6Nc7knH0Cnef_w
427,45.69627280000213,4.897165253108637,45.69622586505594,4.897120846996827,6.26,33.46,-21.78,55,2026-04,tN6klF6nzRU201CqW2Jgtg
429,45.69600109002584,4.896959989196443,45.69605915381131,4.896960574521641,6.46,180.4,-21.17,55,2026-03,05qLyHnukVj-XeMYvfDZbA
430,45.696041773379925,4.897144721151988,45.69606166042725,4.897223170795475,6.48,250.05,-21.09,55,2026-04,gUfzJvBYIbCuH2KbhK5i0w
431,45.69714710113855,4.896163956797341,45.69710363649587,4.896051570829654,9.98,61.03,-14.07,45,2026-04,wK0gazz60LqzHXWy6aTNNg
434,45.69610407795504,4.897386989617416,45.69615122758,4.897327276651193,7.0,138.5,-19.65,55,2026-04,r0zWqRYHXJ_791MfMl_ZLg
435,45.69614239454321,4.896907668107207,45.69605915381131,4.896960574521641,10.13,336.06,-13.87,35,2026-03,05qLyHnukVj-XeMYvfDZbA
436,45.69621061216394,4.897386612104912,45.69618031839546,4.897452509467854,6.13,303.35,-22.2,55,2026-04,k0JG6UlV6Nc7knH0Cnef_w
437,45.69624681283893,4.897213188172684,45.69622586505594,4.897120846996827,7.54,72.01,-18.34,45,2026-04,tN6klF6nzRU201CqW2Jgtg
438,45.696050170171645,4.897141953172898,45.69609122705803,4.897083781086137,6.42,135.3,-21.27,55,2026-03,I3qz4Sh5liaGVF_IJ9gDIQ
440,45.69644845281248,4.896974814800148,45.69644028732301,4.896882016678233,7.26,82.82,-18.99,45,2026-04,EB351Nn2fNRGD7iGa8CnKA
441,45.69705709655294,4.896189622524422,45.69701743779303,4.896083424702684,9.35,61.87,-14.97,45,2026-04,Q0qt1gP-0ZdS_qefYZrzsg
443,45.69728910544156,4.895999808386423,45.69726156425168,4.895923460015086,6.67,62.68,-20.54,55,2026-04,TXYFr_gWZF9gRUbRq5rr1w
445,45.78917586869309,4.791096549345875,45.78923022634437,4.791056805193744,6.78,152.99,-20.23,55,2024-03,udK_VLrpXfJRh0ziKFUPFg
446,45.78918415459847,4.78990311746924,45.78924652921513,4.790014906569439,11.1,231.33,-12.69,35,2014-06,aUlp-Z_hdihRvLzRVtHEww
447,45.7906258065206,4.797091722393279,45.79063937284209,4.797182114947733,7.17,257.85,-19.22,45,2023-03,V1N7IfHJqjAZR-e11Kdnrw
448,45.79082571307258,4.796939086385471,45.79087406281805,4.796982968786106,6.36,212.33,-21.45,55,2023-03,A4DZdXdBOC2p_26LetRh2A
449,45.79068240340592,4.797036793341042,45.79071847927055,4.797115007099207,7.27,236.52,-18.97,45,2023-03,Tn5ZUlx1nOcVs1RDPPghQQ
451,45.79098858309465,4.8000937502184815,45.7909562447216,4.799997035180825,8.32,64.38,-16.73,45,2024-03,se9PYXALl4aOJZIqvadlbg
456,45.76749516179688,4.875898496081282,45.76745698467482,4.875822842865252,7.24,54.12,-19.04,45,2020-07,haWnZilwuYooT01hbMN8ZA
459,45.76754203116503,4.876275495440416,45.76760467716751,4.876325384256543,7.97,209.05,-17.42,45,2020-07,e3el4maIkhZDh0ifYlbEew
460,45.76750509392669,4.875896117007007,45.76757117255154,4.875868390146101,7.66,163.69,-18.08,45,2020-07,eJaWKdZ5asUahNpBf5PfTA
461,45.76763283557826,4.876226053671332,45.76759211826366,4.876154103917009,7.19,50.95,-19.18,45,2020-07,ysfMuYn_CHyth0lcEG81iQ
468,45.77557355154577,4.888333764503348,45.77558956868258,4.888248112426649,6.88,105.01,-19.98,55,2024-05,sKh6qFTj_wCMsAjDdfD1yg
469,45.77535452818599,4.888186787920386,45.77531497220814,4.888267372308642,7.64,305.14,-18.11,45,2024-05,OLLqGhH6n-qtL_ATYKYF3g
471,45.77553228279943,4.888166497740476,45.77549551758493,4.888255221952629,8.0,300.72,-17.35,45,2024-05,hm_1SpmBVcOs2m4AMZV4FA
473,45.77521085695663,4.889696797198105,45.7752588557635,4.889615582401114,8.26,130.28,-16.85,45,2024-05,x98vzwUzM7GfDf2B22Syyw
474,45.77570909824672,4.891228312773526,45.77576280233586,4.891191232164428,6.63,154.29,-20.67,55,2024-05,Jau1GPkqiW9kuFBL4VBciA
475,45.775467079922485,4.890486807825207,45.77553708541102,4.890479509123744,7.8,175.84,-17.76,45,2024-05,YmMblfJCN8pDpYZrkSj9_A
476,45.77496441671126,4.888943899471689,45.77502445764906,4.888887990193443,7.96,147.0,-17.43,45,2024-05,R1mS793wfhulmAm8ieaUVg
478,45.77472881997242,4.887942840069597,45.77478141617848,4.88805891832897,10.74,236.99,-13.11,35,2020-07,O-lRxrIm83hobafPrcDHdg
479,45.7755591794705,4.890769186839895,45.77561183907517,4.890711717844031,7.36,142.72,-18.76,45,2024-05,lkoEQHrNgr-_TH8hvF9OPQ
481,45.775387364874895,4.890238116090602,45.77544971825613,4.890208247359438,7.31,161.53,-18.88,45,2024-05,3-tQ1OuqUyzOq5ALPdeMpQ
482,45.77597049728058,4.89203090221976,45.77604370775573,4.892036486447864,8.15,183.05,-17.05,45,2024-05,VJSD4Jj6DdMFsutlBbfwUg
491,45.81924726642516,4.900191990768895,45.81930244400878,4.900232832104392,6.9,207.29,-19.91,55,2024-11,xnTdO0qSayCYe_SvbRY19A
493,45.81404419389816,4.882818104602392,45.81401699065443,4.882891195122535,6.42,298.1,-21.27,55,2024-05,a89MdgDwub3GSM9KeeUc6A
496,45.81462736336815,4.884249881085613,45.81456412600532,4.884280766849993,7.43,341.2,-18.6,45,2024-05,0lDmmZFbLR4EUp1wSe6Fog
498,45.81414920783952,4.883055650819336,45.81410499301894,4.883127766133459,7.44,311.34,-18.56,45,2024-05,XQ5jf7G61iXvVfrFmDuVlw
500,45.80208023931868,4.832593253248322,45.80209459435595,4.832516717410375,6.14,105.06,-22.14,55,2014-06,Z4kuWx5Yz-WpyC2-uBUVcg
503,45.80084584727613,4.832062256125354,45.80089420627404,4.832012165988206,6.63,144.17,-20.65,55,2022-03,aIe7gt9quOYqAR0Nu7cdWw
506,45.8172675564486,4.890899691934391,45.81722602122725,4.890980621803443,7.79,306.37,-17.8,45,2024-10,dUQK5SFKzJ5sD_42TwjvFA
507,45.74465806115696,4.9111656532557815,45.74470158095713,4.911118777638405,6.05,143.07,-22.44,55,2022-01,CUJmO2QMfM6qBZ6lCWqA-g
509,45.81149323641792,4.876986163955753,45.81142718688967,4.876955176631769,7.73,18.11,-17.93,45,2024-05,bD7aUmTyzhA1jsr44I5YDw
510,45.82390607895948,4.918929932334492,45.82382170284359,4.918959621922305,9.66,346.22,-14.51,45,2024-10,qnQT1G4JkQTKsDASVGWgYQ
513,45.815050482846736,4.885175265760632,45.81502870051974,4.885263776900375,7.27,289.45,-18.97,45,2024-05,wIjila5IxStDR0UGbzC0wg
514,45.81133657608837,4.876481732253144,45.81127032778748,4.876483635226417,7.37,358.85,-18.74,45,2024-05,xQVULMYjbdffEZyfC_L2Fw
516,45.81562018668016,4.886505004951023,45.81556549910707,4.886483946021816,6.3,15.02,-21.66,55,2024-05,ROKUs7WY89d_F3hIZG9yVQ
521,45.808904588724005,4.834092533659847,45.80896042453074,4.834086162074668,6.23,175.45,-21.87,55,2022-03,VjkwVGJ_5NhLrms-j0CGIg
525,45.810354513850726,4.874824798008705,45.81032369941638,4.874919313728732,8.09,295.07,-17.18,45,2024-05,hLEtR8KwlduLkx4c1sPz7g
526,45.81942410471678,4.901180230010099,45.81948045291987,4.901115318418187,8.04,141.24,-17.28,45,2024-11,vnmtd5tvinNpxP1fyLyv3w
530,45.8153258957592,4.885848735050717,45.81531805376127,4.885932023749612,6.51,277.69,-21.0,55,2024-05,UkWCfMutmAScJaGK786AJw
533,45.80870672504817,4.871861520224073,45.80866034817979,4.871939176356931,7.93,310.59,-17.51,45,2024-05,Fp6KNLyN9q6qrStgDLBIoA
535,45.81142481430836,4.876706130148572,45.81135933142622,4.876713906542602,7.31,355.27,-18.89,45,2024-05,I0dFnJyEiEPGSl_C5Dy5cg
537,45.81934636536912,4.900906491475673,45.81940131415168,4.900874010802839,6.61,157.61,-20.72,55,2024-11,dj_7paiNMavfPfniHMGQxQ
538,45.81050099524583,4.875278450638608,45.81052928193556,4.875165358456592,9.31,109.74,-15.03,45,2024-05,7OJAgDnDMeYcw1TW-ZMeiQ
539,45.81687976284783,4.8898559739393646,45.81693570285081,4.889851646874513,6.23,176.91,-21.87,55,2024-05,BB-ixvZquY1PDOtJMDHi0A
540,45.82328616711603,4.918889044974921,45.82336094576956,4.918899507864007,8.35,185.57,-16.66,45,2024-10,n-OqAGUXNmntgsUdvJhFLA
541,45.815426725227255,4.886049448946865,45.81536675720632,4.886040417476674,6.7,5.99,-20.45,55,2024-05,ehEIieoQ28kRznag41yFHA
548,45.80894467673832,4.833815361416369,45.80902571387099,4.83386660762643,9.85,203.79,-14.24,45,2023-05,HI2Wanxnm3PDtZhAFlC13g
550,45.809201093999896,4.873014970378717,45.8091390415015,4.873049760366607,7.41,338.65,-18.65,45,2024-05,khymfEkEAf7Z4VwDxrYt-Q
552,45.81438284975048,4.883681196857814,45.81432699889096,4.883708014223497,6.55,341.5,-20.89,55,2024-05,qv-x8tTnGg8b5e-Cqct03A
554,45.812416668411984,4.879943517345207,45.81241584919766,4.880022281942789,6.11,270.85,-22.27,55,2024-05,lPC5QTS4DkxqkbPd3P1aoQ
556,45.81241968063848,4.87990149226242,45.81236555751092,4.87991364965569,6.09,351.1,-22.31,55,2024-05,weHCkkdwgCMLT0YtURSOlQ
557,45.81478543661223,4.884572309077999,45.81472859644072,4.884600854433133,6.7,340.71,-20.47,55,2024-05,MS9bQobu3-P1d9SnsMSdlQ
559,45.82336445157132,4.905249070563864,45.82343682791063,4.905388074332428,13.45,233.23,-10.53,35,2008-05,_YYvNTiRDkrHCRRylijs1g
560,45.81158132382696,4.8774330707108575,45.8115264449962,4.87745537974666,6.34,344.18,-21.51,55,2024-05,KejPlzvPmceQFjJh5NU_Vw
561,45.81905937118779,4.899918507005797,45.81905479559226,4.899813660464548,8.14,86.42,-17.07,45,2024-11,vZmkNC5pMoKPOuV6Dn5FIg
562,45.80852587880173,4.871407041341863,45.80847763607766,4.871464572114197,6.98,320.26,-19.72,55,2024-05,zo8LmTFUcvderZU0-kocYQ
564,45.775730380367975,4.893119243052851,45.77567438850115,4.893102001093595,6.37,12.12,-21.43,55,2024-05,2gpcKGAnH8NgprvECNyv8g
566,45.77383352598314,4.893735104135038,45.77377975091731,4.893876197914556,12.47,298.65,-11.34,35,2024-05,fjHR2GHWLdHdaPcEy267Tw
567,45.77452472609541,4.893858481153171,45.77443569034143,4.893826707934289,10.2,13.98,-13.77,35,2020-11,j2fIQlRTG7ZliXGNJ5fj4A
569,45.77436915702378,4.893646885519924,45.77431275050747,4.893710943739594,8.0,321.62,-17.35,45,2020-11,c7XTyltjNyVzVyxY5R1eYA
575,45.77381865907605,4.893942864471101,45.77377975091731,4.893876197914556,6.74,50.08,-20.35,55,2024-05,fjHR2GHWLdHdaPcEy267Tw
577,45.77408971272536,4.893975701625602,45.7740635046673,4.893907096564984,6.07,61.29,-22.4,55,2024-05,5xADEGl66K2dezVcI1-8XA
578,45.77625095195756,4.892880064787713,45.77630607814079,4.892899669853449,6.32,193.93,-21.6,55,2019-08,OleHPPx9X-9JKaIK9Qw6XA
579,45.77380523356575,4.893999572440812,45.77377975091731,4.893876197914556,9.98,73.5,-14.06,45,2024-05,fjHR2GHWLdHdaPcEy267Tw
581,45.775038834664365,4.893593466266381,45.77498722545127,4.893630020590328,6.4,333.71,-21.33,55,2022-01,-MBuhW3a9HIbvJNF64bSPw
583,45.77445197883997,4.8939733663170255,45.77439089593812,4.893987370511066,6.88,350.91,-19.97,55,2024-05,9cBi1HCNhhYDG-CcUdqiOQ
585,45.77451683657993,4.893864206056267,45.77443569034143,4.893826707934289,9.48,17.86,-14.77,45,2020-11,j2fIQlRTG7ZliXGNJ5fj4A
586,45.77573663597609,4.893134215789111,45.77567438850115,4.893102001093595,7.36,19.85,-18.76,45,2024-05,2gpcKGAnH8NgprvECNyv8g
587,45.77620240053125,4.892865938683687,45.7762053166407,4.892775486772445,7.02,92.65,-19.6,45,2024-05,hZjpqDM36ruJJfy2XopUUA
596,45.81207240872441,4.838710437416918,45.8120718255697,4.838590901896581,9.26,89.6,-15.1,45,2023-05,8HilUu9yomKZlMDpimNIlw
601,45.77629944371076,4.892558825765493,45.7762160214385,4.892547316704593,9.32,5.5,-15.02,45,2024-05,3dSabfiQM_dasePclExdXA
603,45.77624996174991,4.892444662289383,45.7762160214385,4.892547316704593,8.81,295.36,-15.84,45,2024-05,3dSabfiQM_dasePclExdXA
604,45.77616656998017,4.8926368523753,45.7762160214385,4.892547316704593,8.86,128.38,-15.76,45,2024-05,3dSabfiQM_dasePclExdXA
605,45.77616960662971,4.892648823633269,45.7762160214385,4.892547316704593,9.41,123.25,-14.87,45,2024-05,3dSabfiQM_dasePclExdXA
607,45.77614236517967,4.8925651671168815,45.7762160214385,4.892547316704593,8.31,170.41,-16.75,45,2024-05,3dSabfiQM_dasePclExdXA
608,45.775452309303056,4.890013006204603,45.77541239908058,4.890092482980114,7.6,305.75,-18.22,45,2024-05,z8-JvYsQqQnVNnsFjZkN8w
613,45.75461535997533,4.835154472175842,45.75464233659716,4.835068576957831,7.31,114.23,-18.89,45,2024-06,LRdqQQPnGiLemkyLLqu-kQ
617,45.81124259523174,4.838546730838733,45.81125390877191,4.838410886433766,10.6,96.81,-13.27,35,2008-05,S-iCt485yofn6zskV0Tr8g
619,45.8101782509989,4.838167045944069,45.81015068469281,4.838075811245733,7.71,66.56,-17.97,45,2023-05,QnlU-AV-wrk8d6alrwwItw
622,45.80821124678627,4.837168322188671,45.80814885867953,4.837121953443423,7.81,27.39,-17.74,45,2020-08,Q94htDMFa23LfwfKYkPKJQ
623,45.810185083829225,4.838169469690101,45.81023508521322,4.838106174179012,7.41,138.58,-18.63,45,2023-05,o3SkzAmOnWy3uY8JpeiYtQ
625,45.73927311410298,4.935626286153839,45.73921533244449,4.935644684218914,6.58,347.47,-20.8,55,2024-10,0oi4c56hXU8DCGHEGRudwQ
626,45.73920887845657,4.935514341117512,45.73913914508478,4.935585203117599,9.51,324.65,-14.73,45,2024-10,kLtfmmIbbOHso4S5R00DJg
628,45.73713434796242,4.934466126115224,45.73720654759271,4.934379788714974,10.46,140.15,-13.45,35,2020-07,m9VGNCiEe7NKiZInCrEJjw
629,45.73834674760765,4.935012752322112,45.73829237240062,4.934928116339695,8.93,47.37,-15.64,45,2020-07,NUvBubCjfBt_056uRh_BkA
634,45.73367137772311,4.931599349065625,45.73356272972346,4.931577621383182,12.2,7.95,-11.58,35,2026-04,zNvDVQS0tZRcUzEvMtDe4g
635,45.73521729729191,4.933040397893052,45.7352287803456,4.932955182594307,6.74,100.93,-20.36,55,2023-01,qJtCTiyuX1nj7ovuYqlmfg
637,45.76010575017789,4.83647727911772,45.7602049168647,4.836420239034444,11.88,158.13,-11.88,35,2024-05,Z_5INQpI_sZTL1cm5uY8Sw
638,45.76014098413318,4.836767894001324,45.760115729204,4.836697120552198,6.17,62.91,-22.07,55,2019-10,CAoSF0NJSE0wb2dLRUlDQWdJQ00wTWI4M0FF
639,45.7601296219017,4.836660739506413,45.76020037690305,4.836681818983399,8.04,191.74,-17.28,45,2024-05,wuFSlxEnL5r5DC3LvZQ8Vg
640,45.760083231241126,4.837125342704182,45.76019384406236,4.83708131911097,12.76,164.48,-11.08,35,2024-05,xaFrEnv5XLWij3Q_OKw6ew
642,45.73568299319528,4.933409263937706,45.7357345980487,4.933327931244602,8.53,132.27,-16.33,45,2020-07,cP0yGkttfTUCTyCHbR-QFg
643,45.74001829946629,4.936142436710324,45.74001491515791,4.936258982524567,9.05,272.38,-15.44,45,2024-10,rkUBiNJf8Tx5235KEXEFcA
646,45.758545579397776,4.833286783443972,45.75850110800972,4.833212455288924,7.6,49.38,-18.22,45,2024-06,ko4KTfgmGtyQYr6N9G950Q
649,45.759443718257536,4.833258861634749,45.75949876044976,4.833213279869977,7.07,149.98,-19.48,45,2023-03,srUUeODhJYrUgqRP1wj2qw
651,45.75857194365281,4.8331730286978125,45.75862338778028,4.833234369283001,7.44,219.76,-18.57,45,2024-06,Oo-PVFw0xjEWn9ZOfuFaUA
661,45.73545609639713,4.933246171697181,45.73548154668897,4.933139809351779,8.73,108.92,-15.99,45,2020-07,UC3slq_KijsAuuBwnm03xg
662,45.73123912852494,4.930139334328548,45.73120365014664,4.93030025345228,13.1,287.53,-10.81,35,2026-04,GhKzOmOFf-UrHMZMQIjYzA
666,45.75961233219643,4.832681276592192,45.75958033625626,4.832612075013931,6.44,56.47,-21.22,55,2023-03,Xx_fwbiFZ_l4l2AomPp_BA
671,45.7385288827871,4.935117520828012,45.73854408005198,4.935246711342423,10.17,260.43,-13.81,35,2024-10,bPjb1po3V2c5J6gh_fnwwg
672,45.75886279975391,4.834007790603365,45.75883230292859,4.83393463877289,6.61,59.14,-20.71,55,2024-05,OqL4gRP7On5BkkBVlvgNRA
673,45.75889336662908,4.833855278288104,45.75892886720931,4.833942546836738,7.84,239.75,-17.69,45,2024-05,ZtL8xMLl0J2m5aoFzwCLRw
675,45.665030545030895,4.862679551329016,45.6649358677227,4.862659069816342,10.65,8.6,-13.21,35,2026-04,jCj33P-N_j5VfEfMenVTKA
676,45.733467208040445,4.932284238004947,45.73349629683456,4.932153790248744,10.63,107.72,-13.24,35,2023-01,Syz4ROr0WRjz5u82tlOg9w
678,45.73266331823893,4.931666722479676,45.73275447590756,4.931715761223138,10.83,200.58,-13.0,35,2023-01,yVg6ZPwjW4lgHGIcOSYeOA
680,45.74998068685546,4.933914506091928,45.74995497345928,4.933986872190041,6.3,296.99,-21.64,55,2024-05,rXyccQxiPYzUGcHUeLq5tw
681,45.74996042470989,4.934099630017272,45.74995497345928,4.933986872190041,8.77,86.04,-15.91,45,2024-05,rXyccQxiPYzUGcHUeLq5tw
684,45.738536277032246,4.935077179254733,45.73854391347979,4.934946730462971,10.16,94.79,-13.82,35,2024-10,SY7GxYlUgOuP7ATZNuR7WQ
686,45.73898755028264,4.935152544303146,45.7389196303255,4.93523912246265,10.11,318.34,-13.89,35,2024-10,5PMA4gdbahlWRUI4ZZ23Ig
690,45.729756285331504,4.929039039876687,45.72976021245998,4.929143535705815,8.12,266.92,-17.11,45,2024-10,cm5k_7YWBtrF6OjkJiBWUg
691,45.73862046962429,4.935036819933286,45.73863274931519,4.934951501623746,6.76,101.65,-20.29,55,2024-10,cIwQliFtvTlgzE_64AKYvQ
692,45.7272750332651,4.9281806999617,45.72727303846683,4.928037299871726,11.13,88.86,-12.66,35,2026-04,9qvrSA9llN9yAOf6jxRDpA
693,45.74134834589806,4.936630531868027,45.74130979015755,4.936710901273153,7.57,304.5,-18.28,45,2024-10,7UgzNpLvI-iebTyyI4Actw
694,45.73810978424165,4.935657519950783,45.73814732714092,4.935495498691532,13.25,108.37,-10.69,35,2023-01,ii1gKp4n97h9jQe-A1wzFw
696,45.74368604889777,4.937103483879601,45.74366175068771,4.937185413625805,6.91,293.02,-19.9,55,2024-05,u9COuGxiMuf4QkrXY-OPSw
698,45.73701325561807,4.934386066168615,45.73701190528513,4.934530276691558,11.19,270.77,-12.59,35,2024-10,YX891m1gDZTu9oG_EVcx8g
699,45.72720892639264,4.927080137521361,45.72721009429961,4.927201940396063,9.46,269.21,-14.81,45,2024-10,BksBIkXPtX5hFLBof7HkUQ
700,45.74711809190825,4.843879681150175,45.74704658655347,4.84387130232247,7.98,4.67,-17.4,45,2024-06,Xve8G-IrjCRsVoY0lOQ_fg
701,45.749400352540256,4.83759769321279,45.74946479381055,4.837679008567643,9.55,221.36,-14.67,45,2024-05,xB7v8UbInonXvamdnnPTHA
702,45.74775837663727,4.84177344631959,45.74774705788549,4.841658417645658,9.01,81.97,-15.5,45,2023-03,gJkatyD805MuXwWslJHzsw
704,45.7495351585865,4.837714865823674,45.74946479381055,4.837679008567643,8.3,19.57,-16.75,45,2024-05,xB7v8UbInonXvamdnnPTHA
705,45.74782393838176,4.841617924370316,45.74774705788549,4.841658417645658,9.11,339.82,-15.35,45,2023-03,gJkatyD805MuXwWslJHzsw
706,45.74759225784502,4.8426895676107335,45.74751438309484,4.842649514190708,9.2,19.74,-15.2,45,2024-06,jDbVq8DP-AIJuShX_XfPzw
707,45.7474364334614,4.842624698321119,45.74751438309484,4.842649514190708,8.88,192.53,-15.73,45,2024-06,jDbVq8DP-AIJuShX_XfPzw
708,45.74813152771084,4.841278506803189,45.74808492617567,4.841194722928186,8.31,51.44,-16.74,45,2024-05,FpNV4v_0ZjDLdLNch4cp2Q
709,45.74688110095746,4.844445097109047,45.74682130658293,4.844444579535892,6.65,0.35,-20.61,55,2024-06,9vbWSmWckd8wcN1-MeizWw
711,45.74919037239464,4.838632594625601,45.74911377483039,4.838576985466695,9.55,26.87,-14.67,45,2024-05,5IF_ZBFftkUs2OY-auh99A
712,45.738409022818445,4.862908954026653,45.73846215799308,4.862884011771054,6.22,161.86,-21.91,55,2026-03,hZqAEsg7D-rqQMjBjrPidw
714,45.74752543922828,4.842372166204991,45.74760515660968,4.842417188099449,9.53,201.51,-14.7,45,2024-06,ooKYPIbQF-TuirMeAs1OVg
715,45.74802009522537,4.841589056398776,45.74796232797294,4.841504472339612,9.18,45.62,-15.23,45,2024-06,bZTKCKItiOtjyi6pDyobIg
716,45.749261500488345,4.838528320542356,45.74925503388594,4.83845115761339,6.03,83.15,-22.52,55,2024-05,qttpYqXRyHaoVoYYHlsRDQ
718,45.8033746863957,4.774633230432936,45.80331696492158,4.774734150104961,10.12,309.37,-13.88,35,2024-03,ti3LzEIpsI8jz14BFfAt3w
719,45.80325732286597,4.774669899683678,45.80331696492158,4.774734150104961,8.29,216.91,-16.77,45,2024-03,ti3LzEIpsI8jz14BFfAt3w
722,45.80337307907567,4.774625525623319,45.80331696492158,4.774734150104961,10.48,306.54,-13.42,35,2024-03,ti3LzEIpsI8jz14BFfAt3w
724,45.8032553715819,4.774660017532658,45.80327880523923,4.774563978426317,7.89,109.29,-17.59,45,2024-03,V8XsaZsYvMEYhAmfd6_iOA
725,45.80311748210112,4.773943622400782,45.80316325228306,4.774018338128561,7.71,228.69,-17.97,45,2024-03,PGmkTjCsLyhX2EtkgQevQw
726,45.74506503860939,4.937368280143155,45.74504716813097,4.937220847070467,11.61,80.15,-12.15,35,2024-10,QYCd-NC5Odwa9mt_JRfnaw
728,45.83650804211349,4.822806678155168,45.8364563787655,4.822858080120144,6.99,325.27,-19.68,55,2023-06,napLtU-JzP2BfLIy5B2CWw
735,45.83682969320968,4.8248586111361895,45.83679924212668,4.824947214163521,7.65,296.26,-18.09,45,2023-06,nVtrdCQbsTNOnL3XHaEznQ
739,45.7592216847315,4.826687515846465,45.75916879323072,4.826711049002539,6.16,342.75,-22.1,55,2022-02,icuELqo5OH5W0O-jTsdeHQ
740,45.83651669075173,4.822866606503962,45.8364563787655,4.822858080120144,6.74,5.63,-20.35,55,2023-06,napLtU-JzP2BfLIy5B2CWw
741,45.72845291278698,4.911710948401582,45.72848543011008,4.911641692046424,6.48,123.93,-21.1,55,2014-07,0dAFOLsN2emRpc2YWdU21w
743,45.726358388752175,4.899716876882409,45.7263607146422,4.899632660569461,6.54,92.27,-20.91,55,2026-03,2pxYqLo5-Bug829dMkyzNg
749,45.73668662030761,4.922442659084169,45.73671535319673,4.922531248125216,7.58,245.08,-18.25,45,2026-04,uoDbWyKytawObRwkLtBg3Q
750,45.74508443287237,4.9246952156723385,45.74510368944766,4.924771353323771,6.28,250.08,-21.69,55,2018-04,NTblOq8x_7qLQY6lJ0RDSg
751,45.74518691865898,4.924643867434744,45.74518428926873,4.924730406572547,6.72,272.49,-20.4,55,2018-04,tRBuNv_TouaVM4-K1dBJcQ
756,45.83654861525549,4.824073046743881,45.83651873490579,4.824142115165366,6.3,301.84,-21.65,55,2023-06,0XJvJgEjj3JJotplg79PgA
759,45.73845158831372,4.924630685311567,45.73852124811245,4.924665300892705,8.2,199.13,-16.96,45,2024-05,TJS_wv2qkKc8gZDsG1x2_A
760,45.73846046757581,4.924662695402083,45.73852124811245,4.924665300892705,6.76,181.71,-20.29,55,2024-05,TJS_wv2qkKc8gZDsG1x2_A
761,45.74616826674372,4.910805617761569,45.74621014796902,4.910731592466114,7.39,129.03,-18.68,45,2022-01,LuTCqHccvz6VP7OEttA3jw
762,45.83682179813543,4.82485408365998,45.83675873569413,4.824828480428934,7.29,15.79,-18.94,45,2023-06,_kYpuP-3BvQ4ca-Y2U6PSQ
763,45.836540997624255,4.8240694139990605,45.83651873490579,4.824142115165366,6.15,293.73,-22.11,55,2023-06,0XJvJgEjj3JJotplg79PgA
770,45.74631478767154,4.924470525195635,45.74637673764786,4.924485669494294,6.99,189.68,-19.68,55,2026-06,YnwlxKYibcZ6SQGOgQ9rtQ
771,45.83651334490122,4.822776658796269,45.8364563787655,4.822858080120144,8.94,315.12,-15.62,45,2023-06,napLtU-JzP2BfLIy5B2CWw
773,45.83634563812203,4.823779615645621,45.83640411546752,4.823789225910059,6.54,186.53,-20.91,55,2023-06,QDhY_6gL6SXWKHdNSqzReg
774,45.74988876773171,4.912125370197362,45.74994279038257,4.912122250659563,6.01,177.69,-22.58,55,2024-05,h7x59cDU4LNkRV8leJZJWQ
775,45.74982844590249,4.912294326187567,45.74988770435595,4.912375558213639,9.12,223.73,-15.33,45,2024-05,cZBmJWJQe1HgaYIGNrV3mA
779,45.74718448629935,4.911736767594773,45.74723139396885,4.911668518083497,7.43,134.56,-18.59,45,2026-03,KdCwauRc78rZU5aCN1uLXA
780,45.72540241297614,4.898928304333283,45.72542123495954,4.898836572552495,7.42,106.38,-18.62,45,2026-03,s9QPWtuWcvp_oEb920qOow
782,45.72529406421377,4.898838601831717,45.72534233043212,4.898769658247708,7.58,135.08,-18.25,45,2026-03,iF9o1deKZO4A_xkreJukUw
789,45.83634001766572,4.823761305716482,45.83640411546752,4.823789225910059,7.45,196.88,-18.55,45,2023-06,QDhY_6gL6SXWKHdNSqzReg
793,45.73562200465474,4.922543463106157,45.73567695982231,4.922572188752494,6.5,200.04,-21.02,55,2026-04,og5-ZDIVm4fmGATiEHttqg
794,45.73377249607021,4.911427685188015,45.73370971750997,4.911416967757246,7.03,6.8,-19.58,45,2022-01,rF56x-OWy2PN_xrdezEfiw
796,45.74757390949462,4.914986435793958,45.74758530175826,4.914906496079623,6.33,101.54,-21.55,55,2024-05,gjF01weOYdhfYplOmY2C2g
798,45.72677616711437,4.923414141667672,45.72672217665849,4.923475900139774,7.68,321.39,-18.03,45,2023-01,0uH3MIa1WylvEFWYGjxPEg
800,45.74822655073146,4.914742358096302,45.7481966163171,4.914651596933526,7.79,64.7,-17.79,45,2024-05,iBlxvQ2hp_Rq9lYhlrzogg
802,45.73627652812967,4.919866973535237,45.73624524264178,4.91994073774959,6.7,301.29,-20.47,55,2026-04,Uo7surfMwOkmBhQDJObXZw
804,45.74679793529182,4.915480206138064,45.7467360615998,4.915423627499929,8.16,32.54,-17.03,45,2024-05,cXBDTpScqemHz4GlUMRmdQ
807,45.74711625704622,4.915243420819211,45.74707738205912,4.915187042662144,6.15,45.34,-22.12,55,2024-05,y6WX8D-fKSBe7GsNhpHX-A
812,45.74019085160907,4.929909569555695,45.74023133269915,4.929961168576726,6.02,221.66,-22.54,55,2024-10,FHMUt_w26Ee3pbOGW0cegA
814,45.746587743705625,4.918059296401786,45.74656877882471,4.917957538684068,8.17,75.05,-17.01,45,2026-06,a72bCCntjOm8wu7x5wYgzA
821,45.74458174980268,4.911849977489432,45.74461408592809,4.911914221588543,6.15,234.2,-22.13,55,2022-01,IBGSL-5ToLtdHajWPyD8JQ
823,45.74693783588637,4.917886230149261,45.74691575097014,4.917798581590866,7.23,70.15,-19.07,45,2022-01,ZNs8IJ276Hmbd-HN89kK-Q
824,45.74718807198947,4.917803164157222,45.74718535178361,4.917703269895449,7.76,87.77,-17.86,45,2022-01,zI-mrs-R1Bctiqkl4-Jr8g
825,45.74519831335759,4.911002907773514,45.74521621366937,4.911079241487223,6.25,251.43,-21.81,55,2022-01,yMU5nbRmTQuMd_jV2We-pg
826,45.74052303277368,4.925735071669337,45.74061093757692,4.92575084951021,9.85,187.14,-14.24,45,2022-01,KhKnHAgQhhNf-rBaqtVv6Q
832,45.726321553897016,4.923039438089819,45.72629782195596,4.923117098400513,6.58,293.64,-20.8,55,2022-02,De9qXZzE80p9Nl-YVxrByg
833,45.74292347696608,4.931311043640977,45.74295690300114,4.931228969872143,7.37,120.27,-18.73,45,2024-10,SXHS2ofz_jbJFL2b-PAVzA
834,45.743962951276096,4.925110690191418,45.74398822967016,4.925031057598602,6.79,114.46,-20.22,55,2018-04,2MLd0B5Uj7jza3luiiJqZg
837,45.74658575401854,4.924955135899668,45.74649587886984,4.924981682316098,10.2,348.35,-13.77,35,2026-06,r6tjOOR3kUKb2Gxdl1V9UA
840,45.74071768235351,4.920360706074072,45.74070460971149,4.920256470391143,8.22,79.81,-16.92,45,2024-05,yoNMI0djYuNn0msuULC3RA
841,45.727948651880816,4.912175773817209,45.72792391162603,4.912051833608828,10.01,74.04,-14.03,35,2020-07,GNMljt8F3ez9ukLkbPMmzg
842,45.73600635404496,4.91872697196038,45.73598157943117,4.918808208854031,6.88,293.6,-19.97,55,2026-04,H5g11WRwIDy7s7f_y61AWA
843,45.73380712907824,4.917447306751246,45.73383796778714,4.917378179860653,6.37,122.58,-21.44,55,2022-01,R4RF7zq6Xcq3yXOEngj3-A
844,45.746364580032335,4.91157270121711,45.74638212762414,4.91149685481006,6.2,108.34,-21.96,55,2026-03,szTtWVU06vSD320CMjU9NQ
847,45.74319496362126,4.9315816521433735,45.74326184651866,4.93151861864245,8.9,146.67,-15.69,45,2024-05,LsEg3mXVz9sjEyGIAOSsDg
849,45.7258617464548,4.899308115854478,45.72588743697838,4.899230932343253,6.64,115.49,-20.64,55,2026-03,kUQe2cex-2jrqD3HY7-x8Q
853,45.740267768507465,4.932565745820314,45.74031938682,4.932610034341994,6.69,210.91,-20.49,55,2024-10,uKzKjDSPHLWvvILmBbOCxA
854,45.74020303379375,4.920554885645619,45.74025855426517,4.920605892806095,7.33,212.67,-18.82,45,2024-10,zxjhhA8nBe7-JNCUwXnezQ
855,45.74902122396942,4.91148761619892,45.74904812984477,4.91155541444946,6.05,240.37,-22.45,55,2022-01,mL40N0_fcBniGqFzvapDug
861,45.74022201227279,4.931009839073691,45.74027627784101,4.930997354754897,6.11,170.88,-22.25,55,2024-10,YsPpbFORP-YinylikpDVeQ
864,45.73953094121494,4.9168994266505015,45.73953609094829,4.917006045132407,8.29,266.04,-16.77,45,2024-05,s5fLwsPtlJN0LNNAGp8SJw
865,45.733723534110624,4.906621499813749,45.73366661076061,4.906648439011274,6.67,341.72,-20.56,55,2024-05,aEjh82pBPy9xWLe9Jxy8jQ
866,45.74743961974163,4.917727406400918,45.74745422894575,4.917618077858439,8.64,100.84,-16.14,45,2022-01,i9ZsYZsB0vj3aZQVNtbK_A
867,45.747424547173125,4.917727096582772,45.74735915670294,4.917769746854948,7.99,335.53,-17.38,45,2022-01,SpVwiRRCkjf5CJcxQz5axQ
868,45.74741426974244,4.917743126849754,45.74735915670294,4.917769746854948,6.47,341.37,-21.14,55,2022-01,SpVwiRRCkjf5CJcxQz5axQ
874,45.73621259725593,4.919599556908583,45.73615821320941,4.919557334329554,6.88,28.45,-19.98,55,2026-04,OVrT-jwS6d_lwXhh7rMOSA
876,45.74629651489112,4.915799802639779,45.74631490257652,4.915715563910584,6.85,107.37,-20.05,55,2024-05,GAKLhFb-hwAAoLLYl1_dHw
877,45.7489970104496,4.83819954817827,45.7489457399439,4.838236181061181,6.37,333.5,-21.43,55,2024-05,RqBtx5zNK0WTw7ldZFUiRg
878,45.74765944957266,4.842522524626897,45.74760515660968,4.842417188099449,10.16,53.55,-13.82,35,2024-06,ooKYPIbQF-TuirMeAs1OVg
879,45.73699726063873,4.867320435583025,45.73702735724869,4.867407483569831,7.54,243.65,-18.35,45,2026-03,oXYXkK8fFyraOzHiMr9Qsg
880,45.74163674587554,4.8527423297245305,45.74169054335184,4.852837891908549,9.53,231.11,-14.7,45,2024-07,6pcZY7oTepZU83j_2F1OtQ
881,45.74686466472985,4.836406165968145,45.74691871634165,4.836470268492223,7.8,219.61,-17.77,45,2024-05,JgXJBMvV4f63Di6UENLIPQ
882,45.73839562240671,4.862930905718028,45.73842072655027,4.863021829109873,7.59,248.42,-18.23,45,2026-03,PyjMcComE4m6XoLPIOWeSg
883,45.74896394274905,4.838368569648255,45.74903226899021,4.838295841174857,9.46,143.4,-14.8,45,2024-05,urO6vHfu3_GuneNm1n_Ifg
885,45.74649419786994,4.837534256018946,45.74654803254118,4.837624779078508,9.23,229.56,-15.16,45,2024-07,govc_1f_TBIegYPXawjzIw
887,45.74781953780042,4.841629132360136,45.74774705788549,4.841658417645658,8.37,344.25,-16.62,45,2023-03,gJkatyD805MuXwWslJHzsw
888,45.74951000458682,4.837318706917694,45.74945649462811,4.837381869356435,7.71,320.52,-17.97,45,2024-05,QvExpB_OXt0_ND9PxUVqLg
889,45.74878416445964,4.840071962837922,45.74884164350657,4.840012950356413,7.86,144.38,-17.64,45,2024-05,81XnvDALxNttC7yv_UIlPw
892,45.74082691226658,4.855295544482765,45.74088639165198,4.855351200809469,7.9,213.15,-17.56,45,2024-07,L_JPHK2CHOHgz0atNXP32A
893,45.737478912096215,4.865703259052172,45.73753333175679,4.865808447313449,10.16,233.45,-13.82,35,2026-03,JF9oQ7zPaIyG3_vaXqv84A
897,45.76056833411151,4.819995230867828,45.7606366754714,4.82000849476054,7.67,187.71,-18.06,45,2024-05,oiGuisfihMEZOG0F7O896Q
906,45.76049610292436,4.820332813476587,45.76055068268446,4.8204134357155,8.71,225.86,-16.01,45,2024-05,tm1L_R6nCXZR6pWZJSIYLQ
908,45.76076765057148,4.819941785441509,45.76070685215797,4.819934087765067,6.79,5.05,-20.22,55,2024-05,Vbx4xWN9skttL5_uBigfeQ
910,45.76107987512143,4.821017131433816,45.76112319726615,4.820951096473591,7.03,133.24,-19.57,45,2024-05,s-8y5lqB-bCoYKSwMnLBHw
911,45.761531484625735,4.82127580016275,45.76154481251196,4.82120006127817,6.06,104.16,-22.42,55,2024-05,Ad8UR4NNm6p3baf8PlCgmw
913,45.76080114888731,4.820472278141157,45.76087061937869,4.820421428460484,8.67,152.95,-16.08,45,2024-05,6RxmD6k4Dj6X8OERLvd5lg
914,45.760746001888464,4.820000276412228,45.76075489095805,4.820077126253166,6.04,260.59,-22.47,55,2024-05,14JkmCauA8fScmrucjc0DQ
915,45.76161397425934,4.821143608704211,45.76163552747751,4.821228217081843,6.99,249.94,-19.69,55,2024-05,FRZdqpMbNFEm7FnkNjJs_w
916,45.76183477131103,4.821204778509259,45.76182175565879,4.821285911643588,6.46,282.95,-21.16,55,2024-05,xeHhmL0n82K-JVye_gDL0Q
919,45.761445006635455,4.82108503783836,45.76145552332245,4.82117247353476,6.88,260.22,-19.96,55,2024-05,Jc24LVKeff_VOM8OFcFOPw
920,45.76197423175226,4.821831002653923,45.76204110610703,4.821823260497864,7.46,175.38,-18.53,45,2024-05,jh1muPeHln7fuMX4yQBXtw
922,45.76200304823538,4.821614875329783,45.76205507274808,4.821687972361139,8.1,224.43,-17.15,45,2024-05,j51Lbf-XVOMNW4R2S48iZg
923,45.76208256365618,4.821328536089999,45.76201534912296,4.82134599537058,7.6,349.73,-18.22,45,2024-05,_VscgVleLRFa0BbywssGiQ
924,45.74928198408934,4.838361438824057,45.74925503388594,4.83845115761339,7.58,293.29,-18.26,45,2024-05,qttpYqXRyHaoVoYYHlsRDQ
927,45.74814382327033,4.841295906011876,45.74808492617567,4.841194722928186,10.22,50.17,-13.74,35,2024-05,FpNV4v_0ZjDLdLNch4cp2Q
928,45.74803374389521,4.841167390099535,45.74808492617567,4.841194722928186,6.07,200.44,-22.37,55,2024-05,FpNV4v_0ZjDLdLNch4cp2Q
929,45.74931997128481,4.838300931216178,45.74927049228388,4.838183405873096,10.65,58.9,-13.21,35,2024-05,4jXF2AbVJgVv7-_dSNCeGg
930,45.74800519962752,4.841140458672464,45.74808492617567,4.841194722928186,9.81,205.41,-14.29,45,2024-05,FpNV4v_0ZjDLdLNch4cp2Q
931,45.749438427572215,4.83749474840529,45.74945649462811,4.837381869356435,8.99,102.92,-15.55,45,2024-05,QvExpB_OXt0_ND9PxUVqLg
932,45.74938864489873,4.837639717617083,45.74946479381055,4.837679008567643,9.0,199.8,-15.52,45,2024-05,xB7v8UbInonXvamdnnPTHA
933,45.74754168027859,4.842817065780052,45.7474699216034,4.842763501724546,9.0,27.51,-15.53,45,2024-06,3gf5M-xk7mz05i4WfChVDg
934,45.74919160656057,4.838620999321569,45.74911377483039,4.838576985466695,9.3,21.53,-15.04,45,2024-05,5IF_ZBFftkUs2OY-auh99A
935,45.74958328504685,4.837179325020545,45.74962280230606,4.837273699042623,8.54,239.03,-16.32,45,2024-10,LCXXwUgPFW-pnsW3bX_Wbw
936,45.74777649340497,4.841820463719289,45.74781017409907,4.84189104609119,6.63,235.63,-20.65,55,2024-06,vUsBwJq7VqeLttZxt90NQg
937,45.74769599483544,4.842418840053608,45.74760515660968,4.842417188099449,10.1,0.73,-13.9,35,2024-06,ooKYPIbQF-TuirMeAs1OVg
938,45.74906675421407,4.838401353258663,45.74911921607326,4.838355899770203,6.82,148.84,-20.14,55,2024-05,kmVIch14ywOTOFfO2srjog
940,45.7486413145212,4.840029243163036,45.74854609076186,4.840014435515298,10.65,6.19,-13.21,35,2024-05,vntuNiyJg68WFGMo76JYoQ
941,45.74802449580141,4.841577848366204,45.74796232797294,4.841504472339612,8.96,39.48,-15.6,45,2024-06,bZTKCKItiOtjyi6pDyobIg
943,45.74958186620702,4.837151091187996,45.74966458658461,4.837168093654181,9.29,188.16,-15.06,45,2024-10,oad1C1Yl9uzbkYYJg2pwMA
944,45.74851060971775,4.839907294874739,45.74854609076186,4.840014435515298,9.2,244.61,-15.2,45,2024-05,vntuNiyJg68WFGMo76JYoQ
945,45.74953113425627,4.837743132899711,45.74946479381055,4.837679008567643,8.9,34.0,-15.69,45,2024-05,xB7v8UbInonXvamdnnPTHA
946,45.74937514712896,4.8381270407214165,45.74931160238095,4.838076622861305,8.08,28.97,-17.2,45,2024-05,C7rvZg7eKRwr5YJytHwCdw
947,45.74853329236589,4.83978656039868,45.74860780368403,4.839855743077188,9.87,212.94,-14.21,45,2024-05,GTGmV-RpGPVK8Zyz9DqfOg
948,45.74876345578638,4.839715412620828,45.74869709656306,4.839624064028806,10.23,43.85,-13.73,35,2024-05,8CVBBV5rLTugIDKu_bOMNQ
949,45.74766389599549,4.842511353623977,45.74760515660968,4.842417188099449,9.8,48.21,-14.31,45,2024-06,ooKYPIbQF-TuirMeAs1OVg
950,45.74711368114253,4.84389088085062,45.74704658655347,4.84387130232247,7.61,11.51,-18.18,45,2024-06,Xve8G-IrjCRsVoY0lOQ_fg
951,45.7487859186954,4.839657000814544,45.74869709656306,4.839624064028806,10.2,14.51,-13.77,35,2024-05,8CVBBV5rLTugIDKu_bOMNQ
952,45.74749605600576,4.842446098881591,45.74755972532088,4.842533548206205,9.81,223.78,-14.3,45,2024-06,mYFwlPrYU1UKhgBSHzkq3g
953,45.7496010525199,4.837606862234605,45.74962636628827,4.837499499370591,8.79,108.67,-15.87,45,2024-10,HrpnTvD_8mFyB7mmdz1U8g
954,45.74698996749385,4.844175989487294,45.74695224802631,4.844103923032973,6.99,53.13,-19.68,55,2024-06,L2W34IVcS_VJi2SrKBfHag
955,45.74864668324712,4.839961608114819,45.74860780368403,4.839855743077188,9.28,62.24,-15.07,45,2024-05,GTGmV-RpGPVK8Zyz9DqfOg
956,45.74628214890253,4.862226128486687,45.74632150754353,4.862314103574628,8.11,237.34,-17.13,45,2023-10,HsIAfBTFQmIjY1TAR89IsA
957,45.744548695416,4.868178918519661,45.7446185710052,4.868235452532267,8.92,209.45,-15.65,45,2023-03,n2JTNwyp4PbWBxrG6QzSkA
958,45.74451225523205,4.868206345448657,45.74445735640095,4.868252519902917,7.08,329.59,-19.45,45,2022-07,TcCCGPW_KjKRxBBc11e-Xw
962,45.74626602001359,4.862192404976618,45.74636250679509,4.862195089039314,10.73,181.11,-13.11,35,2023-10,MKlgptUZ48IrjS5O_GqR5w
963,45.746254858452446,4.862229433143742,45.74632150754353,4.862314103574628,9.9,221.56,-14.17,45,2023-10,HsIAfBTFQmIjY1TAR89IsA
964,45.74063243867613,4.86633420703849,45.74068432909423,4.866366831638353,6.3,203.69,-21.64,55,2020-08,17Cus1kmIJOMhAgPM0Tpbw
965,45.74452010265323,4.868210972879072,45.74453449562676,4.868299068531535,7.02,256.82,-19.6,45,2022-07,UIVdSHfRAPLhxYEzBrFkQw
966,45.74280489498463,4.859832051434277,45.74283960471578,4.859919840508891,7.83,240.47,-17.71,45,2024-05,HYDfKlKtaopIsj6EZtk0sQ
976,45.748746673278646,4.834653573668055,45.7486870347412,4.834631952860469,6.84,14.2,-20.08,55,2024-06,vC0DNtUjNk0Rs58r-S4hng
977,45.7502821202248,4.835869791124636,45.75022177196531,4.835793250690386,8.96,41.51,-15.59,45,2024-05,yCfPmjAv5_JyrQ6r1C_58A
982,45.70314379088582,4.862569316779001,45.70314038901573,4.862653625874239,6.56,273.31,-20.87,55,2026-04,MBnpYntFDpKaIu_2YM9R3A
990,45.76247556426685,4.824747704764987,45.76243591636245,4.824874860218506,10.8,294.08,-13.03,35,2023-03,Ok-W7mn67JxYEI7H1ID1IA
995,45.6834525871316,4.809887429861466,45.68352310240868,4.809971809868605,10.22,219.9,-13.75,35,2024-06,s72KK6gDDnK-XFQPRTW3XA
1001,45.68305570890141,4.810506497817031,45.68306139211009,4.810594384638408,6.86,264.71,-20.03,55,2024-06,XjgeQx3Am1YvKyQ4Im_V6A
1007,45.68307596522066,4.81050164799126,45.68313111459354,4.810505660018076,6.14,182.91,-22.15,55,2024-06,JG9gmXlKyHYhsH6f4SpdwQ
1015,45.67908685763013,4.812059499561826,45.67915181205618,4.812206769145882,13.53,237.74,-10.47,35,2024-06,McdsA6-k-5PemcfSD2jCLw
1017,45.86291370294009,4.744565206325659,45.86285406820235,4.744609204212096,7.46,332.81,-18.54,45,2024-04,GyYqlrSs_eyP34kuJEGTsQ
1018,45.86417154338355,4.744990812717746,45.86420963812584,4.744935472329107,6.03,134.67,-22.53,55,2024-04,J4KnOL4MMMJBF69XvNn4Ew
1019,45.865480473942135,4.744732812309668,45.86550335793584,4.744804949097444,6.14,245.51,-22.16,55,2024-04,LmMocUWhVQ__Td3uB0rIww
1023,45.76853191739763,4.82567186263134,45.7685122868299,4.825691832480958,2.68,324.64,-43.05,55,2015-04,CAoSF0NJSE0wb2dLRUlDQWdJREU3OVBYZ2dF
1025,45.75427171679773,4.833588552814573,45.75421208227652,4.833613461531916,6.91,343.75,-19.9,55,2024-07,NNbT0mLYAC2nXfz-n2TtNA
1026,45.77290036114624,4.82801318667365,45.77294819290037,4.827970117286789,6.28,147.87,-21.7,55,2023-05,jy8TElRdvuGRZQ12z4ew3w
1032,45.758757902979,4.835837656517056,45.75870732373187,4.835884503382301,6.7,327.13,-20.47,55,2023-03,C-2nKCIjC4gJMpJmGd-OOQ
1036,45.74450128447737,4.868366931515239,45.74453449562676,4.868299068531535,6.43,125.04,-21.24,55,2022-07,UIVdSHfRAPLhxYEzBrFkQw
1037,45.74631754999133,4.862042129050354,45.74640761862526,4.862071371230381,10.27,192.77,-13.68,35,2023-10,VtTNxVWeb5Iz0rBnrxzK1w
1038,45.74560880886996,4.864227111395347,45.74565380726714,4.864174834099054,6.44,140.97,-21.21,55,2024-05,-7nMsDPVZRIzV3pHUh0crQ
1039,45.75896480762184,4.821377990185956,45.75893580668244,4.821293394002995,7.31,63.83,-18.88,45,2024-05,jRtxCZrK5ZKlxjAJJx7KVw
1040,45.759981137773664,4.817078634612527,45.75992870183835,4.817043744722333,6.43,24.9,-21.25,55,2024-05,6e1q_GjdpT0CyjrdPcAa-w
1041,45.760324708680834,4.812915360152464,45.76032543421665,4.812824533208788,7.05,90.66,-19.53,45,2024-05,AsptPSG8It8_1lqw-AQz2A
1049,45.7604729711998,4.818837058642275,45.76040831805306,4.818893713138618,8.43,328.56,-16.53,45,2024-05,ZGxqdbutYJDhgs2XbcH96A
1051,45.761085153719385,4.81530310894299,45.7610340997543,4.815221315440485,8.51,48.18,-16.36,45,2020-08,aMKs_MiZL4IP_ydAerl2EQ
1053,45.76088455260077,4.815469713907945,45.76088103349319,4.815353757113315,9.0,87.51,-15.52,45,2020-08,_wUaO_P89l-dlJAjfQ2kHA
1054,45.761101577328425,4.815260424539715,45.7610340997543,4.815221315440485,8.09,22.02,-17.17,45,2020-08,aMKs_MiZL4IP_ydAerl2EQ
1059,45.75956645932533,4.815193443428479,45.75959578026355,4.815125931770185,6.17,121.9,-22.06,55,2024-05,MyiQcAbWWh4eRKppXH5uTA
1061,45.759644658828,4.816202463470812,45.75969004655771,4.816147107953256,6.63,139.61,-20.67,55,2024-05,fNlq-3QjukLEEDhpn_5nOA
1062,45.759582653388186,4.815973399000071,45.75962360898852,4.815915982255525,6.37,135.63,-21.43,55,2024-05,rQtN8-1DW5FTi2eDgkp3Hw
1067,45.75984596767099,4.81634548302188,45.75975947683192,4.81640181317266,10.56,335.56,-13.31,35,2024-05,q6zJWlrQXQhEwp96LNCkbw
1068,45.75979934683404,4.813460419160172,45.75974927298644,4.813426895026971,6.15,25.04,-22.14,55,2024-05,Y_Ktqg5j288F7zLlsG4Sjw
1069,45.7596654822115,4.813741432580329,45.7596504574616,4.813649796638075,7.3,76.77,-18.9,45,2024-05,Y62jwpHzypefRnxRxaLnoQ
1072,45.75908214382982,4.82141717495504,45.75911907381654,4.821348868681805,6.7,127.77,-20.45,55,2024-05,I6ch6Yi71egGGRUZzvES8g
1076,45.66602625437145,4.864067410082604,45.66609982730461,4.864058095560718,8.21,174.94,-16.93,45,2026-04,8TsxzCDUyi9B8FGAGEo5Ow
1081,45.66633427490471,4.865625594609819,45.66636754076205,4.865528812398603,8.38,116.19,-16.61,45,2026-04,q9SEmOH69mNEdhIV5VlKag
1082,45.86549143208678,4.744719870597625,45.86550335793584,4.744804949097444,6.72,258.62,-20.41,55,2024-04,LmMocUWhVQ__Td3uB0rIww
1083,45.75120140674511,4.879725476424492,45.75123385797871,4.879799478079958,6.78,237.85,-20.24,55,2022-02,hW-RzqMcAlfWbDOlwfdEnA
1087,45.75170375222892,4.877062650097831,45.75176277307479,4.877032745547451,6.96,160.53,-19.76,55,2022-02,lSEH_wPHf67vdxaTjNGTcg
1089,45.75137662631715,4.878783437243089,45.7514313004146,4.878791308867835,6.11,185.74,-22.25,55,2022-02,GvFkH72WSHCRFGShZw7oaw
1091,45.75144564385543,4.878462320599419,45.751502771959,4.878423948668502,7.02,154.89,-19.61,45,2022-02,Ic5ewokKRKYUtsnwJxMtxQ
1097,45.73919640585815,4.935534614096936,45.73913914508478,4.935585203117599,7.48,328.34,-18.48,45,2024-10,kLtfmmIbbOHso4S5R00DJg
1098,45.733203968512925,4.93128041187576,45.73320131525547,4.931424751979092,11.21,271.51,-12.58,35,2022-01,jRbA7HsVhHoZ0aChLoqONw
1099,45.7508595336034,4.8815542579591735,45.75090091132701,4.881618779809525,6.8,227.42,-20.19,55,2022-02,6puZQmuOCFMFlp_yV5y7Tg
1100,45.750978331443456,4.880908708022549,45.75101844158274,4.880967098791219,6.36,225.45,-21.47,55,2022-02,KC2DeIvAG980kL8O2Go50w
1103,45.73698271198864,4.934371941409083,45.7369227924524,4.934466521040292,9.91,312.23,-14.15,45,2024-10,HTzcCDQELyvflxQu4dqshQ
1106,45.733262669568326,4.9105287765131935,45.73329325993918,4.910453675366154,6.75,120.27,-20.33,55,2024-05,ahzrZY4huy6OhZ2MU3njkw
1109,45.73563062379575,4.909826787495779,45.73563383300343,4.909739448876771,6.79,93.01,-20.22,55,2024-05,tocNW1E1g9PqG_oIHlUd1A
1110,45.73575738246894,4.910739814226155,45.7357037052716,4.910816643781677,8.44,315.03,-16.51,45,2024-05,p6W0KHkVqjH8cNuOcuHUEA
1111,45.7356710068302,4.910214791495823,45.73560808589604,4.910244591642643,7.37,341.71,-18.74,45,2024-05,aznBTG47WPMfpfwdFi6yvg
1112,45.73314904062566,4.910146756518042,45.73309482884036,4.910138589173232,6.06,6.0,-22.41,55,2026-03,s3buIlXdXeOFPeAa9IHtNQ
1114,45.735780822774025,4.910818493458748,45.7357037052716,4.910816643781677,8.58,0.96,-16.25,45,2024-05,p6W0KHkVqjH8cNuOcuHUEA
1115,45.73546964876186,4.908947783833047,45.73540659750135,4.908966126257668,7.15,348.52,-19.26,45,2024-05,j1_TVaLF-6bFELE3lleCDg
1116,45.73439374710858,4.908858907022526,45.73439242777799,4.908967004952243,8.39,271.0,-16.59,45,2024-05,H9SaXgzSZZqU3PxGcHDwjw
1118,45.73343852633533,4.909732492607964,45.73350137098069,4.909679597221377,8.1,149.57,-17.14,45,2024-05,CJKMc2g-owohDk4wlelOEA
1119,45.73393330076247,4.9087068020406175,45.73386822341519,4.908771584686853,8.81,325.21,-15.84,45,2024-05,n16kyXTWJOAuEtfe-Dx3kw
1120,45.7353257712689,4.908780283233859,45.73539475992258,4.908828430084331,8.53,205.97,-16.33,45,2024-05,XAO6ov8b5QrV3wm-Ti8oHQ
1121,45.734980845058615,4.909095129653796,45.73500053925923,4.909017021929407,6.45,109.86,-21.2,55,2022-01,e_wiESGcvoTFk4v951uAsw
1125,45.73368512782825,4.908799674598124,45.7337001183751,4.908667909991014,10.36,99.26,-13.56,35,2024-05,aFkEY21nG3AeD8-okN3e2g
1128,45.74479089441214,4.911165335108248,45.74480147741563,4.911058590296102,8.37,98.09,-16.64,45,2022-01,zWgqWhUphKERfNI1O49hCA
1129,45.74716504563436,4.917617123743218,45.74718535178361,4.917703269895449,7.06,251.34,-19.51,45,2022-01,zI-mrs-R1Bctiqkl4-Jr8g
1132,45.73323926441607,4.909884123868144,45.73320112729069,4.909817391462571,6.69,50.69,-20.48,55,2026-03,WoiB1kAKanqS_YlH-LU9ng
1133,45.73558130105903,4.909625126726073,45.7356433333871,4.909656536423164,7.32,199.46,-18.87,45,2017-09,CAoSFkNJSE0wb2dLRUlDQWdJQ0Uwb1RhTHc.
1134,45.73474307675847,4.908856679659044,45.73475480325507,4.908966604285856,8.63,261.31,-16.15,45,2024-05,L5Tfd_WtwqGkg9Q9BzvtGg
1136,45.73370635321461,4.908532150987577,45.73365165777577,4.908502467565314,6.5,20.75,-21.03,55,2026-03,5QwSo3spAt7CAXybmx54_A
1141,45.759376881076136,4.8140989749160585,45.75941025736945,4.814166803620235,6.44,234.8,-21.22,55,2024-05,4R1baZX33Vdd-RdfCSseMw
1142,45.75937122697024,4.814108773224964,45.75941025736945,4.814166803620235,6.25,226.05,-21.79,55,2024-05,4R1baZX33Vdd-RdfCSseMw
1143,45.759310830332,4.814138410401909,45.75934714972204,4.814247310464059,9.36,244.45,-14.95,45,2024-05,3cflvjN0XBPYuadXXbJGMQ
1150,45.75751243480181,4.820825553071005,45.75750451664415,4.820910643147496,6.66,277.6,-20.58,55,2024-05,sc5Ded-w7f11uhd20TRkkA
1153,45.75750972394214,4.820823679351824,45.75750451664415,4.820910643147496,6.77,274.91,-20.26,55,2024-05,sc5Ded-w7f11uhd20TRkkA
1154,45.757863735910334,4.820920423401151,45.75788419580513,4.821010384658629,7.34,251.95,-18.81,45,2024-05,RaLFW0QMh8Q2bvgo1W3aoA
1158,45.74686552885592,4.860949876978225,45.74680663673371,4.860963679229727,6.64,350.71,-20.64,55,2023-10,JOkmSo7qqD-zrFKyslwwHw
1159,45.74635939823935,4.862019742388155,45.74640761862526,4.862071371230381,6.69,216.77,-20.48,55,2023-10,VtTNxVWeb5Iz0rBnrxzK1w
1160,45.74612173171155,4.862704767850145,45.7461656649369,4.862775585588793,7.35,228.36,-18.78,45,2023-10,AA2KemOoCdHpFTVDnxisLg
1161,45.746282377708425,4.862162891385759,45.74636250679509,4.862195089039314,9.25,195.66,-15.12,45,2023-10,MKlgptUZ48IrjS5O_GqR5w
1162,45.74467541884141,4.868260239999806,45.7446185710052,4.868235452532267,6.61,16.92,-20.72,55,2023-03,n2JTNwyp4PbWBxrG6QzSkA
1164,45.74561506997108,4.864235007205938,45.74565380726714,4.864174834099054,6.35,132.69,-21.48,55,2024-05,-7nMsDPVZRIzV3pHUh0crQ
1165,45.74454552504339,4.868190522243364,45.74453449562676,4.868299068531535,8.51,278.28,-16.37,45,2022-07,UIVdSHfRAPLhxYEzBrFkQw
1172,45.7575669905793,4.821799642780585,45.75762569064328,4.82169620847708,10.34,129.13,-13.59,35,2024-06,RDzTu8nCUE6WZ7Q8qRm8Gw
1175,45.83861301436836,4.769839863243229,45.83861499515543,4.769758348541353,6.32,92.0,-21.59,55,2024-03,rMj_g7uQFthy_87BZOTKNw
1176,45.83862281686667,4.769837861566777,45.83861499515543,4.769758348541353,6.22,81.96,-21.89,55,2024-03,rMj_g7uQFthy_87BZOTKNw
1177,45.744234299835966,4.937069202693469,45.7442116052269,4.937167782889449,8.06,288.26,-17.24,45,2024-05,qyWyDrXpKGONmGBc3_KfTA
1181,45.759390120693375,4.824164366789418,45.75942334710903,4.824228568628059,6.2,233.43,-21.96,55,2024-06,1dw7nx1DY3eVWSK7v2OGhA
1184,45.75909998994274,4.824125730125106,45.7590746995162,4.824044087511119,6.93,66.06,-19.84,55,2024-06,caMPyRgQ7xrnlum3q9dNOw
1189,45.762625298390034,4.825344959735151,45.76268947667564,4.825236701084367,11.02,130.36,-12.78,35,2023-03,ZfeMX-1UU0aXBlZcS7U0vw
1194,45.76189849347361,4.824238613547553,45.76192905271245,4.824162294965427,6.83,119.85,-20.11,55,2023-03,kWGzFSazpdluofrCipEKKA
1200,45.67424977065085,4.813466332737947,45.6742121396837,4.813402531533108,6.49,49.83,-21.08,55,2024-08,-TkZ5oJi1HBKN7zADNvdkA
1203,45.67340082088,4.813711625678993,45.67343447663079,4.813626939023736,7.57,119.63,-18.28,45,2024-08,JmnhDM86-tW0erN3zT-mug
1208,45.73870318755338,4.712505593092132,45.73870512245482,4.712583172673716,6.02,267.95,-22.54,55,2024-07,maUjbDaulsGJcNzm2a94ig
1209,45.736982356469206,4.712135970485638,45.73702249870867,4.712047979558526,8.16,123.17,-17.04,45,2024-07,l8Lt5zxs_VyM3qyGw-4BHw
1210,45.74027716262759,4.712258229587263,45.74029299341476,4.712182855546059,6.11,106.75,-22.26,55,2021-12,udAXmzi6CQbXNhMMcTiRNQ
1211,45.738768468874206,4.712492740530588,45.73879259668259,4.712562765309319,6.06,243.72,-22.42,55,2024-07,kNXvdPPNCtjQrZi0-IvBtw
1212,45.73982188494526,4.712325471391997,45.73979056960041,4.712406010393396,7.15,299.12,-19.26,45,2024-07,saxSgtsf55VqGmhf1p9xfQ
1234,45.74241331307116,4.714613826690172,45.7423790323119,4.714543869322577,6.63,54.93,-20.65,55,2024-07,Km2wKpgjRligbOM0QCrCow
1236,45.74180374683019,4.714270261725537,45.74176369436528,4.714331787545261,6.53,313.01,-20.95,55,2024-07,M2xfd6csvDn2Jv8-H_XG_g
1238,45.79996694553039,4.834727759808642,45.79992780156037,4.834646409233286,7.66,55.39,-18.07,45,2022-03,wa91NBVJZbRWgcACgBivIA
1242,45.74740063716666,4.710381625261867,45.74731428668391,4.71039621777522,9.67,353.27,-14.5,45,2024-07,YHAXqXJ8SLmEo4_bKRgErQ
1243,45.74753521983223,4.710556988720802,45.74746091643743,4.710523039688733,8.67,17.68,-16.08,45,2024-07,SYm8-NEN-UiFTBXF0u5EmA
1244,45.74726542034046,4.710626757834365,45.74731446636665,4.710690895297247,7.38,222.38,-18.71,45,2024-07,PyNblCyiy9qPFcEoY00r0g
1245,45.74738132954295,4.711197879175962,45.74732580546016,4.711224702605468,6.52,341.37,-20.99,55,2024-07,ehF91s6KbZ_oyLFPZn3xSw
1246,45.747280687012825,4.71117549547526,45.74732580546016,4.711224702605468,6.3,217.27,-21.63,55,2024-07,ehF91s6KbZ_oyLFPZn3xSw
1249,45.7475481056157,4.710565802662459,45.74762026044523,4.710532907339195,8.42,162.35,-16.54,45,2020-10,4XKdzoOVau-IkDlO_SvHFg
1255,45.865950238453536,4.742283907281933,45.86587669490476,4.742331696174496,8.98,335.65,-15.56,45,2023-06,z6Lj7XTuwWxiAanNZcM6Mw
1257,45.745327521214215,4.712896296574794,45.74531057006936,4.712970004412388,6.02,288.24,-22.55,55,2024-07,rtToxavq9Dokw_4zRcXa8Q
1262,45.7446759809932,4.713806812095927,45.74467675484363,4.713715116484541,7.12,90.69,-19.36,45,2024-07,7GZuEd3Z04_7-wL3A_uMhA
1263,45.74431040162914,4.7141202922649095,45.74435706102499,4.714189567841752,7.47,226.02,-18.5,45,2024-07,WYJ2foNR-aF_uF-ox-3F9w
1264,45.74556364903564,4.712544626158192,45.74561375632513,4.712579715414761,6.2,206.04,-21.96,55,2024-07,RhBozL9cwfbKLQMOe60RBw
1274,45.74268719854842,4.718877280724378,45.74272709353252,4.718944607152443,6.85,229.67,-20.04,55,2024-07,hFdIqeRT4SEOuZEZpFsnpw
1276,45.79706897636691,4.810061122794545,45.79702070889371,4.810009695536014,6.69,36.61,-20.5,55,2022-03,X__-4GRpwd1QR5nvzkmbsw
1277,45.72941100887677,4.9287588098915736,45.7293373706036,4.928806480134108,8.99,335.68,-15.55,45,2024-10,4_rxm1ET2gmTrZBMzjyUsA
1278,45.738577137202086,4.935099613619613,45.73854408005198,4.935246711342423,11.99,287.85,-11.78,35,2024-10,bPjb1po3V2c5J6gh_fnwwg
1279,45.7275408733196,4.927209630328951,45.72744202214928,4.927210397221677,10.99,359.69,-12.81,35,2024-07,H-Zniwz1gBpPl9A4LAjDow
1280,45.7447765879578,4.9369696330963775,45.74486160312973,4.936985753414962,9.54,187.54,-14.69,45,2024-05,mZ_XYaPflA3o9Zrz2AG3XQ
1281,45.70107278940105,4.805261316848204,45.70100790586225,4.805214773585324,8.07,26.61,-17.21,45,2023-06,fQjx0TTlqBJh4jrE4h8gaw
1282,45.69955469877706,4.805423828945583,45.69954842074635,4.805502869270369,6.18,276.49,-22.03,55,2020-10,dtHducIFYQHhJs2hKgZkcg
1285,45.70112784292646,4.805960607208422,45.70118980495601,4.805938318357972,7.1,165.9,-19.39,45,2015-05,ZngHWjf__uQAqT3nSIZAXw
1287,45.70105926439181,4.8052436119458335,45.70100790586225,4.805214773585324,6.13,21.41,-22.17,55,2023-06,fQjx0TTlqBJh4jrE4h8gaw
1289,45.70356179632108,4.808659529056754,45.70360739519676,4.808720592039851,6.94,223.08,-19.8,55,2016-06,SLV4iQBF_26Zbtq2_J-4rw
1291,45.70200819782482,4.803954413945288,45.70210053259013,4.803952602726372,10.27,179.22,-13.68,35,2024-08,Tsk5tQS767dlNHUfO1RBow
1292,45.80623896072508,4.780664890248586,45.80627966279874,4.780551746683445,9.87,117.3,-14.22,45,2018-09,DJx0MSlveEdP38APC8sZyA
1296,45.69632542161055,4.804646236230948,45.69625247893467,4.804646351856321,8.11,359.94,-17.13,45,2024-06,0CEB5UKMeY23HdL482xhHg
1297,45.70091579023249,4.803991103818763,45.70087644147842,4.803895389315552,8.63,59.52,-16.16,45,2024-08,iGKApTNPzY1cIjXb8c6p5w
1304,45.70193495214716,4.804355618536161,45.70202345659485,4.804346823858253,9.86,176.03,-14.22,45,2024-08,xrfYzHcHTnK5xEQCt3HUyA
1309,45.6998513523266,4.805635847089269,45.69992538792534,4.80561142113507,8.45,167.02,-16.48,45,2024-07,UCWi8Q1brQ-G-FA9EnJBgg
1310,45.70115868866096,4.804791821656169,45.70107710749875,4.804801273520606,9.1,355.37,-15.36,45,2008-11,AAV0kVJC-sK3bOi9o_Yd-g
1311,45.702860257031226,4.800537062269075,45.70288033611399,4.800629625616819,7.53,252.74,-18.37,45,2015-05,f65U86N4QzboDp-Oweg9pQ
1312,45.70142937513059,4.802992158252285,45.70150379836176,4.802890732027598,11.42,136.41,-12.34,35,2015-05,0HeP7ZqhPM-zYDF8j_TjOw
1313,45.701454080657584,4.795555238929491,45.70141048395269,4.795501838565368,6.38,40.55,-21.4,55,2024-08,ugSnQI4T2xZFag-POeq_mA
1314,45.69914225184262,4.807418036347778,45.69909315846008,4.807472485201943,6.91,322.24,-19.9,55,2024-08,oTFcZ0jjmERBTeTojN3lGg
1315,45.70161246703256,4.796064863099841,45.70165277314535,4.795982992146974,7.78,125.18,-17.82,45,2024-08,C34kRSDAYGNhMh-DDSuFaQ
1316,45.70121502076802,4.80601397995132,45.70118980495601,4.805938318357972,6.51,64.49,-21.01,55,2015-05,ZngHWjf__uQAqT3nSIZAXw
1317,45.70115656240321,4.795925105929735,45.70117735803284,4.795843030272046,6.78,109.94,-20.24,55,2024-06,ycnKaGk9mx2eMzQaY3TMWw
1320,45.699518334498926,4.806056012131672,45.69955081233936,4.806164187772795,9.14,246.74,-15.29,45,2024-08,iHbz1EPrTekZpHcvs0nBfg
1324,45.7005196291814,4.80522030978535,45.70051175383566,4.805093203534295,9.91,84.93,-14.16,45,2020-10,DbkhGSQBEjsbJymocAdM1g
1325,45.69795312420964,4.808628556881647,45.69789521584527,4.808575197349381,7.66,32.76,-18.08,45,2024-07,cw0QsXLDDZ-JZTGml1Jn_A
1326,45.69797447173989,4.808620727835224,45.69789521584527,4.808575197349381,9.5,21.86,-14.75,45,2024-07,cw0QsXLDDZ-JZTGml1Jn_A
1327,45.69980168390454,4.795398899122924,45.69983589810975,4.795328259930416,6.68,124.74,-20.53,55,2024-06,Q7As28ETTL8hysES_3H9vA
1328,45.70008911755794,4.805422432605706,45.69999721341311,4.805455883175915,10.54,345.74,-13.34,35,2024-08,_JlTjbHpMEcka8NoSilPZg
1331,45.69922718208254,4.802200190938304,45.69912725172388,4.802245774870419,11.66,342.33,-12.1,35,2024-07,v5UomEFoQwNuQeuq7kAk9w
1332,45.70033126406635,4.806595185664286,45.70027833145615,4.806615444514719,6.09,345.03,-22.31,55,2015-05,0iFnxKfSClQXOr62hLO3UQ
1334,45.70238133982178,4.796210289586844,45.7023997610837,4.796130420052488,6.53,108.28,-20.94,55,2023-06,DiGNXKtRQPM3RhZrjnbZiQ
1335,45.696655739946586,4.809995336442943,45.69666673337018,4.809886450351754,8.54,98.23,-16.31,45,2024-07,rvqoYH7HKH-8vB1sV9x1Lw
1336,45.70018229076772,4.807114886701718,45.70024620942196,4.807138552403292,7.34,194.5,-18.81,45,2016-06,0fGBqnc0hIQQ36C37JnAaA
1337,45.7009053862556,4.804007956743586,45.70087644147842,4.803895389315552,9.32,69.79,-15.02,45,2024-08,iGKApTNPzY1cIjXb8c6p5w
1338,45.70062526435617,4.806724825237288,45.70054938334368,4.806788252509176,9.77,329.72,-14.35,45,2015-05,A09p4kOnaemP8ndiaq1PkQ
1339,45.701757939154405,4.803774844489137,45.70182473576436,4.803644308006778,12.57,126.23,-11.25,35,2024-08,viNccPOfQ3iw1zVwH2cNRg
1340,45.70019372991944,4.8045802205069,45.70014387087998,4.804520240207228,7.24,40.04,-19.05,45,2024-08,YhowDxesmNabxuylvJC89A
1343,45.72754645865315,4.927215062336654,45.72744202214928,4.927210397221677,11.62,1.79,-12.14,35,2024-07,H-Zniwz1gBpPl9A4LAjDow
1345,45.69646899508026,4.808908281110774,45.69638534838261,4.808989338534662,11.23,325.91,-12.55,35,2024-07,G_34dZNoON-gOu507-aDTA
1346,45.703602432986806,4.808801012604824,45.70360739519676,4.808720592039851,6.27,95.05,-21.74,55,2016-06,SLV4iQBF_26Zbtq2_J-4rw
1348,45.70418185991342,4.797624966181851,45.70422114658852,4.797756715428678,11.12,246.88,-12.67,35,2015-05,FCVJO2FfUUjJpMvyVZ8LmA
1352,45.70610691157511,4.79792932323562,45.70615987477844,4.797912770197595,6.03,167.69,-22.53,55,2022-01,PAbR0eeHnbdWx090Bsu2tQ
1355,45.70098265691168,4.795857564602401,45.70100268156924,4.795781222074356,6.33,110.58,-21.54,55,2024-06,px9OAACcruK_pZkTphKBfA
1360,45.70281616181563,4.796383211996926,45.70280624933194,4.796472951526985,7.06,278.99,-19.51,45,2024-08,GiM3PGVOK_TSW22LItUexA
1365,45.69623464309333,4.804295099643425,45.69628834117974,4.804232048261933,7.72,140.64,-17.94,45,2024-06,0ROc4jQzy0wHbqVF0ZGDgA
1366,45.70530752137534,4.797336818602771,45.70525434378774,4.797382779663014,6.91,328.89,-19.9,55,2024-08,SACi70L9PBc7UJzonL5BtA
1367,45.69809975549989,4.794562148673944,45.69812479283119,4.794643513891563,6.91,246.22,-19.9,55,2024-06,QOVPYkqyoddgPyEOaYH4hg
1369,45.6990000121012,4.80149578870259,45.69905564964672,4.801492888105812,6.19,177.91,-21.99,55,2024-07,cvTq0CbuPGp4q6li1N9Tng
1370,45.74307194788891,4.9376116075088605,45.74314551592296,4.937555598690309,9.26,152.02,-15.1,45,2024-10,UuXXlGGpwhOMaAXYQAX9pQ
1371,45.699214225783614,4.80481206247952,45.69923016140861,4.804684512310851,10.06,100.14,-13.95,35,2024-07,0EXVXbRN1pvMvTefyD7ZSQ
1372,45.699015137784095,4.803367669543141,45.69908253365207,4.80341393375477,8.31,205.61,-16.74,45,2024-07,azQ5hIz9VdG7QgtI8p9yrQ
1373,45.70355600428709,4.807735727229546,45.70353230956528,4.807607104767056,10.33,75.22,-13.6,35,2015-05,RA1S1b5mKKtdJAFTW6pAhQ
1377,45.69987676603255,4.79937661928979,45.69985059300703,4.799460585214369,7.14,294.05,-19.3,45,2024-06,xtpK5F_9-Unh47pJN1WKLA
1378,45.69886177696004,4.794848655561141,45.69885947347234,4.794946779509122,7.62,271.93,-18.15,45,2024-06,milr4ImHL4iQDenHVnLowQ
1380,45.69712845114954,4.809162921858486,45.69713758119484,4.809293852950427,10.22,264.3,-13.75,35,2024-07,CH4ngIvZgfHCrtXrglOzfA
1381,45.6992336666758,4.806466619372525,45.69920212080527,4.806343937026381,10.15,69.79,-13.83,35,2024-08,eDjF-DIwprRKDUxrTCFM_A
1382,45.70111472885329,4.795890819065129,45.70108432045403,4.795803904315687,7.55,63.39,-18.32,45,2024-06,dTt-8aL0Y8yCWSMV_azfJw
1383,45.70047718484105,4.795662228467993,45.70045004365112,4.79556177629994,8.36,68.85,-16.64,45,2024-06,M86W8Oz_-sEEaq-gC5S7vg
1384,45.703191607937455,4.805234898947387,45.7032328926305,4.805297969178469,6.71,226.85,-20.43,55,2024-08,rP9LJRfGV4KfacEecPccTQ
1387,45.70467753182292,4.808966313428046,45.70463977585544,4.808859231693568,9.32,63.21,-15.02,45,2008-11,qFEfTiiY1i6gO7SYA3DyIA
1389,45.701967510581845,4.804216205339786,45.70205210871104,4.804217901157094,9.41,180.8,-14.88,45,2024-08,Lizu14NJKS1fM7pC8ql2_Q
1392,45.70062159954872,4.806713110896718,45.70054938334368,4.806788252509176,9.93,323.99,-14.14,45,2015-05,A09p4kOnaemP8ndiaq1PkQ
1393,45.70008705716995,4.805408861938288,45.69999721341311,4.805455883175915,10.64,339.92,-13.23,35,2024-08,_JlTjbHpMEcka8NoSilPZg
1394,45.69890731095312,4.795048480886516,45.69894328856176,4.794979618647081,6.68,126.8,-20.52,55,2024-06,TB471zgFrVUKxPyrdp0nxg
1397,45.69878172206089,4.799906174412259,45.69884105576023,4.800006270963141,10.2,229.68,-13.78,35,2024-06,2nuDkPcHFNv7QcvAiL151g
1402,45.6989442714923,4.804868709416068,45.69906745378153,4.804901424040676,13.93,190.51,-10.17,35,2024-07,f5qzmQ4GPFXbDnW83foFzA
1403,45.70230823983575,4.79636002876781,45.70236552261868,4.796296106352417,8.08,142.07,-17.2,45,2024-08,QZi6h6H5_IJfJ2b9equqUg
1406,45.703700013992936,4.807541477811448,45.70365812928989,4.807441604042351,9.05,59.01,-15.45,45,2024-08,r29ogw7apBatdw77C6-QqQ
1407,45.69780060765073,4.795706007141405,45.69784576631056,4.795788040315988,8.11,231.76,-17.13,45,2024-07,5b7bKFwoWjc8jbE8abHLxw
1409,45.70124595222818,4.805937760739275,45.70118980495601,4.805938318357972,6.24,359.6,-21.82,55,2015-05,ZngHWjf__uQAqT3nSIZAXw
1413,45.69860257059681,4.7947470997329,45.69857010345424,4.794830961324189,7.45,299.0,-18.56,45,2024-06,e6FdHIFQg4TU3vT5g2BXQg
1414,45.69916810127557,4.80617567823143,45.6990801186823,4.80611236317146,10.95,26.68,-12.86,35,2024-07,JV7VIJjbuwnZOi09lXF6ZQ
1417,45.80545882472395,4.771122837869418,45.80544046950278,4.771214818839511,7.42,285.97,-18.63,45,2024-09,eMhfIZxsuV_OL4tgC13sWw
1418,45.700110493790405,4.806722257409688,45.70008206968028,4.806648889281925,6.52,60.98,-20.99,55,2015-05,Hy9EUEGAX12XpCkwcn-cFg
1419,45.69898127622678,4.801313546537074,45.69895870193266,4.801403940643048,7.46,289.68,-18.54,45,2024-06,djiqrJsWYNykfaAwG9bBDA
1420,45.70022708361844,4.805781243226461,45.70017625135908,4.8057547744431,6.01,19.98,-22.57,55,2023-06,_V1Nq2ifys2OKyIEYyrdxw
1421,45.69740075757175,4.808998438476373,45.69746038922391,4.809049528938337,7.73,210.9,-17.93,45,2024-07,GQs59isUC8COE7f29IEpWw
1423,45.69991403987932,4.804853502817701,45.69983221214149,4.804938346536267,11.23,324.09,-12.55,35,2024-08,s6aCDF8l_RvORCl2nvtYQg
1425,45.70160826306064,4.7958509244890815,45.7015749827113,4.795944465393243,8.15,297.0,-17.05,45,2024-08,-0ihGp4ot4Aq77G9abDHXA
1426,45.700184390770566,4.804149094982655,45.70020399005012,4.804264271338587,9.21,256.31,-15.19,45,2024-07,ctMhylGaQt_OfBegSLX5Nw
1427,45.7006270853046,4.8067113980655884,45.70054938334368,4.806788252509176,10.5,325.36,-13.39,35,2015-05,A09p4kOnaemP8ndiaq1PkQ
1429,45.69892485784928,4.805841596826714,45.699031694164,4.8059108847737,13.04,204.37,-10.85,35,2024-06,KMM5JfHVXO5pYO8leRopWw
1430,45.699828568860944,4.795218999093807,45.69983589810975,4.795328259930416,8.52,264.51,-16.35,45,2024-06,Q7As28ETTL8hysES_3H9vA
1431,45.70067576944759,4.795544378543119,45.70062708733943,4.79563785674889,9.06,306.71,-15.43,45,2024-06,6_JbP3oaCMIXSGh7650R0w
1435,45.7035023005215,4.807728648617397,45.70343785155085,4.807686097869745,7.89,24.75,-17.58,45,2015-05,_sn748cqOVTbbmHbFaSclQ
1436,45.69861507867368,4.794933480520828,45.69866079525721,4.794868953439408,7.14,135.41,-19.3,45,2024-06,q8lD33GdCkDsOQzCCfsHpg
1437,45.69558230749088,4.80242312667944,45.69560081265751,4.802312991320453,8.8,103.53,-15.86,45,2024-06,Ykj7u5jOkX_H9dA8v3WT3g
1438,45.69856923722087,4.794909373922843,45.69857010345424,4.794830961324189,6.09,90.91,-22.32,55,2024-06,e6FdHIFQg4TU3vT5g2BXQg
1439,45.6990490625903,4.808129202225985,45.69916222356075,4.808131570861139,12.58,180.84,-11.24,35,2024-08,cFFyo2mkmrhMcFkiRbSaXg
1440,45.70103687441651,4.804427198698528,45.70096603937125,4.804452254339503,8.11,346.12,-17.13,45,2008-11,lIo3r-HzvYcFyTaUjgMWwA
1441,45.699165994656376,4.807829853479109,45.69908703749312,4.807898714676211,10.28,328.65,-13.67,35,2024-08,apmfW8saejnWtNW6PbD2vA
1443,45.70338256964459,4.7965999468439575,45.70334108593145,4.79667735617787,7.58,307.5,-18.26,45,2024-08,xEaJIuY4mwrLlYdMOa5hig
1444,45.69921640520968,4.804408322022476,45.69920289231095,4.804520398488369,8.83,279.79,-15.8,45,2024-07,8dAMMjuNDXllOuFmFEMTrQ
1446,45.70412652810057,4.80958928112649,45.70416910293804,4.809423680327228,13.7,110.21,-10.34,35,2008-11,DfZPfYpaExFTSaEyuwR68A
1448,45.69987223963762,4.806077223572416,45.69984022004412,4.805975932441503,8.63,65.65,-16.15,45,2024-08,_4ExqLujoKPb532NwbbTxg
1451,45.69658781618757,4.809412985781352,45.69652450801911,4.809511356575674,10.39,312.66,-13.53,35,2024-07,HgxOrHECb2Esh0eE5d5Cvg
1453,45.699865630281,4.805641470233385,45.69992538792534,4.80561142113507,7.04,160.65,-19.54,45,2024-07,UCWi8Q1brQ-G-FA9EnJBgg
1455,45.70283522975152,4.805248015906239,45.70278973044237,4.805327381456358,7.97,309.38,-17.41,45,2024-08,jgdGGzj8zoubyDogPKZz6A
1457,45.701971926597245,4.804189552888159,45.70205210871104,4.804217901157094,9.18,193.87,-15.23,45,2024-08,Lizu14NJKS1fM7pC8ql2_Q
1460,45.7003350877932,4.805344188316076,45.70025698206091,4.805259860348731,10.88,37.02,-12.94,35,2020-10,27AbbJaMLBnTqbTZhvPCrQ
1463,45.70131718693395,4.803660457332033,45.7012736237677,4.803541938392125,10.4,62.24,-13.52,35,2024-08,Bzx1hNhdYLjg03eV8Ar75g
1464,45.6991999323011,4.804847331185934,45.69923016140861,4.804684512310851,13.08,104.89,-10.82,35,2024-07,0EXVXbRN1pvMvTefyD7ZSQ
1465,45.69929166488754,4.7951962020626295,45.69929072542563,4.795115795558649,6.25,89.04,-21.82,55,2024-06,mQ8tnOjMg2N3vFjuwP-Qpw
1466,45.69991529570626,4.804814046519853,45.69988565408129,4.80471383176899,8.45,67.05,-16.48,45,2024-08,bx3_O2BYvoNz5LxevoQeYg
1467,45.69892261391214,4.807119382336055,45.69898396134433,4.807118872953483,6.82,179.67,-20.13,55,2024-07,_l0lyh63ZQpgw6BazcqdYg
1468,45.69949207392463,4.800009305135975,45.69949111006285,4.799880452593306,10.01,89.39,-14.03,35,2024-06,Eq-tOVO_sbddU_OBy7CpUw
1469,45.699066768543496,4.802217095458317,45.69912725172388,4.802245774870419,7.08,198.32,-19.44,45,2024-07,v5UomEFoQwNuQeuq7kAk9w
1471,45.70315271248367,4.800646574708931,45.70319493433948,4.800576100384849,7.21,130.63,-19.12,45,2015-05,u6oRXyh8ilwN3dCEpDS6Iw
1472,45.69891417517347,4.806169629738951,45.69900944711806,4.806176731186854,10.61,182.98,-13.26,35,2024-06,Gg2mB6TWzh16LY7ldH2Bsg
1474,45.70463550042924,4.798837157773665,45.70455681747279,4.798726272337927,12.28,44.54,-11.51,35,2015-05,X5ihttCDVEsN3z4x63XNGw
1477,45.70095377341305,4.80492478257318,45.70089715402612,4.804830695627227,9.64,49.25,-14.53,45,2020-10,gQY2dKAhaUAE9duAmTtkkA
1479,45.69922703724109,4.802200203032436,45.69912725172388,4.802245774870419,11.65,342.31,-12.12,35,2024-07,v5UomEFoQwNuQeuq7kAk9w
1482,45.70409220319565,4.796877430325989,45.70405622786809,4.796956450470317,7.33,303.1,-18.84,45,2024-08,CgZYuboH0PoI4iUaZGxzOA
1483,45.70252217830306,4.805107448336996,45.70248996000856,4.805186495731039,7.11,300.27,-19.38,45,2024-07,-8hW3aE800Z6DoSEMhflBw
1484,45.69916665696319,4.803666783745349,45.69907177572183,4.803682107599811,10.62,353.56,-13.25,35,2024-07,MvUxBNZvkEYWfFsKBdzngQ
1486,45.7025185030286,4.800729797885012,45.70254741304716,4.800862788892657,10.82,252.71,-13.01,35,2015-05,MSc_7gVdlV0SkX_0F8wAaw
1489,45.69884455235417,4.807720345176255,45.69888906378517,4.807800818594755,7.97,231.62,-17.41,45,2024-07,b5xqUWVLFAVWTA8IFGGK6g
1490,45.70052910148112,4.805203497030703,45.70051175383566,4.805093203534295,8.78,77.31,-15.89,45,2020-10,DbkhGSQBEjsbJymocAdM1g
1491,45.70025933010496,4.795386567117215,45.70027402971078,4.795493950700668,8.5,258.91,-16.39,45,2024-06,iamheDVIYsxX1iqvh_H-Uw
1494,45.7002924056596,4.806719897327714,45.70027833145615,4.806615444514719,8.26,79.08,-16.84,45,2015-05,0iFnxKfSClQXOr62hLO3UQ
1498,45.70152294021397,4.796109859126368,45.70146836479142,4.795994405758456,10.83,55.91,-13.0,35,2024-06,_EUMYjJ8ikK_yCmIwcDSlg
1500,45.7009981835652,4.8073567687653735,45.70098524248182,4.807243786948603,8.89,80.69,-15.7,45,2015-05,5XtHO1B89VmJJxE-_xRxFA
1502,45.70108969623716,4.79570587367619,45.70108432045403,4.795803904315687,7.64,274.49,-18.13,45,2024-06,dTt-8aL0Y8yCWSMV_azfJw
1503,45.69591912813509,4.807158571418689,45.69598275751419,4.807218653574751,8.48,213.41,-16.43,45,2024-06,PgQUljUtOc-Q2YdK5I9eAg
1505,45.70272446467151,4.80521911088489,45.70271223234123,4.80532153303838,8.07,279.7,-17.21,45,2024-08,8yXCZ4bi5CKmjYginKB4sQ
1508,45.70186721622224,4.796206516154518,45.70184986602058,4.796090279827586,9.23,77.94,-15.15,45,2024-08,jMAN948mtq0ImnckizXlOQ
1511,45.70096805313948,4.804926488738689,45.70089715402612,4.804830695627227,10.84,43.34,-12.99,35,2020-10,gQY2dKAhaUAE9duAmTtkkA
1513,45.69687361975338,4.809290186539234,45.69692744367948,4.809389032033721,9.73,232.06,-14.4,45,2024-07,F_D7sJP2ul4F7z4SyeE7Aw
1515,45.69620672304449,4.804714911084125,45.69624076335005,4.804775323499755,6.03,231.11,-22.52,55,2024-06,Iz2F41ybWAkyTz158Voefw
1516,45.70052825764567,4.806701414570066,45.70054938334368,4.806788252509176,7.14,250.8,-19.29,45,2015-05,A09p4kOnaemP8ndiaq1PkQ
1518,45.70444073841437,4.797657969399201,45.70442114309518,4.797822628965946,12.97,279.67,-10.91,35,2015-05,mS8n6EILsPDGb82z7UoIVQ
1521,45.70042902240439,4.795442457700944,45.70045004365112,4.79556177629994,9.56,255.84,-14.66,45,2024-06,M86W8Oz_-sEEaq-gC5S7vg
1522,45.70119329188712,4.805632513398275,45.70124872466496,4.805702382703565,8.21,221.36,-16.93,45,2015-05,o89f8SP512yG8uhJxobcaw
1523,45.70313944912649,4.8004947409714855,45.70309076957017,4.800574356538011,8.22,311.2,-16.92,45,2015-05,-1sYUhvrppTPXkfQ1HBScA
1524,45.69904651085244,4.802737389906998,45.69910968403199,4.802751997764608,7.12,189.17,-19.36,45,2024-07,ewNqKNQ4WQPqS2qOxcqEhQ
1528,45.70348559870824,4.80773454316498,45.70343785155085,4.807686097869745,6.51,35.32,-21.02,55,2015-05,_sn748cqOVTbbmHbFaSclQ
1529,45.70142895764969,4.80301871455043,45.70150379836176,4.802890732027598,12.96,129.94,-10.92,35,2015-05,0HeP7ZqhPM-zYDF8j_TjOw
1531,45.70286010344923,4.800536989855074,45.70288033611399,4.800629625616819,7.54,252.63,-18.35,45,2015-05,f65U86N4QzboDp-Oweg9pQ
1535,45.70121398578506,4.803333366089062,45.70129009770692,4.803401338933227,9.97,211.95,-14.07,45,2024-07,N7zgWqml84gBnOo6IXAveg
1536,45.70238111130345,4.805050308365176,45.70240298538758,4.80514778149174,7.95,252.19,-17.46,45,2024-07,n9A_cKT-eHxfHjjxJDFqMQ
1537,45.7040835377498,4.796874103087516,45.70405622786809,4.796956450470317,7.08,295.4,-19.45,45,2024-08,CgZYuboH0PoI4iUaZGxzOA
1538,45.70058904796294,4.805179601846979,45.70051175383566,4.805093203534295,10.9,37.98,-12.91,35,2020-10,DbkhGSQBEjsbJymocAdM1g
1539,45.70070934859982,4.804159199569397,45.70064325967774,4.804114997236679,8.11,25.04,-17.13,45,2024-08,zbL0NPwWsQfJkDFA6YE-mA
1540,45.6966400595393,4.809525779790323,45.69666240097732,4.809598822016796,6.19,246.35,-21.98,55,2024-07,aF8hcYe2w84Djy3cHPMcaA
1542,45.70334774933877,4.80517315771671,45.70332289146923,4.805250966880885,6.64,294.58,-20.62,55,2024-08,mIlwLCwF1Oe71MCDqzxqNA
1543,45.69917758139695,4.803436569423417,45.69908253365207,4.80341393375477,10.71,9.44,-13.13,35,2024-07,azQ5hIz9VdG7QgtI8p9yrQ
1550,45.70385954976288,4.796974222330695,45.70387833561457,4.796886499205847,7.13,107.05,-19.33,45,2024-08,_9H4KCMI0sD1txlCRNGKhQ
1553,45.701186284028125,4.805653125242446,45.70124872466496,4.805702382703565,7.93,208.85,-17.5,45,2015-05,o89f8SP512yG8uhJxobcaw
1554,45.70408787047274,4.796875766706624,45.70405622786809,4.796956450470317,7.19,299.32,-19.18,45,2024-08,CgZYuboH0PoI4iUaZGxzOA
1555,45.70333116630668,4.805169838474737,45.70332289146923,4.805250966880885,6.37,278.31,-21.44,55,2024-08,mIlwLCwF1Oe71MCDqzxqNA
1557,45.6999362035689,4.804785817902108,45.69988565408129,4.80471383176899,7.93,44.84,-17.5,45,2024-08,bx3_O2BYvoNz5LxevoQeYg
1559,45.7041268363088,4.809541952955477,45.70416910293804,4.809423680327228,10.32,117.1,-13.62,35,2008-11,DfZPfYpaExFTSaEyuwR68A
1561,45.69892305157004,4.807128085826586,45.69898396134433,4.807118872953483,6.81,173.97,-20.16,55,2024-07,_l0lyh63ZQpgw6BazcqdYg
1562,45.70295911625162,4.805295612998224,45.70299204445458,4.805365489921146,6.55,235.99,-20.9,55,2024-08,qRIKi392UcGnWeFdCu1Vww
1565,45.700574181115805,4.795688021917096,45.70062708733943,4.79563785674889,7.06,146.49,-19.51,45,2024-06,6_JbP3oaCMIXSGh7650R0w
1566,45.70096089557556,4.804941889210889,45.70089715402612,4.804830695627227,11.17,50.62,-12.61,35,2020-10,gQY2dKAhaUAE9duAmTtkkA
1567,45.69917043534856,4.80624871233086,45.69920212080527,4.806343937026381,8.19,244.53,-16.97,45,2024-08,eDjF-DIwprRKDUxrTCFM_A
1569,45.700849822441725,4.805010261042137,45.70083814520654,4.804881027582642,10.12,82.63,-13.88,35,2020-10,6Oy7jqTpvqZHkdCeVLMY2g
1570,45.69783745474458,4.795207381375961,45.69792023811295,4.795178904699532,9.47,166.49,-14.79,45,2024-07,Lsqm0KHAy19vShlxzCzsow
1572,45.70062434242667,4.806712254481203,45.70054938334368,4.806788252509176,10.21,324.7,-13.75,35,2015-05,A09p4kOnaemP8ndiaq1PkQ
1574,45.70096726270792,4.803938477512381,45.70095403979153,4.803821239140354,9.22,80.83,-15.17,45,2024-08,6IqXaPPdSTkzQKKeP6TW_A
1577,45.700700660572,4.8066778543528486,45.70074801991657,4.806722465526676,6.3,213.34,-21.63,55,2008-11,SyCDw6DiNOxv6CbcnoVqWQ
1578,45.69965878075625,4.805016528828294,45.69971743290037,4.804943047608016,8.67,138.81,-16.09,45,2024-07,2vSWmR-_pMHHiej-T8ZSzQ
1580,45.70313905586433,4.808007098815287,45.70308052736765,4.807967138265135,7.21,25.49,-19.12,45,2015-05,ZGjJICP-XQ0rLbJbJWyI4A
1582,45.701834151869605,4.804653625095531,45.70194067633398,4.804720001517105,12.92,203.52,-10.95,35,2024-08,3NtBvT-h201817V2GAfKAA
1584,45.701122075151545,4.805968729906696,45.70118980495601,4.805938318357972,7.89,162.59,-17.58,45,2015-05,ZngHWjf__uQAqT3nSIZAXw
1586,45.70296277128921,4.805286760218705,45.70299204445458,4.805365489921146,6.93,241.97,-19.85,55,2024-08,qRIKi392UcGnWeFdCu1Vww
1587,45.70131300437794,4.803680794309855,45.7012736237677,4.803541938392125,11.64,67.9,-12.12,35,2024-08,Bzx1hNhdYLjg03eV8Ar75g
1589,45.698255659137565,4.799520392730283,45.69827350813438,4.799435754556422,6.87,106.8,-20.01,55,2024-07,gIzbLXO_2vd8tvMCEd6eRw
1590,45.69618830680048,4.804801459338687,45.69624076335005,4.804775323499755,6.18,160.81,-22.04,55,2024-06,Iz2F41ybWAkyTz158Voefw
1591,45.70155985523124,4.796073370884154,45.7015749827113,4.795944465393243,10.15,99.54,-13.84,35,2024-08,-0ihGp4ot4Aq77G9abDHXA
1593,45.69801059778947,4.808602127360135,45.6979681060621,4.808497654147981,9.39,59.79,-14.91,45,2024-07,_oYzYCtaxPQgr7cIYRog2Q
1594,45.70370202959103,4.797667360390917,45.70377454925842,4.797617718230526,8.94,154.45,-15.63,45,2015-05,PB0wdDv3nvDNbqMYokQWNg
1596,45.70073608474997,4.804143843826254,45.70072222035097,4.804042873127467,7.99,78.88,-17.37,45,2024-08,FF1JOYe4q0XSIb9r0TIF6A
1598,45.704079205026815,4.796872439468683,45.70405622786809,4.796956450470317,7.01,291.39,-19.64,45,2024-08,CgZYuboH0PoI4iUaZGxzOA
1600,45.70063115071881,4.8067222900483815,45.70066325499248,4.806844805119965,10.16,249.43,-13.82,35,2008-11,3l9fSSR_1sS4MPujj86Wqw
1603,45.69917375634368,4.807779313590343,45.69909072667146,4.807717996700469,10.39,27.28,-13.53,35,2024-08,vvRPSA2Ywc9X9SDkrmTAww
1605,45.702517997790295,4.800710357112307,45.70254741304716,4.800862788892657,12.28,254.55,-11.51,35,2015-05,MSc_7gVdlV0SkX_0F8wAaw
1606,45.69980692762937,4.804459655346655,45.69984670995154,4.804546771587754,8.08,236.82,-17.19,45,2024-07,Q4PZpjxDvD_EGTOWvwF7_A
1607,45.70161571298426,4.8037056429100025,45.70164992870781,4.803566665957774,11.44,109.42,-12.32,35,2024-08,QtO2MH4nJbXWKhv7iPB94Q
1608,45.69965013187228,4.805014314491214,45.69971743290037,4.804943047608016,9.31,143.51,-15.03,45,2024-07,2vSWmR-_pMHHiej-T8ZSzQ
1610,45.69620961089705,4.807132369646429,45.69618852744831,4.807210005508201,6.47,291.25,-21.13,55,2024-06,0QXCua36KujWFWPaSJATXg
1613,45.69916447636126,4.807657835147221,45.69909640315441,4.807591582400603,9.15,34.21,-15.28,45,2024-08,-8afDbc_zIpIMwQAcggVig
1614,45.69948157822365,4.799753979869668,45.69949111006285,4.799880452593306,9.88,263.84,-14.2,45,2024-06,Eq-tOVO_sbddU_OBy7CpUw
1617,45.700762754463405,4.806802452084954,45.70074801991657,4.806722465526676,6.42,75.22,-21.26,55,2008-11,SyCDw6DiNOxv6CbcnoVqWQ
1618,45.69932438131247,4.795024557501025,45.69929072542563,4.795115795558649,8.01,297.84,-17.33,45,2024-06,mQ8tnOjMg2N3vFjuwP-Qpw
1620,45.69645890696674,4.808837123861498,45.69635795024703,4.808864631288305,11.43,349.23,-12.34,35,2024-07,5c88SBEk_3Ly1OIjXh1pLg
1622,45.70470980850956,4.79852651009515,45.70469765417148,4.798407914075464,9.31,81.65,-15.03,45,2015-05,F6Aelhs071DP0S_RusLKYg
1623,45.70377932219501,4.80888124404732,45.70386665743936,4.808874632856826,9.72,176.97,-14.42,45,2008-11,5gdsHyJywl7cNkxHZL07gw
1624,45.70300055755687,4.800499179764552,45.7029838560343,4.800584642408072,6.89,285.63,-19.94,55,2015-05,wlqSVgUTlPppY-6J8LhLjw
1625,45.69794310925205,4.808421117095178,45.6979681060621,4.808497654147981,6.56,244.94,-20.86,55,2024-07,_oYzYCtaxPQgr7cIYRog2Q
1626,45.70027270882997,4.80596752276771,45.70019831734499,4.805994444958708,8.53,345.82,-16.33,45,2015-05,UHTnZo8YvXcLXQEj1-BjfQ
1629,45.70042178610812,4.806534118525487,45.70038746953832,4.806617556513271,7.52,300.49,-18.39,45,2015-05,wS1cmv4LRWH43em45VTINw
1632,45.70085870118184,4.80649659418623,45.70089632050986,4.806557496682553,6.31,228.51,-21.6,55,2008-11,1kDX7DaRUsXfHbMldcPQJA
1633,45.7006282075375,4.806723557642905,45.70054938334368,4.806788252509176,10.1,330.18,-13.9,35,2015-05,A09p4kOnaemP8ndiaq1PkQ
1635,45.7639730943683,4.959816972584836,45.76404738998045,4.959759975239423,9.37,151.84,-14.94,45,2023-01,31Gnks8IdjMJ2zQFer7pUQ
1637,45.70062232117483,4.806726092831544,45.70054938334368,4.806788252509176,9.44,329.24,-14.84,45,2015-05,A09p4kOnaemP8ndiaq1PkQ
1638,45.70062982818253,4.806710541649898,45.70054938334368,4.806788252509176,10.79,325.99,-13.04,35,2015-05,A09p4kOnaemP8ndiaq1PkQ
1642,45.70200206722885,4.803908828085973,45.70210053259013,4.803952602726372,11.46,197.25,-12.3,35,2024-08,Tsk5tQS767dlNHUfO1RBow
1643,45.70044246751253,4.80647166220627,45.70034604882002,4.806480196050607,10.74,356.46,-13.1,35,2015-05,CKWmHcSAFpkOhNR2G9cvZw
1644,45.6989391126498,4.807945260748992,45.69888432756182,4.807903141664547,6.91,28.23,-19.88,55,2024-07,8Xp2NLrA9_wmS5AC_kVfGA
1646,45.696180409010125,4.807132388781661,45.69618852744831,4.807210005508201,6.1,261.48,-22.3,55,2024-06,0QXCua36KujWFWPaSJATXg
1647,45.70294213653693,4.805285312471497,45.70299204445458,4.805365489921146,8.34,228.29,-16.69,45,2024-08,qRIKi392UcGnWeFdCu1Vww
1648,45.69687174114636,4.8073247740097775,45.69684575447124,4.807422634831299,8.13,290.82,-17.09,45,2024-06,pR1GuY_-6AqKuM_PDyUIqQ
1649,45.69965199639828,4.80505630408654,45.69974794145143,4.805066235454233,10.7,184.13,-13.16,35,2024-07,df4NW32-5jUhuH46eISMww
1650,45.69918027189005,4.807825572352405,45.69908703749312,4.807898714676211,11.82,331.28,-11.94,35,2024-08,apmfW8saejnWtNW6PbD2vA
1652,45.701443508048094,4.796165124944206,45.70139455427907,4.796049118016087,10.53,58.86,-13.36,35,2024-06,GJZ-YmKxbYvyTNjZG8b6pg
1654,45.70135911004286,4.805620690235219,45.70129797772178,4.805569005593359,7.89,30.56,-17.57,45,2015-05,cx6HiVv71Z1LxSMCQRBRkg
1655,45.69898833575126,4.801312556973072,45.69895870193266,4.801403940643048,7.82,294.91,-17.72,45,2024-06,djiqrJsWYNykfaAwG9bBDA
1656,45.70033809624872,4.804460297903061,45.70030496809733,4.804396858581073,6.15,53.21,-22.12,55,2024-08,qKusNDqQqY4PBIzKWKNorw
1657,45.70107140304216,4.80641659590889,45.70106297496469,4.806327844905994,6.96,82.26,-19.77,55,2015-05,MqaieGetSnUtPwwIs3r0-Q
1660,45.768440025831055,4.946351002249537,45.76839388982485,4.946304505111317,6.27,35.11,-21.74,55,2026-06,cIlf0kP1Dm0BKfsQ-O978w
1661,45.69917955756067,4.806237562974657,45.69920212080527,4.806343937026381,8.63,253.11,-16.15,45,2024-08,eDjF-DIwprRKDUxrTCFM_A
1662,45.696166239991534,4.805085671138781,45.69621370317116,4.80504555562765,6.13,149.45,-22.19,55,2024-06,uyiAuayfCVSq9wJ8n78Caw
1663,45.7011902099898,4.805644211850598,45.70124872466496,4.805702382703565,7.92,214.77,-17.52,45,2015-05,o89f8SP512yG8uhJxobcaw
1665,45.697419273815534,4.809223502574221,45.69738224808152,4.80911769545762,9.19,63.39,-15.22,45,2024-07,QelUKKNXxvvgqmWjXX0SlQ
1668,45.70120334417168,4.807438903404025,45.70125326263201,4.807364817878216,7.99,133.97,-17.37,45,2015-05,ANCo2YoX585Ed4bYc4PRXQ
1669,45.70119757313747,4.803333636094616,45.70120397419993,4.803463035061711,10.07,265.95,-13.94,35,2024-07,0mwJ2h0WakgK69bKsXtUdQ
1673,45.701837286095866,4.804662778948071,45.70194067633398,4.804720001517105,12.33,201.13,-11.47,35,2024-08,3NtBvT-h201817V2GAfKAA
1674,45.701959307995445,4.796042363760288,45.70193355580839,4.796122777041737,6.87,294.63,-20.0,55,2024-08,g8yY9Ex650aESeosodBJQA
1676,45.70043988768382,4.80646320649462,45.70034604882002,4.806480196050607,10.52,352.79,-13.37,35,2015-05,CKWmHcSAFpkOhNR2G9cvZw
1680,45.701133467313085,4.807264094198463,45.7011674554092,4.807329395967594,6.32,233.31,-21.57,55,2015-05,lA5i71f6Xc-Sv0jZmC5WJw
1681,45.69915356373245,4.804362642268115,45.69906640459607,4.804383721356134,9.83,350.41,-14.27,45,2024-07,Vpc32Z4G5A0gEteaY9Vb9w
1682,45.69919295175183,4.8062594348608085,45.69920212080527,4.806343937026381,6.64,261.17,-20.63,55,2024-08,eDjF-DIwprRKDUxrTCFM_A
1684,45.69986439230768,4.806054708839869,45.69984022004412,4.805975932441503,6.68,66.28,-20.51,55,2024-08,_4ExqLujoKPb532NwbbTxg
1686,45.701092373249686,4.806095922648248,45.70112642194992,4.80617538150053,7.24,238.47,-19.05,45,2015-05,NQG6arYJVcnacxEZJ5jRtg
1687,45.70055758438346,4.795694216563257,45.70054106073052,4.795600724998885,7.49,75.8,-18.46,45,2024-06,Yj6XvWDBlwt3DDjZIJzI1g
1688,45.698004401309085,4.795069039070237,45.69794903703469,4.795049633412789,6.34,13.76,-21.53,55,2024-07,4YHQKcX_7R9xfuK54-dAJA
1689,45.75738780642731,4.947189406074238,45.75738380351285,4.947279049749899,6.97,273.66,-19.73,55,2022-01,hiF-rqiCBLKAxsNchEWazA
1691,45.6998265110201,4.805573864987301,45.69986973036855,4.805447668782862,10.92,116.12,-12.9,35,2024-07,3vsmYeeq67YMNQzZyQHovQ
1693,45.70042022931542,4.806407112632078,45.70034604882002,4.806480196050607,10.01,325.47,-14.02,35,2015-05,CKWmHcSAFpkOhNR2G9cvZw
1694,45.69913712161768,4.795135364815409,45.69910949523879,4.795044732014497,7.68,66.42,-18.03,45,2024-06,gxT-VFKxxQzoyOpCDFQQJw
1695,45.70129019042597,4.805771260081163,45.70124872466496,4.805702382703565,7.06,49.24,-19.49,45,2015-05,o89f8SP512yG8uhJxobcaw
1697,45.69896850641518,4.794874690509374,45.69894328856176,4.794979618647081,8.62,288.99,-16.18,45,2024-06,TB471zgFrVUKxPyrdp0nxg
1699,45.70092706893502,4.803975434058102,45.70087644147842,4.803895389315552,8.39,47.84,-16.6,45,2024-08,iGKApTNPzY1cIjXb8c6p5w
1700,45.70443283587837,4.797703212832413,45.70442114309518,4.797822628965946,9.36,277.98,-14.95,45,2015-05,mS8n6EILsPDGb82z7UoIVQ
1701,45.74816446833742,4.937919010868433,45.74821947342031,4.937856395710277,7.81,141.54,-17.75,45,2024-10,ebX7ifcEcFB4h-kgr0AYng
1705,45.70129924214892,4.803679939630732,45.7012736237677,4.803541938392125,11.09,75.11,-12.7,35,2024-08,Bzx1hNhdYLjg03eV8Ar75g
1708,45.69996262765215,4.804761878718781,45.69997653526071,4.804645674214731,9.16,99.72,-15.27,45,2024-08,9bHM_1ITbfPpxbVXdo8m7Q
1709,45.69872915376706,4.794799903261048,45.69868329633859,4.794725889613851,7.68,48.42,-18.02,45,2023-06,IwVzbfPWqfU9lEBFlHoc4Q
1710,45.70132417807645,4.803664230811838,45.7012736237677,4.803541938392125,11.04,59.38,-12.76,35,2024-08,Bzx1hNhdYLjg03eV8Ar75g
1711,45.70057860417177,4.804265451925761,45.70053907447458,4.804201739667421,6.62,48.38,-20.69,55,2024-08,sG4yCU9ZcdgM0_8RzjNcxQ
1712,45.70210783367131,4.8049093496032125,45.70203342844717,4.805003654655919,11.05,318.49,-12.75,35,2020-08,CnIfWNVKGlnnRDC8fjuKtA
1715,45.70117339945514,4.795751561365409,45.70117735803284,4.795843030272046,7.12,266.45,-19.35,45,2024-06,ycnKaGk9mx2eMzQaY3TMWw
1716,45.75151576489722,4.9406638987385,45.75151000006213,4.940744338606134,6.27,275.86,-21.73,55,2023-01,GscZYvOd_AxFx4LPNwHcaQ
1720,45.76318230640014,4.964982595999181,45.7764229345609,4.992278322655026,2578.75,235.19,-0.06,35,2023-09,CAoSF0NJSE0wb2dLRUlDQWdJQ1prY3Z5andF
1725,45.76151963528212,4.972813089222376,45.76146538114457,4.972751784269397,7.68,38.25,-18.03,45,2020-12,xANahvdel28-7gJWx9oiSA
1726,45.7583692890157,4.947478085586807,45.75830735343082,4.947481743929942,6.89,357.64,-19.94,55,2022-01,rif7CptoH7s8WFAQ5nZ79Q
1731,45.76250409681923,4.942512872317388,45.76256243658803,4.942524904646849,6.55,188.19,-20.88,55,2023-01,ljRtXTJxgrIvoQqxP5gD_w
1736,45.76322315983001,4.965436533445758,45.76322657192665,4.965515904182936,6.17,266.47,-22.06,55,2023-01,atmE2vZmKtdDtLFST7ASFA
1739,45.76389808451182,4.955095919114233,45.76400095173726,4.955055836909955,11.85,164.79,-11.91,35,2024-10,tXxK5zohgkwFI1IZqz6DMg
1740,45.76860913518617,4.967341605355699,45.76857697660349,4.967271000536051,6.54,56.86,-20.92,55,2023-01,0Ss1JQDXXbv-kWOVuDs1Aw
1742,45.75618780214986,4.94645152659284,45.75616253836448,4.946379213062704,6.27,63.4,-21.72,55,2022-01,DEVSS0W48HcYeo9vd45FcA
1743,45.7520029614233,4.944846369968589,45.75200290855724,4.944928219802287,6.35,270.05,-21.49,55,2023-01,fpgNq5RCxnrP2pngH1k5KA
1745,45.75040861078546,4.937311501516713,45.75043410671582,4.93722447909687,7.32,112.78,-18.85,45,2023-01,4vzwVL3ngUoKEjnL5aGm-A
1746,45.76095485094398,4.947627749300708,45.76101619843823,4.947619321357827,6.85,174.53,-20.04,55,2026-06,MpgJhDwsOcJipvKUi6sKGw
1747,45.757182134813625,4.946090733886958,45.75713104929909,4.946036270867282,7.08,36.64,-19.45,45,2023-01,kOpyBxdoTlBmPENTvr9M_g
1751,45.76150748216229,4.972320548211675,45.76145661074471,4.9723633903089,6.56,329.56,-20.86,55,2020-12,e_KRkKC3xcTd6BFOpqBvog
1755,45.74962053276891,4.93970493206591,45.74964439306224,4.939572597891897,10.61,104.49,-13.26,35,2024-10,zFh6fnbrozKLC5OsCtGWEQ
1758,45.75857798926965,4.947828514116898,45.75863612582477,4.94775825239712,8.46,139.86,-16.47,45,2022-01,5bcy61OoRksXsfQCouIjtA
1763,45.750619833026064,4.945510807742618,45.7506346771898,4.945430598417168,6.44,104.85,-21.22,55,2022-01,d5_88rfx_AxBGrzc8k5CNA
1765,45.751659497678304,4.941877689222232,45.75164354638218,4.941999152826944,9.59,280.66,-14.61,45,2024-10,ZN-MQqSBnDoOyycH9BE4_w
1766,45.76985577343508,4.957441158356524,45.76989412282865,4.957511973363967,6.95,232.18,-19.77,55,2026-06,NOF3ZOkyxt4bRsluywisLg
1780,45.75710897494181,4.946453687918217,45.75706707224341,4.946377573299594,7.52,51.72,-18.38,45,2020-07,lS8tslO6gpgD8OK-4nc2Tw
1782,45.76044869700204,4.936766715197323,45.76045989790089,4.936860482396784,7.38,260.28,-18.71,45,2024-10,ETxxB2hBBkRt6nYRnMH9dg
1783,45.76008448301861,4.936859081999135,45.76009546670786,4.936759356402105,7.83,98.97,-17.7,45,2024-10,K-vBZrhZtbdZydkn-0MJwA
1787,45.7603045694761,4.962179259941181,45.76033749568145,4.962241438751229,6.06,232.8,-22.43,55,2022-04,dXYQBG7lXOSq-NUL-TjwqQ
1788,45.76407235595014,4.957863431746071,45.76402357210772,4.957788438388585,7.95,47.0,-17.45,45,2022-04,fyBBpPmK2HdAFjOro7x1LA
1789,45.757567709111655,4.94631443868454,45.7575524969304,4.946234523963099,6.43,74.74,-21.26,55,2023-01,JBkZh-UudDQcKfAiQ1GXkw
1793,45.76240174721397,4.942696222562246,45.76248220696657,4.94276103501423,10.26,209.33,-13.69,35,2023-01,bVxVGZn2uVkmoVUjlyLV_Q
1796,45.76119792807062,4.937103763209642,45.76118224775792,4.937008945783305,7.56,76.66,-18.3,45,2024-10,WAt7U41jXTXzFioVk5-xGw
1798,45.7612162969148,4.936923149735125,45.76118224775792,4.937008945783305,7.66,299.63,-18.08,45,2024-10,WAt7U41jXTXzFioVk5-xGw
1800,45.73004816233724,4.887011818674456,45.73000520001091,4.887086942683312,7.54,309.33,-18.35,45,2026-04,5cXl8YZ1qY34a7MwVqtZUQ
1808,45.76943905263536,4.936684526717152,45.76951757413589,4.936667092834478,8.84,171.2,-15.8,45,2022-01,lORB2UMj0rEiYiDxAB2QIA
1810,45.76751043873261,4.964170600517934,45.76746783036023,4.964221186818772,6.15,320.37,-22.12,55,2022-04,mUn9zCJG8TWJjX_jbuSNfw
1811,45.75149510408811,4.94517825568582,45.75152750493359,4.945103987049627,6.8,122.01,-20.2,55,2023-01,8pyEs_yvnWxda8EMrN4uuQ
1813,45.7615962521014,4.945890884353761,45.76162062566878,4.945820534177249,6.09,116.41,-22.31,55,2015-08,6DF7lW4D5ayXWSP6PWVERg
1817,45.75017394785456,4.940123086542929,45.75012740242889,4.940164527151752,6.09,328.15,-22.31,55,2024-10,hvSWNCZspi6lMhzZnyxNNQ
1818,45.76132532619402,4.970618224849323,45.76136137695115,4.970552428657393,6.49,128.15,-21.07,55,2022-04,FlhP04be0_mnsMJoQ65QtQ
1819,45.7441457450306,4.932602633672472,45.74410985212361,4.932692207540984,8.02,299.86,-17.32,45,2026-06,1G_egmVQhoPlzei984bxKA
1820,45.744347132119785,4.932800951805791,45.74435980713709,4.932714706264599,6.84,101.89,-20.08,55,2026-06,cvxqhdHxZlb_gsAYz3BIaQ
1821,45.74465025504677,4.933161749916379,45.7447044655915,4.933140379443627,6.25,164.62,-21.8,55,2024-10,jcvTXdZ6Sjd9Z7xxI0iR-g
1823,45.74422367639147,4.9329590781853945,45.7442875417949,4.933012550250801,8.22,210.3,-16.91,45,2026-06,UjqHs6-itXzU4uk3p5uBbA
1824,45.76412078189684,4.958529570771261,45.76405952925762,4.958505604010938,7.06,15.27,-19.5,45,2023-01,r9lai4hOY--qUDdT9DZy9Q
1825,45.744453914084914,4.932291876027983,45.74437303488534,4.932325748665333,9.37,343.71,-14.94,45,2026-06,QivvozRE4KM4BfyolOBIew
1826,45.74414251979556,4.932611949977618,45.74410985212361,4.932692207540984,7.21,300.25,-19.12,45,2026-06,1G_egmVQhoPlzei984bxKA
1828,45.74394771338648,4.93263098413549,45.74401132262589,4.932683475260287,8.16,209.94,-17.03,45,2026-06,UBArSq9K0s0KxhxYgor4gw
1839,45.74413928944252,4.932621292598148,45.74410985212361,4.932692207540984,6.4,300.75,-21.33,55,2026-06,1G_egmVQhoPlzei984bxKA
1842,45.7439170447358,4.932302907501934,45.74398164455403,4.932246039606642,8.43,148.44,-16.52,45,2024-05,vXToJO2SxYJ1kwnsaW4M4A
1843,45.76189517151168,4.962575176922596,45.7619337366902,4.962638740151142,6.53,228.99,-20.94,55,2023-01,fhjSAdYBLinmA9s1pnK_Tw
1847,45.86623377747272,4.742470975327294,45.86617612458739,4.742500571085178,6.81,340.33,-20.16,55,2024-04,cVdyXeMdBQGLp57lZJjQ1w
1849,45.84439342990909,4.770010628849207,45.84445573117252,4.769996151253463,7.02,170.8,-19.61,45,2024-03,qyEJfHQ5zzhLDk9CdgzOLQ
1853,45.77103467893838,4.963363524338408,45.77099608258917,4.963434441327863,6.98,307.96,-19.71,55,2024-10,UKpWCXhsbAP7wjJM1gCS7w
1854,45.77090188241287,4.962960396961915,45.77098459458611,4.962940768473747,9.32,170.6,-15.01,45,2024-10,YDDnFcfc9WeZOJzRhBotnw
1857,45.76208885873676,4.825958783022054,45.76203366756019,4.825948198391366,6.19,7.62,-21.99,55,2024-06,WTbB1PjTf3xgCcQ6D_UqQw
1860,45.76202936515185,4.826195920425671,45.76201150517804,4.826076629320262,9.46,77.89,-14.8,45,2024-06,YnfVeLgCiqTMBX16QkTCNw
1861,45.76209115373613,4.8260005751490525,45.76203366756019,4.825948198391366,7.57,32.44,-18.27,45,2024-06,WTbB1PjTf3xgCcQ6D_UqQw
1862,45.76208812005479,4.826007324693675,45.76203366756019,4.825948198391366,7.6,37.14,-18.22,45,2024-06,WTbB1PjTf3xgCcQ6D_UqQw
1866,45.7619184439228,4.826046554751709,45.76192372167726,4.826143888128019,7.57,265.56,-18.27,45,2024-06,-iYPd0DAaatd-988ZQLS3A
1868,45.760602900199984,4.826551171359033,45.76055263630592,4.82661675118368,7.56,317.69,-18.3,45,2021-02,Xi0E6DDDb3fgFNGQAbrqVg
1869,45.76049557804171,4.826513025269268,45.76046353905389,4.826589832489891,6.94,300.88,-19.8,55,2021-02,Q8nyD0uPvUWuheObs3KDRg
1870,45.76077390084268,4.82660395286794,45.76074246175138,4.826680083157124,6.86,300.62,-20.02,55,2021-02,pF8ygBQWMP8Xrro6jtPK6A
1872,45.760949983342286,4.82584935006994,45.76099604649003,4.825926460004071,7.88,229.43,-17.61,45,2021-02,rK2fzZzcQy3cjMX-r9KU4Q
1874,45.79724689524292,4.8098446889084325,45.79722592444752,4.809736615719751,8.7,74.45,-16.04,45,2022-03,qLOqW0m_WWKd1jwOtFb9yA
1876,45.72995495305648,4.887891618730423,45.7300076337089,4.887919725422526,6.25,200.43,-21.8,55,2026-03,2A5dzB-YHoL-ZXTUVkv4Bw
1878,45.79747091101921,4.808997523882118,45.79749190785751,4.80908267529053,7.0,250.52,-19.65,45,2024-03,QAJF8NsY2shPVteqmZnv-g
1879,45.797631969652855,4.809014999358941,45.79753721274372,4.808945333183625,11.84,27.14,-11.92,35,2024-03,XCH7eT8R7EoCKiDUiAOjaA
1881,45.797626098061535,4.809033527906275,45.79753721274372,4.808945333183625,12.02,34.67,-11.75,35,2024-03,XCH7eT8R7EoCKiDUiAOjaA
1882,45.79762548202038,4.809055686681724,45.79753721274372,4.808945333183625,13.02,41.08,-10.87,35,2024-03,XCH7eT8R7EoCKiDUiAOjaA
1885,45.80107918521582,4.815236551783023,45.8011741026971,4.815220322434684,10.63,173.2,-13.24,35,2023-05,cp6FvpKyToaaA5DgeLAmuQ
1886,45.77096585454017,4.963727443203801,45.77102334156489,4.963690027175936,7.02,155.58,-19.6,45,2024-10,0HrZnOP1UAXpQ7GaH17akg
1887,45.802163701832015,4.812614934685757,45.80211846660028,4.812551161941383,7.05,44.5,-19.52,45,2024-03,ZMO3BRd1io1JkwQ3DAmJhQ
1891,45.80288791537042,4.809853137164702,45.80280318677666,4.809745140149005,12.6,41.62,-11.22,35,2024-03,D8AyluK-5pDroqpRQkyDMQ
1895,45.88268804664322,4.881441971125027,45.88275478052356,4.88146143423155,7.57,191.48,-18.27,45,2023-04,Vo-K-IzN-oN2eND--5XpLQ
1896,45.88259273006263,4.879131473486421,45.8826566793112,4.879164275794671,7.55,199.65,-18.32,45,2023-04,X9KlBzdcoqHy0RbZfzaADg
1897,45.88266859650312,4.880997038206605,45.88274154075734,4.881029320853145,8.49,197.12,-16.41,45,2023-04,48Yg73NScRQY_lLJX-XzIg
1898,45.88237722288257,4.877206274205521,45.88242974060589,4.877142150851546,7.66,139.64,-18.07,45,2023-04,fXlkERPjVSTc06GwUNZEuA
1899,45.88261272995339,4.87969561433,45.88267555398459,4.879614357881884,9.4,138.0,-14.89,45,2023-04,9dpL_gmFYgT9U1SeEqGzuQ
1900,45.88265832016915,4.880737978878726,45.88273091388766,4.880728355640128,8.11,174.73,-17.14,45,2023-04,J6BS9CgdulkyPMcxQ_DaCA
1902,45.88230394744089,4.873376397241213,45.88235078521471,4.873476442396156,9.33,236.08,-15.0,45,2023-04,1Vz5hChatjC4Z1AvQIxdQg
1906,45.69360818204659,4.897862170517963,45.6936191610724,4.897944549626201,6.51,259.2,-21.0,55,2026-03,tBvG3VrVJiOtTJfKerf39g
1907,45.69282835090832,4.898426178693462,45.69288096144421,4.898463423750075,6.53,206.31,-20.96,55,2026-03,zowA7OCF6_sq8qoHM57uog
1909,45.69465484278829,4.897401804875175,45.69465733063636,4.897486155069983,6.56,267.58,-20.87,55,2026-03,p9Ead_-_uWOo8a23T2EepA
1912,45.692284630243925,4.898651711186263,45.69227157174616,4.898732976368027,6.48,282.96,-21.11,55,2026-03,EYS-4_Z828VTsiJ1V38ipg
1914,45.80231224156999,4.807024959367023,45.8023808551372,4.806998556893727,7.9,164.98,-17.56,45,2024-03,TJLTeQXjXR4FhrNcJnVOtQ
1915,45.69401777120152,4.897624650591273,45.69404133482542,4.897703323273424,6.65,246.79,-20.61,55,2026-03,DajqvOuAqJP4vbpgqX209Q
1916,45.692276952033644,4.898265195706651,45.6923193123729,4.898203133776997,6.74,134.34,-20.35,55,2026-03,dcvA6mANV8wKHugnLGF_Og
1917,45.69564854984744,4.8972512578196135,45.69569863260038,4.897306626626922,7.04,217.67,-19.56,45,2026-04,AMHCDG2IOLH8Vy6oo_30bw
1918,45.69322012099995,4.898145046046063,45.69321137159749,4.898231914016762,6.82,278.21,-20.14,55,2026-03,LOkTgucrxGr48ar8fuF59A
1920,45.69444080852193,4.897463190032862,45.69447958415723,4.897527911211899,6.62,229.38,-20.68,55,2026-03,z3tzg6Vu62L4IiWZuj6WzQ
1924,45.69298151799772,4.891103792780119,45.693007803288,4.891190473557088,7.34,246.53,-18.81,45,2026-03,nwZTq5YwRjFGPgpjto5SdQ
1927,45.692798546004525,4.891202502661208,45.69283738094853,4.891276116982926,7.17,232.94,-19.23,45,2026-03,S-SMvr9hLOg5JhSZbIv-Kw
1928,45.69234754877461,4.891739807792942,45.69241473120213,4.891752419282978,7.53,187.47,-18.36,45,2026-03,26y6l-1rUijStpyWlWtA8g
1930,45.69338084945842,4.890653087776792,45.69343767673533,4.890641793096734,6.38,172.1,-21.4,55,2026-03,0yuH9h3yW1BxPfWWAs-AVg
1931,45.69253875151336,4.891455930041071,45.69261113220603,4.891485830571691,8.38,196.1,-16.62,45,2026-03,dplt1UgRhb0TVNBWomJiQw
1932,45.6921036026416,4.892854950564495,45.69216042208195,4.892856504155565,6.32,181.09,-21.58,55,2026-03,ix1L-abesfWHaH9nY-QMNQ
1933,45.69316901085049,4.8910356268216,45.69318694990208,4.891119162444058,6.79,252.91,-20.22,55,2026-03,gDxClkRt9wsQJ240VVAA7A
1936,45.69253322144655,4.872872834932008,45.69246769785215,4.87277910728137,10.3,44.98,-13.64,35,2020-07,tKWYInqi0dX4bWkzY-3zRQ
1937,45.692373300723,4.872743068601758,45.69246769785215,4.87277910728137,10.86,194.93,-12.96,35,2020-07,tKWYInqi0dX4bWkzY-3zRQ
1938,45.692552434809805,4.872502655176762,45.69259479500484,4.872576879925226,7.44,230.75,-18.56,45,2020-07,deMwhmwllrlPnUuPAnM9sw
1939,45.69243127688112,4.873085122196615,45.69242672978323,4.872994879598588,7.03,85.87,-19.58,45,2024-06,5aV7Km00CdRZC0QXGE1tQQ
1941,45.69241137948551,4.87307215340214,45.69242672978323,4.872994879598588,6.24,105.88,-21.83,55,2024-06,5aV7Km00CdRZC0QXGE1tQQ
1942,45.76629773070989,4.961183888990681,45.76629968371418,4.961069753051938,8.86,91.41,-15.76,45,2026-06,PWkJppv6dYuRnhhl94aGRw
1943,45.76679735490441,4.9609245468833,45.76674689094451,4.960867884985244,7.13,38.07,-19.33,45,2026-06,z2M8mhjtL3hc1G5eMKKlvw
1946,45.73516335647291,4.912190417217177,45.73521785503943,4.912197222144028,6.08,184.98,-22.34,55,2022-01,9SP_wdCLL78X5mRxyY8Arg
1950,45.77087583978077,4.854908124119079,45.77091868947433,4.854979952544244,7.33,229.46,-18.83,45,2023-05,VdhOvvCWpmk14mf4nOjq1g
1951,45.77048740480947,4.854969667878976,45.7704985351884,4.855063127050198,7.35,260.31,-18.78,45,2023-05,EnC0wAOo19_bhBfCNZhx-Q
1956,45.77052494125653,4.855255641362048,45.77058470577079,4.855297633899387,7.4,206.11,-18.67,45,2024-06,eWJ2OqHQFRDbsCk-jGLCyw
1959,45.77000035827178,4.85506384067703,45.7699990580598,4.855158703097826,7.36,271.13,-18.76,45,2023-05,IHmQFERUrxt5vtM4YJJKrA
1960,45.770272140054814,4.8550143422821,45.77026707964474,4.85511226149326,7.62,274.24,-18.17,45,2023-05,oiKo1NaHnx305aPf5o2hyw
1967,45.84164156967207,4.835417794482294,45.84170142816525,4.835428502476545,6.71,187.1,-20.44,55,2026-05,YzEglj5h8clapY-fBbOYyQ
1973,45.84126799539758,4.836117033606529,45.8412378260482,4.836001452258457,9.56,69.46,-14.65,45,2026-05,g16HD7X68Baj-aL2JLhJ-g
1974,45.7437444684987,4.9220506377908135,45.7437595421395,4.921951723948439,7.86,102.32,-17.65,45,2026-06,yM57VZxCLOudlqH6SAFW2Q
1975,45.74373597580996,4.92205426158109,45.7437595421395,4.921951723948439,8.38,108.23,-16.62,45,2026-06,yM57VZxCLOudlqH6SAFW2Q
1976,45.74792831994333,4.921693762389923,45.74789445029926,4.921606345697219,7.76,60.96,-17.86,45,2026-06,h5Zw4dfiRBcne-kPpDtqvw
1977,45.7456837146828,4.921747971179772,45.74573307262816,4.921669756201472,8.18,132.12,-16.99,45,2026-06,FKeuJPh-pMP8QujmuD-3lA
1981,45.80151372993893,4.721979636773262,45.80144831374798,4.721929630240825,8.24,28.05,-16.87,45,2024-03,i2MePKBJ9eEc4w5zHZSANA
1986,45.80948991156153,4.719119734383956,45.8094489472467,4.719024455696996,8.68,58.33,-16.07,45,2026-06,IeobpgodJbexBYIgJKOUmg
1987,45.79399310277675,4.726376368629531,45.79404911618867,4.726382156484701,6.24,184.12,-21.82,55,2024-03,xP6M1WkZEoh6p3vbyXS7kA
1988,45.809915936001865,4.719046039342932,45.80990989961384,4.718961001430122,6.63,84.19,-20.67,55,2026-06,mBIc3aVuLPgdYMNh3vRehA
1991,45.808123465408,4.7193352268672975,45.80811137649698,4.719234301631989,7.94,80.25,-17.48,45,2026-06,tzdx7qYnmDZ5zYfRPrAi2Q
1993,45.80728067369162,4.719545308816489,45.8072485094936,4.719480177747222,6.19,54.68,-22.0,55,2026-06,bC-WlFYQoiGGI2_1rIfFrw
1994,45.80729677256949,4.719536107685921,45.8072485094936,4.719480177747222,6.9,38.93,-19.92,55,2026-06,bC-WlFYQoiGGI2_1rIfFrw
1995,45.80810850324194,4.719351405428664,45.80811137649698,4.719234301631989,9.08,92.02,-15.39,45,2026-06,tzdx7qYnmDZ5zYfRPrAi2Q
1996,45.81040983364531,4.718903335997173,45.81036342953988,4.71884545460231,6.84,41.0,-20.08,55,2026-06,JyI9QYNebASLvN9BTlF9hw
1997,45.807966965019006,4.719373291586431,45.80794080424203,4.719296482876935,6.63,63.96,-20.67,55,2024-03,fPXHKVH_LFWTgp4AZGO7WA
2000,45.80824050264382,4.7193128474413095,45.80819956001208,4.719220901818779,8.46,57.43,-16.47,45,2026-06,T1z1rw32El2vv5SBMIFAew
2001,45.80860941191325,4.719225855177406,45.80856510232557,4.719136463474777,8.5,54.58,-16.39,45,2026-06,Eznl34a_qINz8MRVf5Q7XQ
2002,45.807724073470894,4.719438276776998,45.80778564305505,4.719437008754773,6.85,179.18,-20.06,55,2020-11,I9cVeDb5Oc99-AuCPTe6ww
2004,45.80656719041041,4.719803152097338,45.80652741694916,4.719674641488883,10.9,66.06,-12.92,35,2026-06,i3v1BoThLyIi0VblmhZZaQ
2006,45.809530624959656,4.719124171090868,45.80954040243559,4.719014456611565,8.57,97.29,-16.26,45,2026-06,TItPeSpwFCPda_epS14rRg
2007,45.80922546770566,4.7191396934308205,45.8092568079619,4.719043092825729,8.26,114.96,-16.84,45,2026-06,MIUhsTzGLHClIURD37ayNQ
2010,45.79271124772935,4.728171135284476,45.7927286703317,4.72825433855476,6.74,253.28,-20.36,55,2023-04,_CIKJEjFQc2c_WSPytImuQ
2011,45.80993009443852,4.719059463703061,45.80990989961384,4.718961001430122,7.96,73.6,-17.45,45,2026-06,mBIc3aVuLPgdYMNh3vRehA
2013,45.8083461816802,4.719291663738418,45.80828964212451,4.719198411948796,9.58,48.98,-14.63,45,2026-06,Ew9F_LBFDXF7ii6lLYAv2g
2029,45.77441167358033,4.793404648707711,45.774379241802,4.793500506217775,8.26,295.88,-16.83,45,2024-05,jaKLP_BUeub9jUf1OPKdBQ
2035,45.80395354458374,4.778062861298115,45.80393506073473,4.778150864723057,7.12,286.77,-19.34,45,2024-03,RhQqou4wi1ujsat0rFWwLA
2037,45.72179297892278,4.9205110982082685,45.72183435922695,4.920454404585469,6.37,136.27,-21.44,55,2017-08,8TJlJ6-2cZX_wth8FMXEdQ
2045,45.89710600128205,4.831928426308709,45.89714898170789,4.831985202326846,6.49,222.59,-21.06,55,2024-05,y65Rm19ZYVxDb3_VI5CJbQ
2050,45.8032561543252,4.778455546678294,45.80331116840407,4.778539420857816,8.93,226.74,-15.64,45,2024-03,mG6bWvii6QR4PZsLtIbo0w
2052,45.80543686514701,4.771104149054684,45.80544046950278,4.771214818839511,8.59,267.33,-16.23,45,2024-09,eMhfIZxsuV_OL4tgC13sWw
2054,45.80539057904482,4.771713250845281,45.80540678590171,4.771545785118936,13.11,97.9,-10.8,35,2024-09,9t40fwygZJqZtzk6mbkIcA
2056,45.8050544491329,4.771318650277612,45.80505724414996,4.77118331736597,10.49,91.7,-13.4,35,2024-09,pV3eFH2CC1Jzty2K_HppRA
2058,45.80542046243141,4.77111778608072,45.80535750896015,4.77113940929373,7.2,346.53,-19.15,45,2024-09,ayHFe22k0bcmOzGPZ1cyvA
2059,45.80548070887515,4.771159801222743,45.80544046950278,4.771214818839511,6.18,316.38,-22.02,55,2024-09,eMhfIZxsuV_OL4tgC13sWw
2060,45.80548850907485,4.7711042296151405,45.80544046950278,4.771214818839511,10.1,301.93,-13.9,35,2024-09,eMhfIZxsuV_OL4tgC13sWw
2064,45.74242335555512,4.906475395958354,45.74235022388035,4.906526263679504,9.04,334.11,-15.46,45,2019-04,21JmraYv4I2m9UehltoyYQ
2071,45.73623044997964,4.90436519280236,45.73621477479809,4.904286398903632,6.36,74.09,-21.46,55,2022-01,zr3gs5VnAXr6Zo2DSpyJLw
2073,45.73530449537147,4.902379226165508,45.73534501897483,4.902257147397453,10.49,115.44,-13.4,35,2026-04,LmDu5hIbEvFJHgxal4VYtA
2075,45.7345972180468,4.901800669193328,45.7346370509017,4.901709255671251,8.36,121.98,-16.64,45,2026-04,K4YWCY16PdXaAwqSXebPqQ
2077,45.73934748802751,4.90556612873344,45.73940028944705,4.905470249097084,9.48,128.28,-14.78,45,2022-02,-5tSTFVa6tuwsxrrE6cCSA
2082,45.734741794294095,4.905473119632952,45.73469721821975,4.905392760343947,7.97,51.52,-17.42,45,2026-03,FfP4gjY11dD3qkTIUCYIIQ
2083,45.735720476659246,4.901578692647663,45.73581698503988,4.901599878663341,10.86,188.71,-12.97,35,2022-02,t4NMH3AomAJUi4T7OU9nNQ
2084,45.734589725783785,4.904855488932182,45.73463664803055,4.904790048684706,7.28,135.77,-18.95,45,2026-03,Q152EzWge7Ytk6LnRsvlRg
2085,45.73455490054065,4.904936237659732,45.73451678996627,4.905003739524244,6.74,308.97,-20.36,55,2026-03,kb54NyVzCoeOU446g4kDpQ
2087,45.734862008797904,4.905321010284783,45.73482157872626,4.90526159057242,6.44,45.73,-21.22,55,2024-07,sxOSfh4q1LqwE85-T3JT_w
2088,45.73616577364378,4.901517583367102,45.73611882166581,4.90159064280861,7.71,312.64,-17.97,45,2026-03,4xbN-Sg0eEIAqwaVe__LjQ
2089,45.73565879562941,4.903113457588207,45.73558793534275,4.903176016430482,9.26,328.36,-15.12,45,2024-05,E_vPjVXzi00Hsm69oCbFgg
2090,45.73571207285325,4.901603223013128,45.73581698503988,4.901599878663341,11.67,178.73,-12.09,35,2022-02,t4NMH3AomAJUi4T7OU9nNQ
2091,45.73470197858045,4.903156859787003,45.73466386278113,4.903292309625387,11.33,291.96,-12.44,35,2026-03,qF5jNLccmA8V0teG2eq6DQ
2093,45.73451536679617,4.905179229933783,45.73458423941758,4.905118448114615,8.99,148.37,-15.53,45,2026-03,oFvp7G39HX3OUT_1Cal-4w
2095,45.73438415939555,4.904838804948931,45.73434404732362,4.90491010783983,7.11,308.87,-19.38,45,2026-03,EnD9wyPmqL00WvbcXDa4lQ
2096,45.73607815713056,4.9017404012742345,45.73615027593159,4.901739055370676,8.02,179.25,-17.31,45,2026-03,qn5Lsr5YYc0oTRMd_2HNwQ
2097,45.734796203865066,4.904471039426746,45.7348326769464,4.904543481188759,6.93,234.2,-19.83,55,2024-05,go08QvBxCBmd3Oe4uW_rLg
2098,45.734587071936105,4.904839484781715,45.73463664803055,4.904790048684706,6.72,145.16,-20.42,55,2026-03,Q152EzWge7Ytk6LnRsvlRg
2099,45.73322723578962,4.908528268620715,45.73328142218605,4.90843303968068,9.54,129.19,-14.69,45,2024-05,EkAeRb4mfDo_NucIH811eA
2100,45.736970853568174,4.898163073534329,45.73703041067395,4.898261457299852,10.11,229.06,-13.89,35,2026-03,_vRks_HzhBG9yz6K3rMf9w
2101,45.737376275583976,4.896942147792759,45.7374608203414,4.896940218718417,9.4,179.09,-14.89,45,2026-03,QY-oor0smARPXqstYkWfRg
2102,45.73682564110658,4.89860317852244,45.73691216582495,4.898623688039192,9.75,189.39,-14.38,45,2026-03,TyESzyQlN2Jqu0RN5CMoFw
2104,45.73349335237823,4.908393525924828,45.73353475453039,4.908470012464837,7.51,232.21,-18.41,45,2022-01,VPEkebTwBcV2kYr8eiYnkg
2106,45.73176442278189,4.914462452199316,45.73170227912626,4.914469864084708,6.93,355.24,-19.83,55,2024-05,1Y1IcVYNunGQq23WDyT9wQ
2111,45.70851250083148,4.854719266043534,45.70861556209701,4.854751833505838,11.74,192.44,-12.03,35,2023-03,YsMK8Fsy1P808YVBFtOrFw
2113,45.73252542804521,4.911506311156383,45.73257562659724,4.911471688871098,6.19,154.29,-21.98,55,2024-05,mF0dEMEYuH4stE6XLaDUeg
2114,45.73376603768842,4.907609784237158,45.73381853262647,4.907701493106313,9.21,230.65,-15.19,45,2022-01,hALiENcdEx0eWQHq1Y8KiA
2116,45.70843133667098,4.855080157983871,45.70850492603333,4.855110173730365,8.51,195.9,-16.37,45,2023-03,yL5VS73rNTcyM3uBcvmQVw
2118,45.70840349026735,4.855119704133388,45.70843488424264,4.855238809975022,9.89,249.32,-14.19,45,2026-03,CF2sokzEOnCtCYwxWwhTCw
2119,45.73421971665944,4.906925644575678,45.73420175266062,4.906835453813859,7.28,74.07,-18.95,45,2026-03,FW3FTQzk6GJVEoF-6FZf4A
2120,45.73323588678772,4.908343551427962,45.73319344730165,4.908415221253455,7.29,310.31,-18.92,45,2024-05,Ni8iCjWYav2zogZsgZ0NHA
2121,45.73200304206545,4.91282837874051,45.73197088367548,4.912956041941289,10.53,289.84,-13.35,35,2026-04,iMD0f1fB2_lUftx1ysrfUQ
2122,45.73373328819946,4.907703738369383,45.73381853262647,4.907701493106313,9.48,178.95,-14.77,45,2022-01,hALiENcdEx0eWQHq1Y8KiA
2124,45.733526320199694,4.908326978106903,45.73357515748315,4.908367514482321,6.28,210.09,-21.72,55,2022-01,qK-7Z5CYrL1Yn0rrT-1pNA
2125,45.733822784571295,4.908114430802296,45.73376419804537,4.908131963944686,6.66,348.2,-20.59,55,2026-03,cQhj2PhEg5r9IPQsa3MT8w
2126,45.70843633245641,4.855137404654901,45.70843488424264,4.855238809975022,7.88,271.17,-17.61,45,2026-03,CF2sokzEOnCtCYwxWwhTCw
2132,45.73410583673167,4.90726993128916,45.73405244815422,4.907303100728404,6.47,336.56,-21.12,55,2023-04,CAoSF0NJSE0wb2dLRUlDQWdJQ2QxZUh0NXdF
2133,45.70799902201488,4.854445558839145,45.70792638856241,4.854395600238663,8.96,25.66,-15.59,45,2022-01,IaWoAWkbhXtY03XXT0kzuw
2135,45.732013066142414,4.912820284885962,45.73197088367548,4.912956041941289,11.53,294.0,-12.23,35,2026-04,iMD0f1fB2_lUftx1ysrfUQ
2136,45.731306124160064,4.915795585758058,45.73126689298855,4.915717678950061,7.46,54.19,-18.54,45,2024-05,qifv31tCVC--8geIP1Mt0w
2139,45.73422363974941,4.906914083197428,45.73420175266062,4.906835453813859,6.57,68.26,-20.83,55,2026-03,FW3FTQzk6GJVEoF-6FZf4A
2141,45.74621692751291,4.825255391710985,45.74620220792941,4.82534540130758,7.17,283.19,-19.21,45,2024-08,MiRQqe3cdG0-M0oCxgsxbQ
2163,45.82105689926454,4.779882857342162,45.82102048634604,4.779951912588595,6.71,307.11,-20.43,55,2024-03,Ix4OukdbngJ-vNZrq1qhsQ
2175,45.81973177523804,4.779885724634152,45.81970100246771,4.779812327382984,6.64,58.97,-20.64,55,2024-03,LCa1CDSNWpNFuvAXwAv2VQ
2176,45.74759147990439,4.922280982948406,45.74764614404465,4.922311110986377,6.51,201.04,-21.0,55,2026-06,0q-KUWQod1sN1D-jaF8W-w
2177,45.80581506467359,4.771443909357038,45.80584952369945,4.771381932261898,6.14,128.58,-22.14,55,2024-03,iaiKrbFPd_7z4l8JKw5v6A
2181,45.83212443655172,4.771281591261728,45.83209235723163,4.771416932046444,11.08,288.79,-12.72,35,2024-03,DAhT96l2F3vNf9AMX4S6vg
2185,45.83086503496357,4.771241004048044,45.83090083891468,4.771320260306688,7.32,237.04,-18.86,45,2024-03,34MApXgTE8tkGO0b13EWLg
2186,45.82645034195045,4.772934968873365,45.82641724462898,4.772843077523321,8.02,62.67,-17.32,45,2024-03,o_kK8zgeCD2yPtQcaz1Otw
2187,45.8204890114116,4.7748756493511255,45.82054728505447,4.774952336371493,8.79,222.52,-15.87,45,2024-03,TsdyFxUtNufJ0swc9uZphw
2188,45.83271796865824,4.771292830596689,45.83274918159542,4.771365807998321,6.63,238.46,-20.65,55,2023-06,krqqjILO-nZ69RPfxq2mAg
2192,45.82831686020916,4.772081512998358,45.82829375311073,4.772166033625926,7.03,291.42,-19.56,45,2024-03,Xb6w2AONkm6JlAkO-xtymg
2194,45.82504392585846,4.773433371339099,45.8249838335189,4.773350057759568,9.29,44.01,-15.06,45,2024-03,DmwYLlPjyEUguVDyeyrDXQ
2195,45.827730084267394,4.7722875378737415,45.82775124936527,4.772362610965869,6.27,247.97,-21.72,55,2024-03,T-OfEhlAN9HMM6MPg5cujg
2198,45.825036948327885,4.773262404970449,45.82507561695505,4.773317475263924,6.06,224.78,-22.43,55,2024-03,J-qPB2QwAR2oIPLNWiy1Sw
2200,45.82868044788073,4.771967842656606,45.82864949475922,4.772036226951611,6.32,303.01,-21.59,55,2024-03,2g1Qn0FSz3nxr3HcINQ9oQ
2201,45.82646008246565,4.772744606663591,45.82650574678029,4.772810926568319,7.22,225.34,-19.09,45,2024-03,wvfqPsNOwp9fgmQxVeLArg
2202,45.81688362332029,4.775830024906582,45.81686730510453,4.775946759244697,9.23,281.34,-15.16,45,2024-03,N7OV25UPaEMs-054d3m_Ow
2204,45.83198969025112,4.771278858308285,45.83200172682914,4.771411135251754,10.34,262.56,-13.6,35,2024-03,a0GT6A3zP8-laizdUOHm9A
2205,45.83213349229598,4.7712817040684055,45.83209235723163,4.771416932046444,11.43,293.59,-12.34,35,2024-03,DAhT96l2F3vNf9AMX4S6vg
2206,45.830856323173975,4.771240951796508,45.83090083891468,4.771320260306688,7.89,231.15,-17.58,45,2024-03,34MApXgTE8tkGO0b13EWLg
2207,45.82574961516118,4.773007216760512,45.82579225404189,4.773069015972977,6.74,225.28,-20.35,55,2024-03,U81g_OYXsXZDRJ86lXXjmw
2209,45.82574091869636,4.7730106282612095,45.82579225404189,4.773069015972977,7.28,218.4,-18.94,45,2024-03,U81g_OYXsXZDRJ86lXXjmw
2210,45.83272687573412,4.771293289839351,45.83274918159542,4.771365807998321,6.14,246.18,-22.15,55,2023-06,krqqjILO-nZ69RPfxq2mAg
2216,45.75808519348496,4.8355038572786,45.75808639963704,4.835583784378221,6.2,268.76,-21.95,55,2023-03,Wc8vQBEnkibR8BbL5I-xkg
2219,45.81480263124071,4.7746119979514505,45.81473491258144,4.774553213705053,8.8,31.17,-15.86,45,2024-09,KdxPCDDhpyjsRT-EEu3zqw
2220,45.81632700185339,4.771503948386679,45.81625703974995,4.771520238574081,7.88,350.78,-17.6,45,2024-03,NQyzdv0Id6dWqLl3SOB53g
2225,45.73450194826949,4.904419592858899,45.73456722940302,4.904403712049026,7.36,170.36,-18.75,45,2026-03,THA8N68suoeitKu-NSplBA
2231,45.74006293684553,4.952897633191765,45.74001528221961,4.952829780028337,7.47,44.82,-18.5,45,2026-03,-lyvRmbX0UK7MHSNM8aulg
2238,45.74932178777868,4.9779896276941,45.74921651658163,4.978080514233095,13.67,328.93,-10.37,35,2023-01,xY8nG0G4kMmYIjOFgRSiww
2240,45.74570391125324,4.954546517688643,45.74560109093809,4.954595972179669,12.06,341.45,-11.71,35,2024-10,SvuEdisNzOO0wU82EIesOg
2244,45.74004004952975,4.953025490193448,45.73998541354446,4.952952294287928,8.32,43.08,-16.73,45,2026-03,I-IVNsFFTk0uJ8FIiqzTbg
2247,45.73853178296589,4.954821748402868,45.73860652039912,4.954811208711232,8.35,174.38,-16.67,45,2023-01,WLrnQiv3ayLJaXobDRZLNw
2249,45.75198008846904,4.9828311980812,45.75195619080491,4.982950094842802,9.6,286.07,-14.6,45,2023-01,cv1N44a1EG4fcWAZfR_hiA
2251,45.7378270853044,4.95550958445537,45.73788671438042,4.955523445492185,6.72,189.22,-20.41,55,2024-10,E6yKwX6uIhs8Z4PWNsTAEw
2255,45.73840816774261,4.95428146356787,45.73846942502097,4.954318326516179,7.39,202.78,-18.7,45,2023-01,aq9gYsVWoTmbu4oSErfIZw
2258,45.7399362313935,4.952850308417229,45.74001528221961,4.952829780028337,8.93,169.73,-15.63,45,2026-03,-lyvRmbX0UK7MHSNM8aulg
2260,45.73852674004293,4.953795644549153,45.73845300096048,4.953734190227988,9.49,30.18,-14.76,45,2023-01,X7M8_EfxX4C5LYut92rc7Q
2263,45.75050963894948,4.981195285287983,45.75044215834496,4.981291763563041,10.6,315.07,-13.27,35,2023-01,rh6njNvgNYrJV-3-uOr1sA
2267,45.73979901844636,4.914742094297543,45.73977022664009,4.91467419192225,6.17,58.72,-22.07,55,2024-10,v2MA2Tx5qSX7V_-RhBX8FQ
2268,45.73691879040186,4.916880482031159,45.73686705713973,4.916957692290962,8.31,313.83,-16.75,45,2026-04,VphNq3OYae8wD2NTE4mZnA
2269,45.73772330142244,4.916166912018449,45.73769719531179,4.916080649924425,7.3,66.56,-18.91,45,2024-10,Wxq9Nle8pqRncXOUeyLi7w
2270,45.73660143025094,4.916990272675685,45.73656062313302,4.916820881872367,13.91,70.96,-10.19,35,2026-04,fy1AVZy3wFNoMESpgZnGzw
2272,45.7367416615437,4.916098412478868,45.73667491444315,4.916130719884252,7.83,341.33,-17.7,45,2024-05,ms4WU16ynbJ7g3QdyaIMEA
2273,45.73657525073944,4.916742318303208,45.73656062313302,4.916820881872367,6.31,284.94,-21.61,55,2026-04,fy1AVZy3wFNoMESpgZnGzw
2275,45.73656963756835,4.915985218215377,45.7366512120964,4.916007995409667,9.24,191.03,-15.14,45,2024-05,5luk7UOUFNMalxxdaq1iHQ
2276,45.73633150815294,4.916965186596584,45.73638219947284,4.916803775424999,13.74,114.23,-10.31,35,2026-04,zsK1Xp_KFP8X4VHgtmMU5g
2277,45.73726123534516,4.916356029888884,45.73731733021469,4.916418179052214,7.88,217.71,-17.59,45,2024-10,oEPW2P-RxyCZnDrlkvmzSg
2281,45.73764827022978,4.917253235471836,45.73768088939958,4.917327614236127,6.82,237.86,-20.14,55,2024-05,DNctjpHMqgtmQxj1kZOsBw
2282,45.73700943966591,4.916516269469351,45.73704370214677,4.916608467704039,8.11,241.97,-17.14,45,2024-10,LMWfhyEsOiWNjwxhsahKlg
2283,45.736355941185685,4.916727368244604,45.73638219947284,4.916803775424999,6.61,243.79,-20.72,55,2026-04,zsK1Xp_KFP8X4VHgtmMU5g
2285,45.73633983405175,4.916966076990748,45.73638219947284,4.916803775424999,13.45,110.51,-10.53,35,2026-04,zsK1Xp_KFP8X4VHgtmMU5g
2288,45.73725874553033,4.918337814463132,45.7371969006514,4.918305539314102,7.32,20.01,-18.86,45,2026-04,l9wMOEenRYS2pOU9ugyDWQ
2290,45.73690244587684,4.918376567416575,45.73699404530688,4.918393201679514,10.27,187.22,-13.69,35,2022-01,mtd1e-NxmqM3BWtWMxVKVg
2292,45.73734136751876,4.920283965001237,45.73739653571212,4.920244563516817,6.85,153.5,-20.04,55,2022-01,v88TNI44gxnHsd0L_uPT0g
2295,45.73696973756054,4.9186302722442905,45.73705120500558,4.918650920256172,9.2,190.03,-15.2,45,2022-01,UcapYGZUY7DqFOgqenrSRQ
2298,45.73704031286299,4.918941237302588,45.73710463589384,4.918899313106927,7.86,155.54,-17.65,45,2022-01,MK0wSVoLFxnwOXWYUKfX2w
2299,45.73691031305846,4.91836252395069,45.7369636275332,4.918268328832584,9.41,129.04,-14.88,45,2022-01,pqiMhNx6bzvEAjbFmBM75Q
2301,45.73651965244635,4.920034909433039,45.73651780406563,4.919947033767603,6.82,88.27,-20.12,55,2026-04,Oaw_h_5stKdaAa0i-9LFIg
2304,45.73725885362455,4.919916021470513,45.73730050678069,4.919836238900849,7.73,126.8,-17.92,45,2022-01,zRFC4M7qHae0PcE2cDVh7g
2306,45.73715005682509,4.919430940297109,45.73720200415513,4.919352350824029,8.4,133.44,-16.57,45,2022-01,t9mMeyUncEN27TqHr9iuDw
2307,45.73689478579557,4.919853325715612,45.73686992042203,4.919781425003266,6.23,63.64,-21.87,55,2026-04,CTbl9zbzj--IUnGzFeUmIw
2310,45.73753512784207,4.9195936158179565,45.73750795508635,4.919665459719566,6.34,298.45,-21.52,55,2026-04,aNqvprgafP7icvS7Lqc4kQ
2312,45.73747699521356,4.919327536168376,45.73742396027929,4.919297317438502,6.35,21.69,-21.5,55,2026-04,Gtaj_rVXcIYREyG-TqpfCg
2314,45.736907581471854,4.918350373254615,45.7369636275332,4.918268328832584,8.91,134.38,-15.67,45,2022-01,pqiMhNx6bzvEAjbFmBM75Q
2315,45.73745193449668,4.920775397670675,45.73751168216889,4.920733873870277,7.38,154.12,-18.7,45,2022-01,iXelsPWmGh_l9jNuRvfHiw
2318,45.73448712530828,4.91315621424398,45.73456313797327,4.91315099722051,8.46,177.26,-16.46,45,2022-01,qTOUSWcPYAwFYpRJeFGpbQ
2319,45.73419467003192,4.912607671474574,45.73420849302956,4.912512840918912,7.52,101.8,-18.39,45,2022-01,QD05VGlPI6bSc-6tjQZw2g
2320,45.73436122809828,4.912602654700334,45.73443046751124,4.912654237511258,8.68,207.47,-16.07,45,2022-01,2jbmB-40Tizb_zGSGAVlsQ
2321,45.734309749883664,4.91282794046382,45.73432177362793,4.912734184719615,7.4,100.41,-18.67,45,2022-01,t7vAc0MBUUuUomFP-s9iSQ
2325,45.73245097938085,4.908988230147466,45.73241734420698,4.909076275923316,7.79,298.69,-17.79,45,2020-07,67QhhNG7gOwAsprxUshgKQ
2330,45.73060500165232,4.917113349134823,45.73055375173217,4.917205157884936,9.12,308.65,-15.32,45,2024-10,qjnFuwnoN0NOj83gIhOpBg
2331,45.73064309753708,4.917035738052885,45.73073070347708,4.917062263333789,9.96,191.93,-14.1,45,2024-05,Razg4NjhP8xTxG5fj6ul0A
2332,45.73088882384639,4.916294263544701,45.73097040478117,4.91632761641097,9.43,195.93,-14.84,45,2024-05,HoVZnQaSpYgWZH9IG9eNjQ
2333,45.73065028891804,4.917105520403185,45.730689925683,4.917186815002304,7.7,235.07,-17.99,45,2024-05,cFfyx6LDEP3NzJQSiQgBBA
2334,45.77120122792245,4.965512738643987,45.77127636534262,4.965451974667064,9.59,150.57,-14.61,45,2024-10,yVYretdab3ve_9uC2xpSnA
2336,45.7713874076268,4.965860864101859,45.77132065785379,4.965839458571383,7.61,12.61,-18.2,45,2024-10,Wb-4tNebUghU4cRwWwOFwg
2338,45.73153275439773,4.914288739540827,45.73148677530998,4.914372088381383,8.25,308.32,-16.87,45,2022-02,ZgujMnxg7pQrJqjEYxpAgQ
2339,45.73108101260776,4.915787332176658,45.73113282608876,4.915838630626472,7.0,214.65,-19.65,45,2024-05,OjCmuqI8HdFozArYkPJLKw
2340,45.73072582138033,4.916778830326951,45.73079100808284,4.916876106717612,10.47,226.17,-13.43,35,2024-05,_Vxk8mkBe0fuFo0jdumQZg
2341,45.731137700226654,4.9155669744756185,45.73121861869756,4.915581900440801,9.07,187.34,-15.41,45,2024-05,M_S-Y7z2p1N--B6I8rkH9Q
2356,45.732415707343655,4.914563748997827,45.73246376243583,4.914527128628284,6.05,151.99,-22.44,55,2026-04,3RLeeTlz68kH7S1H2iYRSQ
2371,45.73269942077327,4.888288144937964,45.73265169732172,4.888380802201023,8.94,306.42,-15.63,45,2026-04,bmTnR6U7RI_9NZxYATDmbg
2372,45.74354815153132,4.894446449863497,45.74350771697594,4.894374492036914,7.17,51.16,-19.22,45,2024-06,TAnt_q0mQIZsuO_bPYk-Yg
2374,45.74216187911271,4.8935982599036185,45.74210590780539,4.893532287260299,8.06,39.44,-17.23,45,2024-06,4HV7re3X4E0e3mmQpQRLwQ
2378,45.74398411434922,4.893340962790162,45.74391748543584,4.893374862264716,7.86,340.45,-17.64,45,2014-08,cCHWNKpAO_222_Bvh1EQaQ
2379,45.7336093336505,4.889127623686515,45.73359614037876,4.889025094795,8.09,79.55,-17.17,45,2024-06,QZJ5d4q0sjJk6n17S3nb_w
2381,45.7438260836533,4.895063963112985,45.7438436963693,4.894895789444879,13.2,98.53,-10.73,35,2026-04,S37dyY1YzKMZfjqVOU2JwQ
2382,45.73673687584006,4.890537929961468,45.73673262064562,4.890625560120693,6.82,273.98,-20.14,55,2026-03,X1c6NLrHKkfch7syiAlRGA
2383,45.74199986343656,4.894081304137927,45.74206784117218,4.894093333316137,7.62,187.04,-18.17,45,2014-07,Ym6IONOFB_vQ2yWNCWdGHw
2388,45.73907632897083,4.891633952807061,45.73914006901405,4.891637291335028,7.09,182.09,-19.42,45,2026-03,4hyYuVdmWiJtWB3WKjSIdw
2391,45.74407021590265,4.893514211954393,45.74412330427581,4.893482202555687,6.4,157.18,-21.32,55,2022-02,vXsEJcetPzE1aQ5iIi1TXw
2392,45.74499327630736,4.8952414397443,45.7448869548403,4.895250592568576,11.84,356.56,-11.92,35,2024-06,XaNkLM4e97jbrwrBuqe0gQ
2394,45.73942873728713,4.89258801872882,45.73949252406521,4.892504539389575,9.61,137.59,-14.59,45,2024-06,rlLe3yJUp4qiVP24pLHhpA
2395,45.734888297330905,4.890986078396436,45.73482676909583,4.891012061950505,7.13,343.58,-19.32,45,2026-03,dqbKHiCdmmOndNfjHF095w
2400,45.73484068698349,4.889407300275808,45.73486614959614,4.889493251878252,7.25,247.0,-19.03,45,2026-03,y_ZY2bwgs-du3ZyAMWU6wg
2401,45.74367998569329,4.894952025245022,45.74375981564206,4.894834314608294,12.74,134.18,-11.1,35,2026-04,HvACrLwDyBGBtZzov9Uu6w
2402,45.73285661793027,4.889418793123995,45.73283960277768,4.889338107111568,6.54,73.19,-20.91,55,2022-02,g0PAmweAzvkdBO67FIXHlg
2403,45.739128739462885,4.892650534266294,45.73913487770081,4.892573187788242,6.04,96.49,-22.48,55,2022-02,hKm86c0G96Z_KhhyRtx9WQ
2407,45.73790113054611,4.891640826917357,45.73791799889777,4.891527799344619,8.97,102.07,-15.57,45,2026-03,HaEhwBqgUUKXiwKHYg1aeQ
2410,45.73941601819586,4.892567560888244,45.73940772166927,4.892457992782811,8.55,83.81,-16.29,45,2024-06,CjYbbbJhP969wV27wUp8Zg
2411,45.74771948632894,4.896747245345498,45.74770086225443,4.896653355318261,7.57,74.13,-18.27,45,2026-04,darVXxVZBBFoNKsKSuexxQ
2412,45.73424721880356,4.889465539618472,45.73423530870937,4.889366698774764,7.78,80.21,-17.8,45,2024-06,qTXKP2mlQWTvMxGtspPMVA
2413,45.733986743118734,4.889326320517924,45.73403172797926,4.889257098362905,7.34,132.95,-18.81,45,2024-06,wW1wWYxrlJ3cyP2I-aO3sA
2414,45.73907939273083,4.892484686579357,45.73913487770081,4.892573187788242,9.23,228.07,-15.15,45,2022-02,hKm86c0G96Z_KhhyRtx9WQ
2417,45.73541433255998,4.890106258798922,45.73546326958367,4.890054510464118,6.76,143.57,-20.29,55,2026-03,LuXHnN-GFkBl9no_4Ckeqw
2420,45.7330862345253,4.888850061556234,45.73301652121206,4.888868261927263,7.88,349.67,-17.6,45,2022-02,HJTMmL4DYy2UQc2Hrn-xjw
2421,45.73193668460589,4.888705197439767,45.73181908099348,4.888725170843734,13.17,353.24,-10.75,35,2020-07,_KFujUPImp7OWNT2RrQ9Vw
2423,45.73583451465789,4.888898967333936,45.73591967739635,4.888991846921298,11.9,217.28,-11.86,35,2026-03,l-xsVS2zvcKt-iiejgfvjQ
2428,45.73543228842055,4.8883471506397695,45.73549519025699,4.888354030815303,7.01,184.37,-19.62,45,2026-03,jr4-yz9JYIS6yagQ0B69QQ
2429,45.73610473374906,4.888639769636247,45.73615549891267,4.888766068031748,11.31,240.06,-12.46,35,2026-03,WLQAzR8mzv9vy8lHte8ZLg
2430,45.74210474343168,4.89271312729925,45.74205423311917,4.892747006186777,6.2,334.92,-21.96,55,2024-06,hL_aJpAJ5ZFCbCz0ysycdQ
2431,45.74572127148183,4.895766467412619,45.74567249728886,4.895845776468939,8.2,311.39,-16.95,45,2026-04,g5_xcZebmUMiTqmvkUumDA
2432,45.73662444810317,4.890844192286372,45.73664457433861,4.890741351426077,8.29,105.66,-16.78,45,2026-03,q8ek2uEQk1ZQQEjncNuvuQ
2440,45.73801900747577,4.891713328651001,45.73809213873972,4.891629931089198,10.39,141.48,-13.53,35,2026-03,_NbDRmFgVKIM4am4txDbNQ
2441,45.73543430064368,4.889282536924688,45.73544630477567,4.889419517696782,10.71,262.84,-13.13,35,2026-03,1zRN1sG9wsjn1yp8zrHL3w
2442,45.7713340290049,4.965445677740335,45.77127636534262,4.965451974667064,6.43,355.64,-21.24,55,2024-10,yVYretdab3ve_9uC2xpSnA
2444,45.73312228216759,4.8885012677498025,45.73311596971645,4.888592314764404,7.1,275.67,-19.39,45,2026-04,NoS_AK7TjM-nqyxkHHua2Q
2445,45.748286544310105,4.896911486466734,45.74833846932884,4.896774933159513,12.07,118.59,-11.71,35,2026-04,ry-YNiHTQ_pgIqPk0YCeAg
2446,45.73954866285163,4.89234688347366,45.73952454485922,4.892272587259725,6.36,65.06,-21.46,55,2026-04,G5YBNyehjdLJbkJ7YdfEsA
2449,45.73495032520147,4.890727709993208,45.73492359321968,4.890645238545574,7.06,65.09,-19.51,45,2026-03,ajElPVtcLD4gHrl_0fzRiQ
2450,45.74199596137092,4.893530768337259,45.74193607998765,4.893581340481003,7.73,329.49,-17.92,45,2026-04,4sxZ_dsRGNKHGGC6e6xtnw
2457,45.74719956670511,4.896619918119138,45.74724745086264,4.896547210993,7.76,133.34,-17.86,45,2026-04,G9oSxmIhwdN3cU6gm1EVMg
2462,45.74777803188296,4.896882064915002,45.74784384831466,4.896850903549989,7.71,161.72,-17.97,45,2020-11,bRCC1s1QbLvXx7OjEQk1FQ
2463,45.736586489628856,4.890828293248404,45.73664457433861,4.890741351426077,9.34,133.75,-14.98,45,2026-03,q8ek2uEQk1ZQQEjncNuvuQ
2464,45.74384238105672,4.893238097332888,45.74379610912008,4.893300663535914,7.07,316.66,-19.46,45,2022-02,UaJ3z-HNSUDrk8PqxSHfQg
2468,45.74354180607596,4.894442477166284,45.74350771697594,4.894374492036914,6.5,54.3,-21.05,55,2024-06,TAnt_q0mQIZsuO_bPYk-Yg
2470,45.73696977586992,4.890680162869159,45.73691479443291,4.890724389628328,7.01,330.69,-19.62,45,2026-03,uIsljp4NE_7XIVbdWF_P7w
2474,45.74366702455754,4.894018133169695,45.7437130418157,4.894098876230953,8.09,230.76,-17.17,45,2024-06,oLzDEXBmXGH0PlbJFCC4yg
2475,45.74216121634608,4.893585444061966,45.74210590780539,4.893532287260299,7.41,33.85,-18.65,45,2024-06,4HV7re3X4E0e3mmQpQRLwQ
2477,45.73196290210962,4.888437203170792,45.73190178279183,4.888310537517494,11.95,55.34,-11.81,35,2026-03,L8HsezV4dL8mnh2ovLaiYg
2479,45.74367249188489,4.89462282007736,45.74361275019818,4.894688288810157,8.36,322.59,-16.64,45,2026-04,RDE6slvdF3ybMG27dcH7Bg
2484,45.73697671693971,4.89068438633204,45.73699119141412,4.89076580316924,6.52,255.71,-20.98,55,2026-03,JcJeKKPudsq7DczdSctOWw
2489,45.74354190211594,4.894466811831223,45.74350771697594,4.894374492036914,8.11,62.05,-17.13,45,2024-06,TAnt_q0mQIZsuO_bPYk-Yg
2491,45.735228659970375,4.8892093717268645,45.73529342844831,4.889304834652366,10.33,225.81,-13.6,35,2026-03,Sx-bPFgJ2UWy6husRAma6w
2493,45.73542683369343,4.889289648608797,45.73544630477567,4.889419517696782,10.31,257.88,-13.63,35,2026-03,1zRN1sG9wsjn1yp8zrHL3w
2498,45.74214166332055,4.8932477728375385,45.74208815875361,4.893263036067709,6.07,348.74,-22.4,55,2024-06,VXC-2ygsrZULYJxMDFubZA
2502,45.743535556661286,4.8944628391321405,45.74350771697594,4.894374492036914,7.52,65.7,-18.38,45,2024-06,TAnt_q0mQIZsuO_bPYk-Yg
2508,45.7448992406289,4.895331695666765,45.7448869548403,4.895250592568576,6.44,77.75,-21.22,55,2024-06,XaNkLM4e97jbrwrBuqe0gQ
2509,45.73530080416768,4.888909911885149,45.73536445692928,4.888988872689492,9.36,220.89,-14.95,45,2026-03,ePvhQzwVvF1PLCjWv7vURQ
2513,45.74217429327623,4.893694674831592,45.74217325010825,4.893775304982894,6.26,271.06,-21.78,55,2026-04,-H43CAIqv2mHWu9HchtShA
2514,45.73438654114143,4.889540190463873,45.7344058238407,4.889458440817634,6.7,108.67,-20.47,55,2024-06,2SEQu2ECeBI_x1f-n6VUFg
2516,45.73605811306975,4.890494327736159,45.73605176649122,4.890378802378591,8.99,85.5,-15.53,45,2026-03,AL0o0wG44uWksR-rWUhcQA
2517,45.74210355368656,4.892458051404335,45.74211963811993,4.892373232262905,6.82,105.2,-20.13,55,2024-06,QOp_5Wdr144l06mWFad_yA
2519,45.742125020475214,4.894076269302425,45.74206784117218,4.894093333316137,6.49,348.24,-21.05,55,2014-07,Ym6IONOFB_vQ2yWNCWdGHw
2522,45.73245641900793,4.888227713736886,45.73248019228629,4.888308962128495,6.84,247.26,-20.08,55,2026-04,o_j5tzyl7HyK3919U25t6g
2528,45.7358834074852,4.893878825776213,45.73587606014954,4.893798373495829,6.3,82.55,-21.65,55,2026-03,1TLNR22Q0m-a_tE4bp40yw
2529,45.73577124853064,4.89368316294739,45.73578905401355,4.893764551596301,6.62,252.6,-20.69,55,2026-03,dm60hnIlQs_1CfqQfJGJGw
2533,45.73611202891896,4.893825399448772,45.7361378670406,4.89390005718252,6.47,243.63,-21.13,55,2026-03,XZgV4T_Hl54sG2bFxb92Tg
2534,45.737021322034174,4.894400497526117,45.73707747063937,4.894358885303106,7.03,152.65,-19.58,45,2026-03,nnyKcyL7HfxW2a5ig3wvCA
2535,45.73690367652904,4.894123913396076,45.73685288454978,4.89417790518421,7.03,323.43,-19.57,45,2026-03,qgaascLKyRPXkDqZ5PqsmQ
2536,45.73672510475179,4.8942045074825264,45.73676238412114,4.894142745672738,6.34,130.85,-21.53,55,2026-03,f-hzu4JNsTq7Kg68mDMyDA
2537,45.7365542135345,4.894140951634539,45.73658366421899,4.894073309338374,6.19,121.96,-22.0,55,2026-03,2VJjTE-63HvH-bbqVnoHeg
2538,45.73710930754213,4.894212457109751,45.73714276769844,4.894290628931591,7.12,238.48,-19.36,45,2026-03,iqBxLMeq6ejoJcsbW2VIoQ
2540,45.69582538242538,4.797246945044768,45.69579986783472,4.797346285055378,8.22,290.19,-16.92,45,2024-07,gwyuWrOhZCa6v-jDR18NnQ
2541,45.693685212135776,4.7982749748392,45.69362021394872,4.798278421376051,7.23,357.88,-19.07,45,2024-07,J322KOEkmx7RiqLfyH-rHA
2544,45.693772214550485,4.798589769759427,45.69372131343393,4.798530373989189,7.3,39.18,-18.9,45,2024-07,Fn7Ba1DBt6DS-7pvnn1xdA
2545,45.6937792549174,4.798461314571168,45.69383814803611,4.798484946566194,6.8,195.66,-20.18,55,2024-07,b8qfZEDL0J1YXkl0wNGvEQ
2546,45.69558957164245,4.797432381578206,45.69564791177723,4.797473155870213,7.22,206.02,-19.1,45,2024-07,-PzZMGkemFOwHPGJoi3Sbw
2548,45.69401090494293,4.79827531136132,45.69400342195714,4.798359670034711,6.6,277.24,-20.73,55,2024-07,MI5PQUJ9CZDyb7dgLMR7AA
2550,45.69629891055392,4.797085697180106,45.69634011243665,4.797159317240468,7.33,231.3,-18.84,45,2024-07,QE-96qhn-P9oTUlsdKXg3A
2551,45.69649587836494,4.796960504776754,45.69656660752779,4.796958519665862,7.87,178.88,-17.63,45,2024-07,_BGbIOs9YPtDfCAh4J0pbw
2552,45.69402975522239,4.798273469324794,45.69409081863599,4.798294851637391,6.99,193.74,-19.68,55,2024-07,WcPBNjjKE5MPW7oHvfCR3A
2553,45.69601561571994,4.797183094388084,45.69606700191513,4.797253279767872,7.9,223.65,-17.57,45,2024-07,KiBSDyCc4QvQQt9NCJEDTA
2554,45.6944964304277,4.798002917541681,45.69446324006763,4.798103724544226,8.66,295.24,-16.11,45,2024-07,oCQ7N-7LSnaymjbMAWVXrQ
2555,45.69531691388279,4.7978299350435805,45.69531823619761,4.797921802415405,7.14,268.82,-19.31,45,2024-07,b-mXv2Tq1oF-oKFknfnzyg
2556,45.69489838726511,4.797986641683757,45.69494578142179,4.79806355238127,7.97,228.58,-17.42,45,2024-07,ay6aQg4OnLX1MsN0EKW4WQ
2557,45.824659292197865,4.847063911188485,45.82467746198167,4.847141163036723,6.32,251.35,-21.59,55,2022-04,oB1edSV2xbyB5rfnWkyNzQ
2559,45.766043906043045,4.835165738330838,45.76611229930964,4.835160004675507,7.62,176.65,-18.17,45,2023-03,dm5U_KpNwdp-4ThUZtQxzg
2561,45.76602820175309,4.83481144206294,45.76611420912674,4.83476850572815,10.13,160.8,-13.87,35,2023-03,tm2fcoNXvbrj97dlw7_QQQ
2563,45.76616374460284,4.835465270898499,45.76611108311628,4.835415066296875,7.03,33.63,-19.57,45,2023-03,F1_zYRPRBsLSQQb_MurUEA
2567,45.76603857632722,4.834864408644562,45.7661135011321,4.834905269497699,8.91,200.83,-15.67,45,2023-03,5FL0x_Xngf4y5s9x7NW1xg
2568,45.76598738814489,4.834274317942745,45.76601844322992,4.834357289227937,7.3,241.78,-18.9,45,2023-06,07A97RoeSCLrS1uNBXM-Ug
2569,45.76603943971521,4.835410918690154,45.76611108311628,4.835415066296875,7.97,182.31,-17.41,45,2023-03,F1_zYRPRBsLSQQb_MurUEA
2571,45.7653233499024,4.834256256405182,45.76535532895619,4.834321790737501,6.2,235.03,-21.95,55,2023-06,1ZgNWvm0w54SJ7lhP3qZrg
2577,45.76557045675522,4.834255487067396,45.76553708231651,4.834332979696095,7.06,301.69,-19.49,45,2023-06,vt-Q3igUBpHLnAIJx45ulw
2578,45.76527946407492,4.834232619424366,45.76526750065138,4.834319536407877,6.87,281.16,-19.99,55,2023-06,2Mb3Cbz8kRiDgHUBjy__SQ
2585,45.647329126298125,4.813563288870754,45.64728435113717,4.813607516206822,6.05,325.37,-22.45,55,2017-09,hgm8l39YOsKkG7oHtquCCA
2591,45.68773764932433,4.935072656852886,45.68768490321544,4.935029858265736,6.74,29.55,-20.35,55,2022-01,wY3YWndMfZUaNqjHGSObLg
2592,45.68780273589866,4.934939039248662,45.68786143834174,4.934900344605546,7.19,155.28,-19.18,45,2022-01,kNHbWaH-cszF5z5UGg9vLg
2593,45.68747041700323,4.9357332543198,45.68740587651841,4.93573308181747,7.18,0.11,-19.21,45,2022-01,LRjJHmZLrC5A947JfxLfwA
2595,45.6960063774518,4.948309764063155,45.69606840403179,4.948343127541197,7.37,200.59,-18.74,45,2022-01,k4d28QQ8BlGWlJk3F3IsOg
2598,45.696138208392696,4.948205253542587,45.69607776074067,4.94821724419808,6.79,352.11,-20.22,55,2022-01,1ZGDa7Xr8kYoA1s88tmH5w
2599,45.76716890038127,4.834446488309521,45.76722162843537,4.834357686011222,9.05,130.4,-15.45,45,2023-06,BRmx48Ui3uBg3RiTFk8Xdw
2600,45.76717030938011,4.834472982357295,45.76710411048815,4.834375214993404,10.57,45.85,-13.31,35,2023-06,MhDlVnD-Zkdfez_3cQ147w
2606,45.7650092350011,4.836640393277596,45.76498486071741,4.836709774958377,6.03,296.73,-22.53,55,2023-06,fOpQQ8p08LVm8vNg06OwIg
2607,45.69720094624884,4.797722273454058,45.69712458252815,4.797777669048137,9.52,333.13,-14.72,45,2024-07,D_zI7kkWD3c2DY5TIdeghg
2609,45.69671658789618,4.797352699924249,45.69676186961685,4.797271102942995,8.09,128.47,-17.16,45,2024-07,ZNELdVMrDnWx_vT0tsIl6g
2611,45.69736061399828,4.797888373551941,45.69736302111534,4.797977202540594,6.9,267.78,-19.91,55,2024-07,joUB5A8bzteg9gIujkSJmg
2612,45.69668746948086,4.79731645553664,45.69676186961685,4.797271102942995,8.99,156.94,-15.54,45,2024-07,ZNELdVMrDnWx_vT0tsIl6g
2613,45.69810685844421,4.798596101780685,45.69804702877032,4.798609666348391,6.74,351.0,-20.36,55,2024-07,kWYf6JqYMXQkqu1zWtlJig
2614,45.69799801146663,4.798367059590979,45.69794709890014,4.798400323724028,6.22,335.47,-21.89,55,2024-07,YjkOShjYl67wYT2Q3cl0ag
2622,45.757827552792286,4.750845537229401,45.75788369697001,4.750820583642851,6.54,162.77,-20.93,55,2024-07,F-TVjVTii_vO3lwrXFqGcw
2626,45.75782061063567,4.750819774616707,45.75788369697001,4.750820583642851,7.02,180.51,-19.61,45,2024-07,F-TVjVTii_vO3lwrXFqGcw
2630,45.75852295145636,4.755203038685163,45.75854625361189,4.755124692044602,6.61,113.09,-20.73,55,2024-07,TaL3edSxrWwqsxIWr3vOLw
2638,45.75793567205645,4.750773572756906,45.75788369697001,4.750820583642851,6.83,327.75,-20.09,55,2024-07,F-TVjVTii_vO3lwrXFqGcw
2640,45.8299302040258,4.781910544663565,45.82998450314103,4.781914861831802,6.05,183.17,-22.46,55,2024-03,gaeCIk5tRv-f6XnM-oVNug
2643,45.74877184789668,4.902331001218956,45.74881266969331,4.902259626215082,7.16,129.34,-19.25,45,2026-03,oZuZvdvnR-CBYHM2WSVUmw
2644,45.80879582880703,4.751415093972295,45.80887685144207,4.751403095404115,9.06,174.11,-15.43,45,2016-09,JmHND7Y9NgSv_NNQ5NJJCQ
2651,45.75309114834268,4.795791904813562,45.75307085748495,4.795631324228831,12.66,79.74,-11.17,35,2024-07,BzVy94560rLEfowfhTFvTw
2652,45.7535823852547,4.795726263017285,45.7535284523807,4.795769864932671,6.89,330.57,-19.96,55,2024-07,yhxktHYrD0TMK14JFMd6JQ
2654,45.75021488994855,4.880781552347001,45.75026497540718,4.880740652770803,6.41,150.33,-21.31,55,2022-02,5Tm-_MGNlFkUhZvjjIDV0Q
2655,45.79806173217145,4.938659852633524,45.79797960072886,4.938549408450723,12.52,43.15,-11.29,35,2023-01,ueT3lw1P7gXDEZ-ztOr6Ww
2659,45.79859764945332,4.940959663020721,45.79848544082348,4.94098588485167,12.64,350.75,-11.19,35,2023-01,QNlAoozfJlN1vkijZBtLuQ
2662,45.79988018599826,4.937183576374696,45.79985780046353,4.937102949263719,6.73,68.29,-20.38,55,2023-01,mUeqhpIsey6s7Ce5cw-VuQ
2665,45.77518585092344,4.835460624575318,45.77513063329833,4.835335611915457,11.48,57.65,-12.29,35,2024-05,HLxBcSa-UvJVAhbwi7zGQw
2666,45.77487180229062,4.835815350256564,45.7747944000344,4.835820419525259,8.62,357.38,-16.18,45,2024-05,vkRMHMx5ckE9NAG-0GSmig
2669,45.77556991316357,4.835028912387886,45.77557604471964,4.834892123100275,10.63,93.68,-13.23,35,2024-05,VbEfX11RnfTOAsUQPBv5HQ
2673,45.767662573691126,4.853489298338082,45.76761003187383,4.853446062743566,6.74,29.86,-20.36,55,2024-06,beOjddSmv9Ov3oP0fd1nbw
2678,45.76664024839606,4.8424993002499646,45.76659861533015,4.842562250435088,6.73,313.47,-20.38,55,2022-02,xkluCI2FjyxXuTSaNDcOiA
2681,45.77080412814589,4.8538987704834975,45.77079152916553,4.85398445139378,6.79,281.9,-20.21,55,2024-06,8qmcK8ihzduQYP3JClH6qw
2683,45.77107145820223,4.853843619253991,45.77107259533209,4.853931368293479,6.81,268.94,-20.17,55,2024-06,1-j5nIDVJFh03RY2Jj-f9Q
2685,45.771193712307365,4.853824177164896,45.77113683347567,4.853787708596236,6.93,24.1,-19.84,55,2022-02,G9StpJmEmjZCEW5uAaUZ-g
2687,45.77108136318015,4.853714841324485,45.77113683347567,4.853787708596236,8.37,222.5,-16.64,45,2022-02,G9StpJmEmjZCEW5uAaUZ-g
2688,45.77094580790216,4.8538812560701325,45.77097547295816,4.853949680834641,6.25,238.14,-21.81,55,2024-06,KttAMJj9uYmt1QtaQGl_gw
2690,45.77107767287769,4.853818417946367,45.77113683347567,4.853787708596236,7.0,160.1,-19.66,55,2022-02,G9StpJmEmjZCEW5uAaUZ-g
2691,45.77099379502286,4.852750544479604,45.77103687605519,4.852697573754557,6.31,139.38,-21.61,55,2022-02,RPzZpI6IGcAKjeAPHq0_wA
2694,45.667812175758485,4.864190788116625,45.66785378336775,4.864253393047715,6.71,226.44,-20.42,55,2022-05,b_IdvFKnzx-P2BSq5q3JQQ
2698,45.66784842536608,4.864459117144081,45.66788037475477,4.864386711067813,6.65,122.27,-20.59,55,2022-05,f8UPGKaWyORjQKEji0CEGg
2703,45.74238382354198,4.850420177063789,45.74245956375351,4.850412163769627,8.44,175.78,-16.49,45,2024-07,E3jwK9W55xRC81FcbHJ1tg
2705,45.738465177474566,4.862676032140941,45.73850458869394,4.862748247041339,7.11,231.98,-19.36,45,2023-03,9Enq-9T55SwW6mzFdn4pvA
2707,45.66738698173069,4.86687782838997,45.66741573923857,4.866802683188992,6.66,118.71,-20.58,55,2026-04,oWAN5_xlFjxWnJt3zIQLjg
2708,45.66700628341089,4.866323740941279,45.66704432925287,4.866268018547243,6.05,134.33,-22.44,55,2023-06,AP2BvtloKL7znOx9XLVc5g
2709,45.66784818538212,4.865151176239139,45.66783474117761,4.865268889224184,9.27,279.28,-15.1,45,2022-05,QTofQs989ujBkws2Gzi7sA
2710,45.66752166993168,4.863400725281844,45.66747119515437,4.863343420975212,7.16,38.43,-19.24,45,2026-04,jP1pfQJfqdgdya2hPSWsoA
2720,45.66488078034179,4.861072022762742,45.66482271652655,4.8610417233487,6.87,20.04,-19.99,55,2022-05,HLYkpZs8oruYwVjo2ZNapw
2723,45.66391369579912,4.857787062255671,45.66397619176935,4.857741874283719,7.79,153.19,-17.8,45,2026-04,Sy8c0_iQmtYk5fbNX8e3ZQ
2727,45.66596564440202,4.86148606269644,45.66593383335231,4.861419561691112,6.26,55.61,-21.76,55,2022-05,jpS-FRLPO0Jdo_zIaFIAcw
2730,45.66602283824757,4.864183315430502,45.66609092634236,4.864189119778756,7.58,183.41,-18.24,45,2026-04,6F_lZ4NX5FSIp0CBRNf8BA
2741,45.66602139926947,4.864189329611217,45.66609092634236,4.864189119778756,7.73,179.88,-17.92,45,2026-04,6F_lZ4NX5FSIp0CBRNf8BA
2742,45.665914007289096,4.86123580777798,45.66594626725839,4.861162821870487,6.71,122.31,-20.43,55,2022-05,ufly75olI-k04B9lggQaJw
2745,45.73882772854756,4.861522877424062,45.73888988146614,4.861571962458152,7.89,208.86,-17.58,45,2024-07,CHdB0yzzbjOcAlFHIT-v8A
2751,45.663920080337775,4.858134181273177,45.66397952611142,4.858134999118928,6.61,180.55,-20.72,55,2026-04,1CDn379pXer3qfbNdxTHGQ
2755,45.66544888075347,4.858360688255374,45.66547309512776,4.85827530496759,7.16,112.09,-19.25,45,2026-04,IltrsQDkGEGtdOyKV_115Q
2756,45.66570053697329,4.8584934755004,45.66573675742835,4.858396074567054,8.57,118.02,-16.26,45,2026-04,hiMfJjMBjoMbdHDRg76ouA
2758,45.66618165238162,4.858701919046056,45.66620277618996,4.858590940212077,8.94,105.24,-15.63,45,2026-04,PY549zoMRekt0WYBCE81ZA
2759,45.6664749478459,4.858827431318649,45.66640700292862,4.858799756461464,7.86,15.89,-17.65,45,2022-05,azR0n_b5Rh9RRWknPgCpSA
2767,45.66894443974043,4.864718748512188,45.66898272015825,4.864618578423502,8.87,118.67,-15.74,45,2026-04,WnvXm8uA1T9kWBgtSV7Ydg
2769,45.6682322489498,4.864631492847633,45.66824842624963,4.864522876464907,8.63,102.03,-16.16,45,2026-04,ZWqlv1hRg55KiVDCVRtSFA
2770,45.66847550996748,4.86446733690913,45.66843236340205,4.864545454895749,7.74,308.32,-17.91,45,2026-04,DxTL9s0u-tKzNNmbwVJBCg
2774,45.66788759348554,4.860451575845742,45.66785090558583,4.860387962608216,6.41,50.47,-21.31,55,2026-04,7TMShu9_Fy-IX8cLvenG7w
2775,45.66734170117808,4.858953984913168,45.66740813359318,4.859060241252451,11.08,228.18,-12.72,35,2020-07,2jUu_oWGhSJc-41Si2Xl8Q
2776,45.66743320062221,4.859146800437505,45.66740813359318,4.859060241252451,7.28,67.49,-18.95,45,2020-07,2jUu_oWGhSJc-41Si2Xl8Q
2778,45.66745956168749,4.859155558484443,45.66740813359318,4.859060241252451,9.36,52.33,-14.96,45,2020-07,2jUu_oWGhSJc-41Si2Xl8Q
2779,45.66765122567704,4.85868441717296,45.66769298922576,4.858736978333181,6.18,221.33,-22.01,55,2023-06,0tciop8FQ8SyzFNYqWlbiQ
2780,45.66790402405746,4.859132615960598,45.66787444987771,4.859204220950923,6.46,300.58,-21.15,55,2020-07,52jK27SCE1CX6c7VOOOksg
2782,45.667669403421854,4.859217733177881,45.66764354896208,4.859136125854535,6.96,65.61,-19.75,55,2020-07,VBcjMWW4GcXEIFSCZaNDOA
2784,45.66792253993531,4.859137759448163,45.66787444987771,4.859204220950923,7.43,316.0,-18.59,45,2020-07,52jK27SCE1CX6c7VOOOksg
2785,45.66768372386966,4.85924983650097,45.66764354896208,4.859136125854535,9.9,63.18,-14.17,45,2020-07,VBcjMWW4GcXEIFSCZaNDOA
2787,45.6676991464443,4.859246403908262,45.66775768589453,4.859330450416713,9.22,225.09,-15.17,45,2022-01,eBmQwx5U5Iyw1PQwYG7shg
2788,45.66720298250897,4.859083577759705,45.66724744143783,4.85900482281629,7.87,128.93,-17.63,45,2020-07,ltaqo_p59OU84UvM0eBPfA
2789,45.66748605434452,4.859005322653931,45.66754938324008,4.858970595391065,7.54,159.03,-18.34,45,2019-04,DjlAzmRF0B2n_c_Ct8OlTQ
2793,45.76672354119555,4.843343650316118,45.76667474710366,4.843265273950522,8.15,48.25,-17.06,45,2024-05,LJ7UofpWPnIu0gTAanlXwg
2795,45.76666479384416,4.843868527901912,45.76671533383141,4.843813088765435,7.08,142.58,-19.46,45,2023-03,ZYVD-_SkuExxLciU3w1-Gg
2796,45.76648329377917,4.843400231224944,45.76648143159146,4.843302758632578,7.56,88.43,-18.29,45,2024-05,jGV1PP9HdtRw7R4hPHz8zw
2797,45.76675535422652,4.8433324550119385,45.76676634466667,4.843247065587875,6.74,100.45,-20.36,55,2024-05,86c_2tuKT9-DktWxj4Av9Q
2798,45.7663440210885,4.843410378671834,45.76629432725696,4.843339084806494,7.82,45.02,-17.73,45,2024-05,JMHVmaLot8_puhZOSdeeSg
2799,45.766616705494044,4.843370194576286,45.76658821207145,4.84328204764161,7.54,65.14,-18.35,45,2024-05,pdoLkf40AL_OYznyWYA1Lw
2801,45.76663064111384,4.843401152339221,45.76668083900753,4.843431222804695,6.05,202.68,-22.45,55,2023-03,JQYN00bE0ub3N_E3QfqZaw
2805,45.76660615805411,4.843206463056163,45.76658821207145,4.84328204764161,6.19,288.8,-21.98,55,2024-05,pdoLkf40AL_OYznyWYA1Lw
2807,45.76585856869551,4.84322280792409,45.76589786393851,4.84329201643969,6.92,230.86,-19.86,55,2023-03,Og8yiBn3iDy-OgPVX0gy5Q
2810,45.76588336070858,4.842466673905939,45.76582782814964,4.842455348058786,6.24,8.1,-21.84,55,2023-03,gSD6nQOZC6aT4-3iLbezUQ
2814,45.7659064812271,4.8426420646760056,45.76584032766586,4.842598384295173,8.1,24.73,-17.15,45,2023-03,MVGSiSBuKqnyaoehNB-Unw
2815,45.76568106665611,4.843540534640387,45.76566547090269,4.84345298554138,7.01,75.68,-19.63,45,2024-05,p8eth3b2vxriKR6RsvVq0g
2817,45.76594445486821,4.843204227883216,45.76589786393851,4.84329201643969,8.56,307.26,-16.29,45,2023-03,Og8yiBn3iDy-OgPVX0gy5Q
2818,45.76611757334234,4.843464385221214,45.76608500749361,4.843379668787351,7.5,61.14,-18.43,45,2024-05,p4PBLarQGfzvwX4kxpk61Q
2820,45.76584874491575,4.842113502027732,45.76580175778759,4.842158614983978,6.29,326.19,-21.68,55,2023-03,ZM0keWDlZt_jsbOAcg2Giw
2821,45.76578407360896,4.842505029489102,45.76582782814964,4.842455348058786,6.21,141.62,-21.94,55,2023-03,gSD6nQOZC6aT4-3iLbezUQ
2825,45.765839447386405,4.842097694040338,45.76580175778759,4.842158614983978,6.32,311.57,-21.59,55,2023-03,ZM0keWDlZt_jsbOAcg2Giw
2826,45.76588437859563,4.846690638453982,45.76583307044406,4.846604192714077,8.8,49.61,-15.85,45,2024-06,81UQ5CnszOczej2xZ0Jg8Q
2827,45.7664269542329,4.844525439228499,45.76642087790116,4.844379844910416,11.31,86.58,-12.46,35,2024-06,YQToD6BNEjNDy70ATvm0bg
2828,45.765111019688845,4.845517677021921,45.76506792951088,4.845580940473394,6.86,314.32,-20.03,55,2024-05,9s0Xg_PpKBlJZ-i3JPGFMA
2829,45.766427289688856,4.844759004956907,45.76634466099225,4.844815248224054,10.17,334.6,-13.81,35,2023-03,Gnf9b5aHyZd6RxO3u0s1Og
2832,45.76611831475814,4.8442801115818375,45.76615275632064,4.844436164448462,12.7,252.44,-11.14,35,2024-06,Pr-wK9jwOX-_lhv5SS2EoA
2833,45.76616808404256,4.846824516975331,45.7662261286851,4.846782898194366,7.22,153.43,-19.11,45,2023-05,jFpV3EwC3oT9UghHU74TDA
2834,45.76652944584672,4.845585211140796,45.76650537755113,4.845713134517261,10.28,285.09,-13.67,35,2022-01,mXvQGdg6-Yr3fc5_KY_Jag
2835,45.76567030940499,4.844382389413424,45.76570561925463,4.844526160880529,11.82,250.6,-11.94,35,2024-06,KP5qni9Y3pPngX1nYkW7zg
2837,45.76658984817435,4.846560193045164,45.76657635785244,4.846473971416521,6.85,77.36,-20.04,55,2024-06,JwGb8oVbdCFDcAPAinR2uQ
2838,45.76502617915661,4.845641802719948,45.76506792951088,4.845580940473394,6.62,134.52,-20.69,55,2024-05,9s0Xg_PpKBlJZ-i3JPGFMA
2839,45.76606518004851,4.844307843215904,45.76600425006871,4.844324512183928,6.9,349.2,-19.92,55,2023-03,Qbz6aCsB4rwaq5YKZu-piw
2840,45.7665321969041,4.84658521258105,45.76657635785244,4.846473971416521,9.93,119.64,-14.13,45,2024-06,JwGb8oVbdCFDcAPAinR2uQ
2841,45.76551406394192,4.844414214652739,45.76551771531087,4.844564308810793,11.65,268.0,-12.11,35,2024-06,8aGeBCRnTzcnNDUuOzzMmg
2842,45.76640639349598,4.844552681160254,45.76631909048324,4.844535937755382,9.79,7.62,-14.32,45,2023-03,gawcrKMfvnOkjkH60UqGsw
2843,45.7665187200706,4.84580880852361,45.76650537755113,4.845713134517261,7.57,78.69,-18.28,45,2022-01,mXvQGdg6-Yr3fc5_KY_Jag
2844,45.765889119390245,4.8443533697119605,45.76588456462316,4.844490751261701,10.67,272.72,-13.19,35,2024-06,xInX_rvcOJSinGRPVbL18A
2846,45.76626638723923,4.844278682348764,45.76624358892199,4.844417174743802,11.04,283.28,-12.76,35,2024-06,kqQCdg4_JqyqWIZzBzPq6Q
2847,45.76516253934237,4.846018072406612,45.76518366043445,4.845944242140333,6.19,112.3,-21.99,55,2022-01,vN_ShgLhoD7i4mNHIlz9sg
2848,45.76656799694156,4.846323200176099,45.76647022743826,4.846345907702642,11.01,350.8,-12.79,35,2023-05,CDISOpBqTLLhIJEhRCVK4g
2849,45.76497212090214,4.84590721340147,45.76500827511944,4.845977790573965,6.79,233.71,-20.21,55,2022-01,-jvrVEYb2GcC64Xutu42PQ
2850,45.766288193607295,4.846645206757789,45.76620936730142,4.846627657982784,8.87,8.83,-15.74,45,2023-05,1E7llj6FRxyLCfPxJZeZSQ
2851,45.76640937827825,4.844230743051552,45.76642087790116,4.844379844910416,11.64,263.69,-12.13,35,2024-06,YQToD6BNEjNDy70ATvm0bg
2852,45.76413134047072,4.845830468643707,45.76409920704779,4.845920708510509,7.86,297.04,-17.65,45,2024-05,SRXpxcv2MW5RWV_ic1gJcA
2855,45.76799294277229,4.8453041196450615,45.76804232026118,4.845345874623662,6.37,210.54,-21.41,55,2024-05,4NE0SafJPlNnojRL88f4WA
2857,45.76402209509032,4.846153402211704,45.76400598646314,4.84623218222719,6.37,286.34,-21.43,55,2020-08,k-G8MEXCVB0Wpmyd_JbbwA
2861,45.76805585005887,4.844908357806576,45.76800464924722,4.844950091604968,6.55,330.38,-20.89,55,2024-05,mIeSM1JtAsWPVhlkFQkL0Q
2867,45.764397936567406,4.845775138179333,45.76445858157227,4.84575476620189,6.93,166.81,-19.85,55,2024-05,FCuWESLEIu6rvn40JC3GQg
2869,45.76413790010721,4.846023637756066,45.76409920704779,4.845920708510509,9.07,61.68,-15.41,45,2024-05,SRXpxcv2MW5RWV_ic1gJcA
2875,45.768071591864455,4.845074121955903,45.76801535124886,4.845070485082413,6.26,2.58,-21.77,55,2024-05,3gUuq08NpMAykLj3emRsOQ
2878,45.76398596634385,4.845863129505051,45.76400827575348,4.845938692920693,6.36,247.06,-21.44,55,2024-05,ZOxWj1HqCtUw1Ue_QTdYyw
2886,45.76386086927244,4.845885075160008,45.76382804322983,4.845966995244735,7.33,299.87,-18.84,45,2024-05,Zadi3WF7IIs-k4CKGsb2KA
2888,45.76681712882915,4.8441490674707,45.76675148215547,4.844214073014252,8.87,325.36,-15.74,45,2023-03,K06GWE0Rvss64qHZpozI2g
2889,45.76943799654419,4.843888609118217,45.7694918849888,4.84381838267756,8.1,137.73,-17.16,45,2024-06,ifb_WMEGtHtc-YS5ca83Cg
2890,45.758827310398935,4.846084773474929,45.75876267802908,4.846143600605402,8.51,327.58,-16.37,45,2022-02,bn50Gfze6rzbFDS5wfJKGw
2891,45.7682296791941,4.844134886636411,45.76819634066762,4.84398598882831,12.13,72.2,-11.65,35,2024-06,VWVPbR-XMUsQNN_-ADiQJw
2893,45.75905650433557,4.846072880181395,45.75910517501458,4.846109920799488,6.13,207.97,-22.2,55,2017-02,CAoSF0NJSE0wb2dLRUlDQWdJRDRudGVBc2dF
2895,45.76671837070069,4.844470036039962,45.76676970609653,4.844408450668733,7.44,140.08,-18.57,45,2023-03,b6J7-cg95I81Hh0yUKLV8A
2896,45.75436485438573,4.846736210143187,45.7543577983508,4.846900291946728,12.75,273.53,-11.09,35,2024-05,FBTLhSHEICxahHoEszuWMA
2897,45.75933653998992,4.845684670652414,45.75943814778856,4.845700720443042,11.37,186.29,-12.4,35,2020-07,EMbwpU0lEBJCX8jU4g608Q
2899,45.76914974198419,4.843916167271789,45.76914341746505,4.843787636296282,9.99,85.96,-14.04,45,2024-06,XIxxGFT7sE0d2ZmojqtNBg
2900,45.75967462594863,4.845921156842997,45.75967359409486,4.845776678166701,11.21,89.41,-12.57,35,2024-06,YUaTraBg8QzL79Yr6LBL_A
2903,45.7691744381797,4.843945811507687,45.76914341746505,4.843787636296282,12.74,74.3,-11.1,35,2024-06,XIxxGFT7sE0d2ZmojqtNBg
2904,45.75466360016848,4.846677228295782,45.75472002530292,4.846798760981157,11.33,236.36,-12.45,35,2024-05,ClkKIrYLFvIry3EAnl3nZQ
2905,45.75936652467555,4.845979441884564,45.75945844080618,4.845969259717362,10.25,175.58,-13.71,35,2024-05,r33SOMxtR9glF6cMxrObng
2906,45.77160671321403,4.8431035513686185,45.77164686543108,4.843247176678494,12.0,248.16,-11.77,35,2023-05,f25mDgrzZ53vMdS51zkj5g
2907,45.76423138131651,4.844659880097575,45.7642828274478,4.844820240377597,13.69,245.3,-10.35,35,2024-06,gpFEr7qy_x4ufTWV_81QdA
2908,45.7651809470713,4.844487193479292,45.76523995469817,4.844620709190234,12.26,237.64,-11.53,35,2024-06,fSWVYX3JmPkP8ZezTSDjRw
2909,45.76411831520717,4.8447192754776855,45.76410115061041,4.844851824802811,10.46,280.52,-13.44,35,2024-06,E5Ur6BoywjUA8ombtn-dUA
2910,45.7718052365089,4.843077952074983,45.77184412261161,4.843212969388425,11.33,247.56,-12.44,35,2023-05,siCAeErONSmBPlJoiwmU6w
2912,45.75976766313661,4.845923105260756,45.75976914041484,4.845755632664648,12.99,90.72,-10.89,35,2024-06,bbgc0H-cVcBh2Z80LIO0jg
2913,45.75582464196785,4.846431249904272,45.7558329692822,4.846524639003928,7.3,262.72,-18.89,45,2024-05,bnmAc93uPvqh3mjsOES_2A
2914,45.75872202866751,4.846252438906246,45.75877302796547,4.846292721557674,6.47,208.86,-21.11,55,2022-02,ySe2dcz8DbkOmWZ5LDTZ3w
2915,45.75603122855921,4.8467050096689706,45.75600348712508,4.846608577653662,8.09,67.59,-17.17,45,2024-06,HWLzsQ7QmgqWqaal3kW-yg
2916,45.7604851293134,4.845447967234614,45.76051901050634,4.845594382498625,11.97,251.65,-11.8,35,2024-06,6z_Rn8Gu6MblByeM2pwDAQ
2917,45.76757797224023,4.844002887423487,45.76762792191563,4.844108255503635,9.88,235.8,-14.2,45,2024-06,GAUIzk-sY-0RiyrN-R8FXw
2919,45.76665848209522,4.844193192008882,45.76675148215547,4.844214073014252,10.47,188.9,-13.43,35,2023-03,K06GWE0Rvss64qHZpozI2g
2920,45.76433570776073,4.844956202757858,45.7643973281567,4.84499359528504,7.44,202.94,-18.57,45,2024-05,EOmI4puJ0ENBoSoXTRhexw
2921,45.75641401566689,4.84660352122723,45.75635486386158,4.846677846362665,8.75,318.76,-15.95,45,2021-09,CB-7KDfRs4tUO2ze6ObmmQ
2922,45.76443261930248,4.844694432405434,45.76437208829954,4.844696260733937,6.73,358.79,-20.37,55,2024-05,TJfIRtjWv4cAnsAfM-jlyw
2925,45.77150036431514,4.843174487253334,45.77147123605997,4.843270554099357,8.12,293.49,-17.1,45,2023-05,QPGgWG-e76-IGeIBKcsvbA
2926,45.762040629244815,4.845126104586058,45.76206229108711,4.845108933964897,2.75,151.06,-42.25,55,2024-04,CAoSFkNJSE0wb2dLRUlDQWdJRERodEhhZUE.
2927,45.764701666792526,4.844886538947204,45.7646495888308,4.844745119903326,12.4,62.17,-11.39,35,2024-06,WIQEdCN4uQbPENOSAIb02A
2928,45.76916784653289,4.843635454957974,45.76914341746505,4.843787636296282,12.11,282.96,-11.66,35,2024-06,XIxxGFT7sE0d2ZmojqtNBg
2929,45.77133258508222,4.843225021291212,45.7713841075109,4.843176179815619,6.87,146.53,-20.0,55,2023-03,NYeQFnSiyCYmYuT5yFYOjQ
2930,45.754374968058784,4.846766965483875,45.75441177065894,4.846733123178213,4.86,147.32,-27.21,55,2021-01,CAoSFkNJSE0wb2dLRUlDQWdJRFN0N1NzQWc.
2931,45.76943574775164,4.843876084609163,45.7694918849888,4.84381838267756,7.68,144.36,-18.03,45,2024-06,ifb_WMEGtHtc-YS5ca83Cg
2932,45.76990826614316,4.843503357034663,45.76992374669982,4.843591790146005,7.07,255.91,-19.47,45,2024-06,T-Ci8w2hzzon63gBs-Rw7A
2933,45.767263917989744,4.84405272990584,45.76726800085148,4.844192497937788,10.85,267.6,-12.97,35,2024-06,OdQJUbMpARkjFJ6h27UIGQ
2934,45.763938382761005,4.845052786013357,45.76391932708706,4.844883465722908,13.3,80.84,-10.64,35,2024-06,kxfb0uLI9-q19KIjGnzCqQ
2935,45.76444243254108,4.84469253727312,45.7644659725856,4.84478481034948,7.62,249.91,-18.16,45,2024-06,inZkiEXzBtK1F9Kytgs2Ow
2936,45.77093229020206,4.843247782431939,45.77091340805027,4.843355830741968,8.64,284.07,-16.14,45,2024-06,kBGGhsX5CmDtcMO0AgycMA
2937,45.76037850760336,4.845466598817655,45.76042474802581,4.845614173317983,12.55,245.81,-11.27,35,2024-06,GvHVbzXgAB_PUaTcn1rrDA
2938,45.76425786594897,4.844982540268828,45.7642828274478,4.844820240377597,12.89,102.43,-10.97,35,2024-06,gpFEr7qy_x4ufTWV_81QdA
2939,45.75934545544876,4.845682947970297,45.75943814778856,4.845700720443042,10.4,187.62,-13.52,35,2020-07,EMbwpU0lEBJCX8jU4g608Q
2940,45.76799749396006,4.844182472714576,45.7679350870263,4.844164022566279,7.09,11.65,-19.43,45,2024-05,Z9SwwL51yQp7vSx91xpaAQ
2941,45.76722187300212,4.844402667837676,45.76727242114116,4.844462905084325,7.31,219.74,-18.88,45,2022-02,P14C48vMjuE2r_ul1fjp1Q
2942,45.76211770243722,4.845440538945346,45.76216134333961,4.845350811091994,8.49,124.88,-16.42,45,2020-07,HZ5EeZTfa0l5jhoCp_JXTw
2943,45.76750678417569,4.844299499756647,45.76744722755806,4.844150580151036,13.31,60.17,-10.63,35,2024-06,a5XMA-FKxrAgAwgtjMIXYg
2944,45.76538146826692,4.844443853444224,45.76542288794093,4.844583520700083,11.77,246.97,-11.99,35,2024-06,7tRliOWDnQKROlji7RqhYw
2945,45.76995939271066,4.843679675223752,45.76992374669982,4.843591790146005,7.89,59.82,-17.59,45,2024-06,T-Ci8w2hzzon63gBs-Rw7A
2946,45.770208110007125,4.843433005334804,45.77019772619781,4.843519166051136,6.78,279.8,-20.24,55,2024-06,HrxEjQzULwB3kjgk6RFrhA
2948,45.76758671057679,4.844001274205427,45.76762792191563,4.844108255503635,9.48,241.09,-14.77,45,2024-06,GAUIzk-sY-0RiyrN-R8FXw
2950,45.76455737981714,4.844905647070278,45.76455887906776,4.84476470110912,10.93,90.87,-12.88,35,2024-06,uK2HigRxQp6fFCvTt-zM4g
2951,45.760591064330434,4.845747261427296,45.76061049388177,4.845575184521451,13.52,99.19,-10.47,35,2024-06,pGCDqX0VZRMotKNcL9CRxA
2952,45.76405180659903,4.845025408584329,45.76401031245052,4.844867616867985,13.08,69.35,-10.82,35,2024-06,sO5YzZt3PCPmenx2n-cJXw
2953,45.76302759771973,4.84494238177552,45.76304615554817,4.84505742035977,9.16,256.98,-15.27,45,2024-06,YPi7B8NmD-RTK6tj53d8DQ
2955,45.75953384010916,4.845663659023916,45.75943814778856,4.845700720443042,11.02,344.88,-12.78,35,2020-07,EMbwpU0lEBJCX8jU4g608Q
2956,45.75626940517333,4.846634778562214,45.75632362591173,4.846547949974071,9.04,131.83,-15.46,45,2021-09,HO5fiHjco3yJFwqrYr2Eng
2957,45.76097139199849,4.84532998678337,45.76089400453345,4.845379040499108,9.41,336.14,-14.88,45,2022-02,xp7pHivg5HJucsfasyKPpA
2958,45.762210718698334,4.845419292774787,45.76216134333961,4.845350811091994,7.64,44.06,-18.12,45,2020-07,HZ5EeZTfa0l5jhoCp_JXTw
2963,45.764608133351445,4.84461140274008,45.7646495888308,4.844745119903326,11.35,246.04,-12.42,35,2024-06,WIQEdCN4uQbPENOSAIb02A
2964,45.755876515936166,4.846735985518222,45.75595376575128,4.846728422389568,8.61,176.09,-16.19,45,2024-06,5RX4agoGuJN1uR558mavxQ
2965,45.76305150564082,4.845227879680135,45.76304615554817,4.84505742035977,13.24,87.42,-10.7,35,2024-06,YPi7B8NmD-RTK6tj53d8DQ
2966,45.75540512587831,4.846521251623926,45.75538944064215,4.846613777548823,7.39,283.66,-18.7,45,2024-05,iEbWjAT3Iz12xJwQMTKpDw
2968,45.76301869301929,4.844944214621849,45.76304615554817,4.84505742035977,9.3,250.83,-15.05,45,2024-06,YPi7B8NmD-RTK6tj53d8DQ
2970,45.75659390649984,4.846287831037193,45.75662075007436,4.846366923350118,6.82,244.06,-20.12,55,2024-06,9yG9hqrLmnIRxwQWlnC1zA
2974,45.7714289721092,4.8431319201417065,45.7713841075109,4.843176179815619,6.06,325.47,-22.43,55,2023-03,NYeQFnSiyCYmYuT5yFYOjQ
2975,45.7592357613081,4.845722615268244,45.7592225723554,4.845886188059171,12.77,276.59,-11.07,35,2024-06,SCOcuOePrd-b9R7H9riP_w
2976,45.7678874004949,4.844211955090062,45.7679350870263,4.844164022566279,6.48,144.96,-21.11,55,2024-05,Z9SwwL51yQp7vSx91xpaAQ
2977,45.76722290793101,4.844415495394029,45.76727242114116,4.844462905084325,6.62,213.74,-20.69,55,2022-02,P14C48vMjuE2r_ul1fjp1Q
2978,45.76821818759172,4.843855818763206,45.76819634066762,4.84398598882831,10.38,283.53,-13.54,35,2024-06,VWVPbR-XMUsQNN_-ADiQJw
2979,45.76831580185922,4.844122367691725,45.76831577271186,4.843962755107274,12.38,89.98,-11.42,35,2024-06,y-8phnlNqHcfRkfhf2FEWg
2980,45.76036660128969,4.845801616441332,45.7603299031579,4.845634028949711,13.63,72.57,-10.4,35,2024-06,4Nd2izDzqGz1J5W21m1vyQ
2981,45.75599308498122,4.846789781655332,45.75595376575128,4.846728422389568,6.46,47.43,-21.15,55,2024-06,5RX4agoGuJN1uR558mavxQ
2982,45.77178065362388,4.843394275559986,45.77172694919017,4.843365827901732,6.37,20.28,-21.44,55,2023-05,LxYWuczhf7kUQHeh_P3x6Q
2983,45.76433012890622,4.844978055089996,45.7643973281567,4.84499359528504,7.57,189.16,-18.28,45,2024-05,EOmI4puJ0ENBoSoXTRhexw
2984,45.76701096103486,4.844405029055277,45.76698027882481,4.844257944894336,11.91,73.35,-11.86,35,2024-06,pXFn7hixmRRjMMLYNZedLA
2985,45.76914123765031,4.843962893745075,45.76914341746505,4.843787636296282,13.6,91.02,-10.42,35,2024-06,XIxxGFT7sE0d2ZmojqtNBg
2986,45.7545406906646,4.847003172369075,45.75453486323777,4.846856985019435,11.36,86.73,-12.41,35,2024-05,gwLILXvXqnJZVqDFodwPOA
2987,45.76820932108412,4.843857931639491,45.76819634066762,4.84398598882831,10.04,278.27,-13.99,35,2024-06,VWVPbR-XMUsQNN_-ADiQJw
2988,45.76937277620316,4.843612140223025,45.76941334613231,4.843724975714037,9.85,242.73,-14.25,45,2024-06,ghbTptfVqL1TGbRL1wbcaA
2990,45.76429999738137,4.84465102272495,45.76436278747576,4.844595852912334,8.19,148.49,-16.98,45,2024-05,k-4OMkGtuoR9PXfEZOL56A
2991,45.76799378590006,4.843908799869767,45.76800345056855,4.844023545164164,8.96,263.12,-15.58,45,2024-06,ulNQtURsr-QgbrvEReerFQ
2993,45.76242965139618,4.845362264124413,45.76245625077852,4.845186963444731,13.92,102.27,-10.18,35,2024-06,1T_X9wUCSzaFtUJoHo0tcA
2995,45.76705787514285,4.844067166071298,45.76707974366111,4.844235422422215,13.28,259.45,-10.66,35,2024-06,oQn8PoALekY6bBf0Ckg_BA
2996,45.767439699759386,4.843978792078189,45.76744722755806,4.844150580151036,13.35,266.41,-10.61,35,2024-06,a5XMA-FKxrAgAwgtjMIXYg
2997,45.7608642482784,4.845686177943271,45.76091338290186,4.84565210152001,6.07,154.18,-22.39,55,2020-07,rxQTcSibC2b-qVbDeQg2hg
2998,45.77009329033405,4.843418244245234,45.77010784144752,4.843542990827324,9.81,260.51,-14.3,45,2024-06,Sm0fE71jBwzKboDl2HPglQ
2999,45.75438404054663,4.846785563873192,45.7543577983508,4.846900291946728,9.37,288.15,-14.94,45,2024-05,FBTLhSHEICxahHoEszuWMA
3000,45.76936396815994,4.843614093781919,45.76941334613231,4.843724975714037,10.2,237.45,-13.77,35,2024-06,ghbTptfVqL1TGbRL1wbcaA
3002,45.76995965552145,4.843737733380793,45.76992374669982,4.843591790146005,12.0,70.57,-11.77,35,2024-06,T-Ci8w2hzzon63gBs-Rw7A
3004,45.76213065033115,4.845095487700843,45.76210391981552,4.845262306871606,13.28,282.94,-10.66,35,2024-06,uMA8peTJQOH1CWvzIj1JCA
3012,45.76971426535666,4.75663321966711,45.7697947235887,4.756598224540602,9.35,163.12,-14.97,45,2026-04,eIKo0BRMVWRyCWcYqagknA
3016,45.77555835738481,4.751965811329588,45.77559549342216,4.752034097984642,6.72,232.06,-20.42,55,2026-04,nkooL-uBWb0YMO3cE94ERA
3017,45.77845679775732,4.751083130998539,45.77847548053445,4.750999740649388,6.79,107.81,-20.21,55,2023-05,y4FJ9GXZamL_r6byX_QLcA
3018,45.783120445505816,4.7497461447193565,45.78315736345647,4.74983624177146,8.1,239.56,-17.15,45,2024-07,vevmL-trC-rFwGz_IEj_1g
3019,45.769716569235726,4.75661646250316,45.7697947235887,4.756598224540602,8.8,170.75,-15.85,45,2026-04,eIKo0BRMVWRyCWcYqagknA
3023,45.77004239601054,4.756072395772755,45.77007546513637,4.75614325462094,6.61,236.22,-20.71,55,2026-04,c41HjRrRlH4GVNJpDVjh1A
3029,45.776073974566906,4.751827913246965,45.7760469520997,4.751907682319289,6.88,295.91,-19.98,55,2026-04,YgrkgcmZRq9hrz9DIGRqFg
3032,45.77727796437744,4.751486081295661,45.77725411197333,4.751566791370927,6.8,292.96,-20.19,55,2026-04,QG62MzBpm0RMdMtxQlBsXw
3033,45.775970845904446,4.751853576840586,45.77595552156028,4.751932449413019,6.35,285.57,-21.49,55,2026-04,0_GAg_Pa2BQSxsbfMnzByg
3036,45.770902375742224,4.754838820068255,45.77084535341057,4.7548147535808,6.61,16.4,-20.72,55,2026-04,100LxSaKyD0lyXHo6UQGRw
3041,45.77952663392677,4.750791817706674,45.77951746907708,4.750910174587643,9.23,276.34,-15.15,45,2026-04,zydx3QE-wHayYcGLSYQHyg
3042,45.7703278489683,4.756052701369072,45.77027037948152,4.755920188219211,12.1,58.13,-11.67,35,2024-07,NtOqROyhtxvfkinsrM0qig
3044,45.7795464510136,4.75078959990791,45.77951746907708,4.750910174587643,9.89,289.02,-14.19,45,2026-04,zydx3QE-wHayYcGLSYQHyg
3045,45.77064634641386,4.754930788790043,45.7706587504366,4.755015750669017,6.73,258.18,-20.37,55,2024-07,TYdVWUYDIv-hLiOpIzEgdg
3047,45.77064103658513,4.754941102037436,45.7706587504366,4.755015750669017,6.12,251.21,-22.23,55,2024-07,TYdVWUYDIv-hLiOpIzEgdg
3049,45.78508433300959,4.748672392048205,45.78513355119972,4.748710030865399,6.2,208.07,-21.95,55,2024-07,fYMUuFdASody3TEnGjovbw
3050,45.77010184186063,4.756807140919672,45.77004397248936,4.756741892534508,8.19,38.18,-16.98,45,2024-07,r6agaVVNRJ_iz4Kq9qPlAA
3053,45.77269878482517,4.75281498104985,45.77274391048192,4.752871978434694,6.69,221.38,-20.5,55,2024-07,y5dblTkwhPUEVnAPRBvukw
3055,45.788551535200426,4.745688529349263,45.78848851343187,4.745684044750105,7.02,2.84,-19.61,45,2026-04,lNOjcVqbruzd32YzFgSabw
3057,45.77005134276408,4.756069925269006,45.77007546513637,4.75614325462094,6.29,244.75,-21.68,55,2026-04,c41HjRrRlH4GVNJpDVjh1A
3059,45.776072637024846,4.751813191642335,45.7760469520997,4.751907682319289,7.87,291.29,-17.63,45,2026-04,YgrkgcmZRq9hrz9DIGRqFg
3060,45.78090075400202,4.750402804592411,45.78087143055986,4.750484378035079,7.12,297.27,-19.36,45,2026-04,WrFxWhZZGIWk8Qy-k4XGRA
3061,45.77265958183644,4.752824146381757,45.77264223291833,4.752901001470768,6.27,287.93,-21.75,55,2024-07,_b55FO8BiDH7O-mNl7ZMog
3064,45.76972323778176,4.756587435165265,45.7697947235887,4.756598224540602,7.99,186.01,-17.37,45,2026-04,eIKo0BRMVWRyCWcYqagknA
3065,45.77699765820461,4.751566928331709,45.77699024617224,4.751646511545037,6.23,277.61,-21.88,55,2026-04,nX-ebRMxSJt_cTdrm8pebA
3066,45.7700630714868,4.756065224579944,45.77007546513637,4.75614325462094,6.21,257.17,-21.94,55,2026-04,c41HjRrRlH4GVNJpDVjh1A
3067,45.75099826827163,4.934220156611582,45.75100841066547,4.934301835344967,6.44,259.91,-21.23,55,2026-06,_Mas4rDvQuZDTILzBc0hcA
3068,45.75108889905541,4.934210987201396,45.75109564246229,4.934329203692705,9.2,265.33,-15.2,45,2026-06,EGpXv21UlFbdYG8cpA6vPA
3070,45.750311794804986,4.933995640170725,45.75027430985592,4.934071548386989,7.22,305.29,-19.11,45,2026-06,HHJ-UAiw_RNC2eG5tdCDQQ
3071,45.75031785650047,4.933997199900618,45.75027430985592,4.934071548386989,7.53,310.01,-18.36,45,2026-06,HHJ-UAiw_RNC2eG5tdCDQQ
3073,45.751013226856095,4.934189768347494,45.75100841066547,4.934301835344967,8.71,273.52,-16.01,45,2026-06,_Mas4rDvQuZDTILzBc0hcA
3074,45.75101779802865,4.934191183226741,45.75100841066547,4.934301835344967,8.65,276.93,-16.12,45,2026-06,_Mas4rDvQuZDTILzBc0hcA
3075,45.75099124767328,4.934218176591442,45.75100841066547,4.934301835344967,6.77,253.62,-20.28,55,2026-06,_Mas4rDvQuZDTILzBc0hcA
3076,45.75108328473021,4.93420945535145,45.75109564246229,4.934329203692705,9.39,261.59,-14.91,45,2026-06,EGpXv21UlFbdYG8cpA6vPA
3077,45.75107205607976,4.934206391652586,45.75109564246229,4.934329203692705,9.88,254.61,-14.2,45,2026-06,EGpXv21UlFbdYG8cpA6vPA
3078,45.7510223692012,4.934192598106202,45.75100841066547,4.934301835344967,8.62,280.38,-16.18,45,2026-06,_Mas4rDvQuZDTILzBc0hcA
3079,45.75110382710372,4.934217102298823,45.75109564246229,4.934329203692705,8.75,275.97,-15.95,45,2026-06,EGpXv21UlFbdYG8cpA6vPA
3080,45.7510993228717,4.934215965016484,45.75109564246229,4.934329203692705,8.8,272.67,-15.87,45,2026-06,EGpXv21UlFbdYG8cpA6vPA
3081,45.751094818639686,4.934214827734334,45.75109564246229,4.934329203692705,8.87,269.41,-15.73,45,2026-06,EGpXv21UlFbdYG8cpA6vPA
3082,45.751077670405,4.934207923501842,45.75109564246229,4.934329203692705,9.62,258.01,-14.57,45,2026-06,EGpXv21UlFbdYG8cpA6vPA
3084,45.74498511352912,4.932485074088795,45.74500690123378,4.932579654225275,7.73,251.73,-17.92,45,2026-06,I_EbbYdep95WGFx0GtF1mA
3085,45.74515987064421,4.932884476026488,45.74521254186931,4.932771187024336,10.56,123.67,-13.32,35,2024-05,z3AQFdhC4zKnVclWZ2LnbQ
3086,45.74491836803569,4.932477308790278,45.74491872910224,4.932557543024256,6.23,269.63,-21.88,55,2026-06,3rRWw0wcNpO1GtLVcr3dxg
3087,45.74491262167366,4.9324757558393975,45.74491872910224,4.932557543024256,6.38,263.89,-21.39,55,2026-06,3rRWw0wcNpO1GtLVcr3dxg
3095,45.74498062096105,4.932483917565425,45.74500690123378,4.932579654225275,7.98,248.53,-17.39,45,2026-06,I_EbbYdep95WGFx0GtF1mA
3104,45.74809383091218,4.937510470409466,45.74799962265477,4.937621253127649,13.55,320.63,-10.45,35,2024-10,UH0TcrYkz7G7MnCxF3mzFg
3108,45.74808696522835,4.937500155282102,45.74799962265477,4.937621253127649,13.51,315.95,-10.48,35,2024-10,UH0TcrYkz7G7MnCxF3mzFg
3114,45.74809039807037,4.937505312845482,45.74799962265477,4.937621253127649,13.52,318.29,-10.48,35,2024-10,UH0TcrYkz7G7MnCxF3mzFg
3120,45.75018184777467,4.9433418525593975,45.75015257231475,4.943222582359733,9.81,70.62,-14.3,45,2024-10,ELPcgmar3XCb3UT3BIU_4w
3132,45.75056493579375,4.942659393522652,45.75065213860684,4.94277580346191,13.25,222.97,-10.68,35,2024-10,7b3gExii90a6_TSpCOrmQg
3139,45.75056912714773,4.942665449811213,45.75065213860684,4.94277580346191,12.59,222.85,-11.23,35,2024-10,7b3gExii90a6_TSpCOrmQg
3149,45.86314396040313,4.833027853576163,45.86317132572072,4.832959367981993,6.11,119.85,-22.24,55,2024-04,me4sPKmGKN2ZuUbBaYVIGw
3153,45.85091244965663,4.830436937179779,45.85096148872005,4.830397581050335,6.25,150.79,-21.81,55,2008-10,neuf4AObYGOrD5gXNZafTA
3154,45.84946755365316,4.830009599466639,45.8495207751655,4.829983100368259,6.26,160.87,-21.76,55,2008-10,Rhk6lc-aE4NBxFePi4zc_g
3159,45.86074892233041,4.832412041639986,45.8607023543676,4.832468281075176,6.77,319.93,-20.28,55,2019-07,sjIzLngcfzXh5CXZQiU7pA
3164,45.863629898633,4.833145197406684,45.86364712303762,4.833051032005381,7.54,104.72,-18.35,45,2024-04,6d60yV0FSgW80uOuA_zDEw
3168,45.86257465394647,4.83291404605122,45.86261338941132,4.832822934998969,8.27,121.4,-16.83,45,2024-04,-tqU--HwgtIbJLfTEesoKw
3169,45.85698721415396,4.833571756330716,45.85707174749104,4.833625119679291,10.27,203.73,-13.68,35,2022-03,3bUh4SwzFnEN_gJFBS8Q8w
3186,45.8505388627996,4.833416829742721,45.85053555032797,4.833320846069122,7.44,87.16,-18.57,45,2022-03,1Yvf3tiQu0O7_0U-xP2QHA
3187,45.85997642362855,4.833975461856364,45.86002931590919,4.83395634751648,6.06,165.87,-22.4,55,2024-04,h2fjWQZRbqglnztVa1UDkw
3191,45.85694932180957,4.834284138081575,45.85700536070224,4.834283421615878,6.23,179.49,-21.86,55,2022-03,0geqCAF9khA2m-rrYHS2Zw
3193,45.8498330878007,4.794535850113964,45.84982326184515,4.79466315023694,9.92,276.32,-14.14,45,2024-05,gxsGZeyEiV3UYERaHDPPDA
3194,45.85235626190472,4.795957864500575,45.85233733613097,4.796039415539338,6.66,288.43,-20.58,55,2024-05,hZQ3Je0HKAamqcyahrcd9Q
3195,45.8523229293184,4.795945199608642,45.85233733613097,4.796039415539338,7.47,257.62,-18.5,45,2024-05,hZQ3Je0HKAamqcyahrcd9Q
3198,45.85253971499095,4.7963052514687705,45.85259804601184,4.79620506843708,10.11,129.89,-13.89,35,2024-05,Fg0-ZVjuLGOXDFrfEGwFGw
3199,45.85245097477118,4.795982568087255,45.85250089201692,4.796024878269508,6.45,210.56,-21.2,55,2024-05,VwZ--kikcXHU0WrJb4gx6Q
3203,45.8170324817427,4.865705065551956,45.81709758038567,4.865761319152067,8.45,211.06,-16.48,45,2026-05,uCuFAeNn7jrUkRaw-xzsDA
3204,45.81750646707757,4.865565675403156,45.81748353079426,4.865652770113479,7.22,290.7,-19.11,45,2024-05,kiJRncu1Fwg6FWji2mcO_w
3205,45.81731080249824,4.86548355761925,45.81721584342576,4.86549738776232,10.61,354.2,-13.25,35,2026-05,ZW0Zn_4Xs2nVECHFrEiA1Q
3221,45.90152754903088,4.83875178559102,45.90146799149617,4.838755168758228,6.63,357.74,-20.67,55,2024-05,lTT-vohZdusP-y0j0RIWCA
3224,45.751535350281614,4.915238169802263,45.751585665241,4.915160478512864,8.22,132.87,-16.91,45,2022-01,ytP9lxg4lUZIMO8RcLrSIQ
3226,45.75151582881068,4.915231305779302,45.75149427558264,4.915120162442774,8.95,74.47,-15.61,45,2022-01,jhlCaYckD5r446NY7upFqg
3233,45.75167609988624,4.915292021214925,45.75167516078761,4.915192599340481,7.71,89.22,-17.96,45,2022-01,XlebyDSoSIukHQLU5xxpiw
3235,45.754160264574914,4.915413803310654,45.75421728176114,4.915457757322382,7.2,208.27,-19.15,45,2022-01,UqAMUDylriNDe_acjD2jgQ
3239,45.75133267451427,4.915155909789959,45.75131957613608,4.915038707815957,9.21,80.9,-15.19,45,2022-01,diJm3rtBbUjIIZK9Hp31zw
3240,45.75186314602024,4.915366013956155,45.75184751813831,4.915254388497819,8.83,78.65,-15.8,45,2022-01,Js3xeR1wecsOG7viTb5ODg
3241,45.7541127542837,4.9150241937600345,45.75416693284141,4.915072882010771,7.11,212.09,-19.37,45,2022-01,D9l6RxhlJgZ6Lnf-13HwNw
3242,45.76073811641969,4.906015522154638,45.76068515581364,4.906071494489999,7.32,323.6,-18.86,45,2017-08,Wb1L1CLwg6MEi9HTw3-jAA
3244,45.76077558745584,4.90643287534071,45.76071686095101,4.906388388998788,7.39,27.86,-18.7,45,2017-08,p4f5nHbmly4yEeI2j9Ll3w
3247,45.76957043917933,4.896648229244097,45.76954334929461,4.896553041648922,7.97,67.8,-17.41,45,2015-08,Tqse5aCz7kmreFZ6tdEw5g
3248,45.76792521227844,4.896815348491461,45.76790682587363,4.896916444764683,8.1,284.61,-17.14,45,2024-06,0nowAcTLyxMarMENFTJ1tw
3249,45.766251797356816,4.897739737089736,45.76616519121082,4.897692423534557,10.31,20.86,-13.64,35,2024-05,kKFMwU5czSAci3Gk87i4Qg
3250,45.76770507539125,4.896805071666899,45.76770984514454,4.896903339498069,7.64,266.02,-18.12,45,2024-06,UPMvftI7YxhSyGeIhbeDEQ
3251,45.769299337528494,4.896779050715333,45.76924831013627,4.896710144363904,7.79,43.29,-17.78,45,2016-07,k5gmac0W7zaykooSjF-Ajw
3252,45.76927527047131,4.896528167995977,45.76935208068828,4.896507960079236,8.68,169.6,-16.06,45,2016-07,7D8ErrQeSUp-GCcTUC5c5w
3255,45.76757320812354,4.896796658428959,45.76760766392147,4.896899187563551,8.83,244.28,-15.81,45,2016-10,WJ3DxmltixQBoMwdOLaqvg
3256,45.76680533775423,4.89805335192697,45.76676919445242,4.898116938016379,6.36,309.17,-21.45,55,2015-08,NejwCruURGM6WS3bSldMLA
3257,45.76693534825714,4.896971330880434,45.76687709455769,4.896924559411663,7.42,29.25,-18.61,45,2016-10,5Oxyu3q4y99kgMmVMjnTDw
3258,45.76662885872369,4.89779918149059,45.76669070363701,4.897871141513942,8.86,219.07,-15.76,45,2016-10,VgTF_fA0U2WAJkyLPzn5Jw
3259,45.767101711974426,4.896880608844744,45.76707873218966,4.896996424739214,9.34,285.88,-14.99,45,2016-10,mZHQbReoMsVU7ih1HvvwEw
3260,45.76635176336878,4.897879218292453,45.76639198049731,4.897974134207487,8.61,238.73,-16.18,45,2022-01,MXMvGdgjbHzcmwefcTjUig
3261,45.76752964062042,4.897026140172728,45.76750853902286,4.896896461305549,10.33,76.87,-13.61,35,2016-10,wRr3SDoLctdlZIEh7h-VPw
3263,45.76672102905451,4.897712419713288,45.76675846108403,4.897802251462837,8.12,239.15,-17.12,45,2016-10,QSTv5WUAJGqr2erNH-s3rg
3265,45.76695078746299,4.896977756538082,45.7669200547155,4.89706907838525,7.86,295.75,-17.63,45,2016-10,C9sUyui87VMOFVk09m14_A
3266,45.7666878889774,4.897754852481775,45.76675846108403,4.897802251462837,8.67,205.1,-16.09,45,2016-10,QSTv5WUAJGqr2erNH-s3rg
3271,45.76791835293036,4.897056726214536,45.76790682587363,4.896916444764683,10.96,83.28,-12.85,35,2024-06,0nowAcTLyxMarMENFTJ1tw
3272,45.76984084672407,4.89636879214156,45.76985713233285,4.896452604909619,6.75,254.43,-20.33,55,2024-05,I_e6FflzXpmeDKBhJHyr7w
3274,45.76819532978821,4.897037663890184,45.76821190108367,4.896939552542704,7.83,103.61,-17.71,45,2016-10,-boZPdI36ABbGymZChH-6w
3275,45.76810668872303,4.89683315708006,45.76799995273864,4.896925521339038,13.86,328.88,-10.22,35,2014-08,A3AtM3Po2naQvo8460NPoQ
3276,45.76970084662821,4.896508919915547,45.76964338527156,4.896514272365048,6.4,356.28,-21.33,55,2015-08,SX3uj-jR8bB94QGBF-ZzgQ
3280,45.76982688981712,4.896533815988362,45.76985713233285,4.896452604909619,7.14,118.1,-19.3,45,2024-05,I_e6FflzXpmeDKBhJHyr7w
3281,45.76937835345503,4.896752969194545,45.76934630524076,4.896629294704853,10.23,69.62,-13.73,35,2016-07,9WmIjek9BRYP7lYV3zpkMg
3282,45.76646313458144,4.897871495695406,45.76647936142354,4.897953125612179,6.58,254.09,-20.79,55,2022-01,VuPIN4LyW2jUZ7lWYRPlKQ
3284,45.76693941795342,4.9003901802475385,45.76697889202131,4.900323789465711,6.77,130.44,-20.28,55,2024-06,lG-du12eTmmT3kX9feecCg
3285,45.76686368849646,4.898666518261425,45.76682801239897,4.898735670403986,6.67,306.49,-20.54,55,2024-06,_IhSy-dEBkG7e38pfI7VYA
3286,45.76874393837684,4.899657237993201,45.76868049436855,4.899600132380503,8.33,32.12,-16.71,45,2024-06,TutVHaN1Tami1xBfYYFkqw
3287,45.76693607646828,4.90063336024792,45.76689832744315,4.900546012130597,7.97,58.22,-17.41,45,2022-01,563JRhyXX1P6nduTriwkEg
3291,45.7669282546293,4.90029701134039,45.76697889202131,4.900323789465711,6.0,200.25,-22.61,55,2024-06,lG-du12eTmmT3kX9feecCg
3293,45.76704626784556,4.900286713557236,45.76697889202131,4.900323789465711,8.02,339.0,-17.3,45,2024-06,lG-du12eTmmT3kX9feecCg
3296,45.76701333198399,4.901083360938919,45.7670723444437,4.901027210909387,7.88,146.43,-17.61,45,2022-01,6Qw5EjcS4JlO8BOhmYm4kw
3298,45.76786051535265,4.900293921804351,45.76781726901162,4.900232290584239,6.78,44.83,-20.24,55,2024-06,vPXMPdhBqj2paXOZU-O-Ww
3299,45.76697697989484,4.900717542469555,45.76701644727679,4.900655231761886,6.53,132.24,-20.95,55,2022-01,txTb_9MDea5-761eauE8TQ
3302,45.76813305947912,4.900079807396357,45.76806887839586,4.900049894659811,7.5,18.01,-18.43,45,2024-06,c0z_ndfm_zVJFIvSoZn4pA
3303,45.76850557046368,4.89981678167153,45.76849751730865,4.899737240460713,6.23,81.74,-21.85,55,2024-06,daYWXbQKHM3pZsUg34UIiw
3304,45.76715887299672,4.900635225924293,45.7671552241401,4.900542937324087,7.17,86.76,-19.22,45,2024-06,BCKXiEtM4gREFBp6A_Iy1g
3305,45.76657790869293,4.90062477937844,45.7665972100994,4.900545764208124,6.49,109.3,-21.06,55,2022-01,LCDpQuRv5AekGHwIPpO54g
3306,45.76902066144357,4.899476813934448,45.76902379180365,4.899391145112641,6.65,93.0,-20.59,55,2024-06,ZKr3cDcIqaazowWiMza-rg
3307,45.76708341289582,4.900636630109487,45.76707303824556,4.900544170880416,7.26,80.86,-18.99,45,2024-06,gHCDt71Om1L7j7rZIlGITQ
3308,45.76969973114583,4.899138095147143,45.76967622541657,4.89906167287198,6.48,66.21,-21.1,55,2024-06,6cKciqJ0YMfCU-ptDDErow
3309,45.76709278601424,4.90160837379868,45.76713300331375,4.901663527613687,6.19,223.73,-22.0,55,2022-01,7nP3H8mcgIpKkSWfN4Kpow
3313,45.76656936471628,4.900624397985724,45.7665972100994,4.900545764208124,6.84,116.91,-20.08,55,2022-01,LCDpQuRv5AekGHwIPpO54g
3314,45.76709208132423,4.90063656564635,45.76707303824556,4.900544170880416,7.47,73.54,-18.5,45,2024-06,gHCDt71Om1L7j7rZIlGITQ
3315,45.769304544392654,4.89932915884295,45.76924878852241,4.899275014094647,7.49,34.11,-18.46,45,2011-04,Z_w5qpmqrYtvjgY8jZ1Rkw
3316,45.768898618749205,4.899562100024802,45.76884708733085,4.899493501324572,7.82,42.88,-17.73,45,2024-06,FbkrBSXmeqhi_UcYax5Ykw
3318,45.76692756269559,4.900632786982093,45.76689832744315,4.900546012130597,7.47,64.22,-18.49,45,2022-01,563JRhyXX1P6nduTriwkEg
3319,45.76713846213669,4.902385645188345,45.76719002389057,4.902342358846407,6.64,149.65,-20.62,55,2022-01,yFDvNafOBhrvqQmv1sHb4A
3320,45.76717308053298,4.902547204816478,45.7672045057457,4.902474637149634,6.63,121.83,-20.67,55,2024-06,S8w7N9hVV0To7FFMKBvpuA
3321,45.76708632762045,4.901604359985364,45.76712205925693,4.901533253145065,6.8,125.77,-20.19,55,2022-01,ORJ561Nd3UKluqx4bHkVxA
3324,45.75583340332329,4.895644568897051,45.75588736773069,4.895649458253658,6.01,183.62,-22.58,55,2024-05,RhiRflj4-sbOdegIuSr0QA
3325,45.75581137977448,4.894912026099047,45.75586893414417,4.894964393663159,7.58,212.41,-18.25,45,2024-05,ynShJ7P8qePxoafyQYJ7YA
3326,45.759185141733546,4.916367652793643,45.75915353355276,4.9164726508065,8.87,293.34,-15.74,45,2022-01,v7fBtiLKa4bzlZa9Q3ZDWw
3328,45.75527244171202,4.916627836408583,45.75532191248625,4.91653368385504,9.14,126.98,-15.29,45,2022-01,1RcR85hi_lPjl_7MpG6pig
3329,45.75856983027819,4.916422255461093,45.75859095815478,4.916534656435893,9.03,254.92,-15.47,45,2022-01,Dqp6Sqh2zhkxXwc1QBx1Lg
3331,45.75560590356248,4.916678360276833,45.75559708219191,4.916577925743024,7.85,82.83,-17.66,45,2022-01,0Tw25tpe0lkpofYlYIO3OQ
3333,45.757163476870005,4.916591356473562,45.75720627558452,4.916652115587706,6.7,224.73,-20.47,55,2022-01,RFuu5JsY8UCBVr6FxERiVw
3334,45.75676390353577,4.916830851383973,45.75677354335652,4.91666996151891,12.53,94.91,-11.29,35,2022-01,2h9oeJ_KFrr1YpyLMszZGw
3336,45.75439163918359,4.916512887063824,45.75446995249773,4.916480360330331,9.07,163.84,-15.42,45,2022-01,y9vWMQetDXZy6A-E85C3XA
3339,45.75442840985377,4.916546268893309,45.75446995249773,4.916480360330331,6.89,132.09,-19.94,55,2022-01,y9vWMQetDXZy6A-E85C3XA
3341,45.75717662418022,4.916585005086724,45.75720627558452,4.916652115587706,6.16,237.66,-22.08,55,2022-01,RFuu5JsY8UCBVr6FxERiVw
3342,45.75649244778458,4.916764314006053,45.75650271692908,4.916669510944976,7.44,98.82,-18.57,45,2022-01,Y5pRHNY5Rvhni2vtPCdyhA
3343,45.75735139457559,4.916536616563141,45.75738646546782,4.916640081633862,8.92,244.09,-15.65,45,2022-01,OiIuxfAXjIxVwXcVyaNRUw
3344,45.7585635214697,4.916432747365995,45.75859095815478,4.916534656435893,8.47,248.9,-16.44,45,2022-01,Dqp6Sqh2zhkxXwc1QBx1Lg
3346,45.75246188393495,4.939787167102068,45.752496105349,4.939687845648479,8.59,116.28,-16.22,45,2019-04,cF0xrACDzVR1u6MIZ6rCHQ
3350,45.753563249704925,4.940024907594519,45.75363836505324,4.940009630907635,8.44,171.92,-16.51,45,2024-10,n3_9WcIiych8E49tq2_uQA
3353,45.75265894452012,4.939760013174132,45.75270298604639,4.939656607389963,9.4,121.4,-14.89,45,2019-04,fQ9M2yr0nT7y0eXcZ-77iQ
3354,45.75266535302337,4.939759367919781,45.75270298604639,4.939656607389963,9.0,117.69,-15.52,45,2019-04,fQ9M2yr0nT7y0eXcZ-77iQ
3361,45.752296076272245,4.939834250311437,45.75231008718684,4.939715965121236,9.31,99.63,-15.03,45,2019-04,1jtGjXr8bes2oPQ7vJdEsA
3363,45.75356833016276,4.940021966145631,45.75363836505324,4.940009630907635,7.85,172.99,-17.67,45,2024-10,n3_9WcIiych8E49tq2_uQA
3364,45.75246813996053,4.939786293285136,45.752496105349,4.939687845648479,8.25,112.15,-16.86,45,2019-04,cF0xrACDzVR1u6MIZ6rCHQ
3368,45.7537223959146,4.940579093257839,45.75366917671717,4.940526055206314,7.21,34.81,-19.13,45,2024-10,pf1ovVx3_tWpW5j2gEMlDA
3373,45.75389864934945,4.943203418180733,45.75382838708913,4.943186032728152,7.93,9.8,-17.5,45,2024-10,0KSelT8oOhOBVCQIcHJT4Q
3374,45.75504814494568,4.943156454260521,45.75500664474151,4.943098210517695,6.46,44.4,-21.16,55,2024-10,oScpeU1T5KFeoYeGSPH2Yg
3376,45.75389193715309,4.943195076884471,45.75382838708913,4.943186032728152,7.1,5.67,-19.39,45,2024-10,0KSelT8oOhOBVCQIcHJT4Q
3377,45.75395508453927,4.943241657730375,45.75394583519818,4.943334323947102,7.26,278.14,-18.99,45,2024-10,MTwzn5CLBlomRtICjjPhVA
3379,45.75376987121522,4.943273376869203,45.75376060717755,4.943375852726475,8.02,277.38,-17.32,45,2024-10,liJzxRZgMrf6QBEBCqB_9Q
3380,45.75389529325134,4.943199247532334,45.75382838708913,4.943186032728152,7.51,7.85,-18.41,45,2024-10,0KSelT8oOhOBVCQIcHJT4Q
3381,45.755053433083326,4.943155304325138,45.75500664474151,4.943098210517695,6.83,40.41,-20.1,55,2024-10,oScpeU1T5KFeoYeGSPH2Yg
3382,45.75377465041765,4.943268045011939,45.75376060717755,4.943375852726475,8.51,280.57,-16.37,45,2024-10,liJzxRZgMrf6QBEBCqB_9Q
3383,45.75383399528846,4.935145574807998,45.7538141472821,4.935039091515303,8.55,75.04,-16.3,45,2024-10,SFZstB4a6a3oD6LU2tEqAA
3384,45.75383848329309,4.935146629067465,45.7538141472821,4.935039091515303,8.77,72.03,-15.91,45,2024-10,SFZstB4a6a3oD6LU2tEqAA
3385,45.7541488263425,4.935044337899331,45.75414522701671,4.935132702118942,6.87,273.34,-20.0,55,2024-10,RiEPC9L8UqmshcNQlDFRaw
3386,45.75414301229541,4.935042806347677,45.75414522701671,4.935132702118942,6.98,267.98,-19.71,55,2024-10,RiEPC9L8UqmshcNQlDFRaw
3387,45.75149428439176,4.940066993085918,45.75143383156397,4.940070090251989,6.73,357.95,-20.39,55,2023-01,vo3kmNSTzpXzWNai4SK2gQ
3394,45.75149547156885,4.940080025022319,45.75143383156397,4.940070090251989,6.9,6.42,-19.92,55,2023-01,vo3kmNSTzpXzWNai4SK2gQ
3396,45.7514948779805,4.940073509054008,45.75143383156397,4.940070090251989,6.79,2.24,-20.2,55,2023-01,vo3kmNSTzpXzWNai4SK2gQ
3404,45.75368241888498,4.939599665459184,45.75361609577872,4.939637657153631,7.94,338.21,-17.47,45,2024-10,N59ig363bX8phMhnMyvl_g
3407,45.75364136593503,4.93918082982851,45.75359260921421,4.939228402200659,6.56,325.75,-20.87,55,2024-10,B940bkgWKu45vzdTAsfoZA
3408,45.75364260333666,4.939163161053136,45.75359260921421,4.939228402200659,7.52,317.68,-18.39,45,2024-10,B940bkgWKu45vzdTAsfoZA
3409,45.75355855573339,4.939439520261126,45.75360785552003,4.939499581445956,7.19,220.37,-19.16,45,2024-10,qxlkTk-PABsoOLbWKLFDmw
3410,45.75364107879531,4.939174442665483,45.75359260921421,4.939228402200659,6.82,322.16,-20.12,55,2024-10,B940bkgWKu45vzdTAsfoZA
3411,45.75367945274247,4.93960447049958,45.75361609577872,4.939637657153631,7.5,339.92,-18.43,45,2024-10,N59ig363bX8phMhnMyvl_g
3413,45.75368538502729,4.9395948604182776,45.75372543977813,4.939505558786339,8.24,122.73,-16.88,45,2024-10,iKaTZwPpd2EGl6ePOhFGYA
3427,45.78208062315013,5.007310936774135,45.78216495137981,5.00735062333795,9.87,198.17,-14.22,45,2023-02,dq5pIwjWhtuF61Wfriptng
3428,45.755390060404416,4.921016665522552,45.75537388339627,4.921153381173095,10.76,279.63,-13.08,35,2022-01,-60TWr2xUcIciBoA1p1zLg
3429,45.75587624825871,4.921331014413975,45.7558757360919,4.921213266393385,9.14,89.64,-15.3,45,2022-01,U-IH-VkgGQ_QAlAnEGeB9w
3430,45.755756279455696,4.92132408767957,45.7557915657619,4.921207130298084,9.89,113.38,-14.19,45,2022-01,tpujGmEzOd3n9OghbOBjPw
3432,45.75571033004807,4.921302060610307,45.75570613214408,4.921200038614549,7.93,86.62,-17.5,45,2022-01,4AVXTVSNQKqlLwZCcIgf0g
3433,45.76939656798522,4.8661944308223815,45.76944763622435,4.866221831739805,6.06,200.52,-22.41,55,2024-06,PiDBItRhaxh8IJ5ZYD2qIw
3434,45.764836423649086,4.905262592772063,45.76476855750437,4.905251690659233,7.59,6.39,-18.22,45,2023-12,pV9gXl9N9QVtFMpf6o7y-g
3436,45.76577020024956,4.905061911127848,45.76581333493009,4.905111642582333,6.16,218.81,-22.11,55,2022-01,Ltu79tY22WGZCSeqI8ucrQ
3438,45.76488941183992,4.905027467333684,45.76480978801817,4.905030672339278,8.86,358.39,-15.76,45,2024-05,-xj8ZYeKh3laXJbEwrF7Bg
3439,45.76491923977973,4.905236888713496,45.76496423887908,4.90516976497555,7.22,133.86,-19.1,45,2022-01,BjjOdG_mtoZuHsTuj5w7Aw
3440,45.769599820674834,4.889110983619411,45.76956696060011,4.889023876317477,7.68,61.6,-18.03,45,2020-07,13yaxZO8lDaa1yhVr5wnGQ
3442,45.76959246389036,4.889092551889706,45.76956696060011,4.889023876317477,6.03,61.97,-22.5,55,2020-07,13yaxZO8lDaa1yhVr5wnGQ
3443,45.76883053687612,4.888983222279832,45.76878925658263,4.888906605371562,7.51,52.32,-18.41,45,2020-07,3zgTPqT6eOWgHTSHqcDajg
3445,45.7696672801464,4.8891324966660505,45.76971717612828,4.889096637076626,6.21,153.37,-21.94,55,2024-05,31GqzxExHXUwT1YaFfSz9g
3448,45.76892408030459,4.888841121378041,45.76891422711448,4.888925450743282,6.63,279.51,-20.65,55,2020-07,tD743H9or2XcWiXKJOFh_Q
3460,45.768013082669,4.8719913994783,45.76797454373553,4.871925064234844,6.7,50.21,-20.47,55,2023-03,ImXKNuomkm2dl-IiBdgo4Q
3462,45.76810914750782,4.871974731782509,45.76806738530772,4.871913611083923,6.64,45.59,-20.64,55,2023-03,6tpe9ibhvL2VkC-RbS9u4Q
3463,45.77463060316346,4.986140335164545,45.77471336338014,4.98616094666844,9.34,189.85,-14.98,45,2024-10,eT2OAzdmDxELcT-74Ie53Q
3464,45.77727710240909,4.992450904614509,45.77725762997786,4.992535721292659,6.92,288.22,-19.85,55,2022-03,pw0mfA-FliyBCK7i_kx74w
3467,45.769155048712186,4.907316429013658,45.76919745088675,4.907375384378433,6.57,224.12,-20.84,55,2024-06,bzNX7iAwtRllY456XN-itA
3469,45.77078642531767,4.890043439040901,45.77082314297185,4.88996707279352,7.19,124.58,-19.16,45,2022-02,PhBZh22t1rsHDTiNv-GkvQ
3470,45.771524603522735,4.890114483596623,45.77156636047042,4.890035428398511,7.69,127.13,-18.01,45,2022-02,uXfCg3F_7nZGMXMh6qQ7-g
3471,45.77057635829016,4.89002700614713,45.77054580426762,4.889944276490077,7.26,62.1,-19.0,45,2022-02,deos0A6dZnlF7P98_CfpzQ
3472,45.77092531054642,4.890055662399548,45.77091756254236,4.889974872706726,6.33,82.17,-21.57,55,2022-02,m1GacHNuXGYtrXmKdDAuFA
3473,45.7712354083307,4.904153219268308,45.77124322970674,4.904075148578645,6.12,98.17,-22.23,55,2023-04,lel-Fi5ilp9OGUDEaPl3kQ
3474,45.772363880635055,4.903180614335555,45.77235565731776,4.903053885045808,9.87,84.69,-14.21,45,2023-04,xL8TzqxW4tuN1LrxrEx9AA
3477,45.770349513466094,4.867325824954526,45.77040467986666,4.867373744227699,7.17,211.21,-19.22,45,2024-06,pECgxas0ID40izfJB7kePg
3478,45.76988633680536,4.867426011711618,45.76990705698222,4.867347055210159,6.54,110.62,-20.91,55,2024-06,kkW3VQOCvxNrrJj1jdJRvw
3482,45.769841139452176,4.867120607675579,45.76987258494028,4.86704645916982,6.73,121.3,-20.38,55,2018-08,HTlZG2yrtn6gUEtFPI5jug
3483,45.76992760044903,4.865824123497762,45.76989060121623,4.865759389603409,6.49,50.67,-21.06,55,2023-03,D7ndO3SdJSuxhDixGRNN7g
3486,45.77022016584726,4.867440529073706,45.77018873630713,4.86737505364814,6.16,55.47,-22.07,55,2024-06,VZV20alhM3zFcfUDuZOomg
3488,45.769841596482806,4.8664066241473085,45.76987921930919,4.866481746288271,7.17,234.32,-19.21,45,2022-02,5Et6cJmB3nXPvnJz1J4c_g
3489,45.77034817827347,4.865818495113546,45.77033742778761,4.865722505276125,7.54,80.88,-18.34,45,2023-03,Txe2_FCXdUMtpiodUsZ9yQ
3491,45.77013464488196,4.865820482612835,45.7701558601099,4.865737136562926,6.88,110.05,-19.97,55,2023-03,1oLgOwmDoG0ZcISMJ-ccKA
3492,45.77035030662543,4.867458125918893,45.77040467986666,4.867373744227699,8.91,132.73,-15.67,45,2024-06,pECgxas0ID40izfJB7kePg
3498,45.78215578706824,4.888671064221031,45.78226315295126,4.888659814668317,11.97,175.82,-11.8,35,2024-05,a8nZbF_6RpyJY8XVEnNsiA
3500,45.78056302030807,4.8881735024763815,45.78051228416594,4.888142001521724,6.15,23.41,-22.13,55,2022-01,BOsa9Qu7T2ure75FhlaqpQ
3501,45.78217428691052,4.888691797067589,45.78226315295126,4.888659814668317,10.19,165.91,-13.79,35,2024-05,a8nZbF_6RpyJY8XVEnNsiA
3504,45.75205679986971,4.915412147551892,45.75203307609988,4.915320990780123,7.55,69.55,-18.32,45,2022-01,FaEy478xhAFVxYNNLeH_mg
3506,45.759373707192815,4.877158460284466,45.75942776616839,4.877088592572187,8.09,137.96,-17.16,45,2014-05,oS9vLyFVbtWpmy9AEv8H9w
3507,45.75844148290381,4.880213037022114,45.75836899793743,4.880185970683796,8.33,14.6,-16.71,45,2024-06,uNMEKWTA9rLI6I6gba10IQ
3508,45.75941929960804,4.876991804905984,45.75942776616839,4.877088592572187,7.57,262.85,-18.28,45,2014-05,oS9vLyFVbtWpmy9AEv8H9w
3509,45.75904927382582,4.878052512659193,45.7589861473168,4.877996234176592,8.27,31.88,-16.83,45,2017-08,pdO_PYOv3B11zRarJ8rfxQ
3510,45.75942746806753,4.876994709172519,45.75942776616839,4.877088592572187,7.28,269.74,-18.94,45,2014-05,oS9vLyFVbtWpmy9AEv8H9w
3511,45.759415334381465,4.876970765258021,45.75942776616839,4.877088592572187,9.24,261.4,-15.13,45,2014-05,oS9vLyFVbtWpmy9AEv8H9w
3514,45.75876286202027,4.879071927487841,45.75868932009659,4.879046899009126,8.4,13.36,-16.56,45,2024-06,bnGQJUaVQ817Y69loXYU3Q
3515,45.75786456829811,4.878460856784792,45.75789572476076,4.878397367908676,6.02,125.12,-22.55,55,2024-05,WbyBDBBLqRchVI5K9nyCcQ
3517,45.75839763181048,4.878538160465651,45.75838374759788,4.878459320966003,6.31,75.83,-21.62,55,2024-05,6nzVlnuIxmvxf1z78IUHuw
3519,45.7585400576039,4.879108273895915,45.75865382381508,4.879173888167051,13.64,201.92,-10.39,35,2024-06,F017NL7Fe9Y7Hroy4Ts7eQ
3521,45.75909225927088,4.877038471864071,45.75912826782593,4.876939481021461,8.66,117.54,-16.1,45,2022-02,Z4afSTJhyErS4tDkkOFTBQ
3523,45.75666141726561,4.879063948670681,45.75660727452274,4.878989940296745,8.32,43.64,-16.73,45,2024-05,dtrfglp1zkCvsX4jLVTUXA
3524,45.75860271728192,4.879638549580623,45.75855178030481,4.879538983759533,9.58,53.75,-14.63,45,2024-06,LpcmE6xH19ClJjMzW2foWA
3531,45.758765983824304,4.879060563250839,45.75868932009659,4.879046899009126,8.59,7.09,-16.23,45,2024-06,bnGQJUaVQ817Y69loXYU3Q
3538,45.75847211704194,4.8793613393278585,45.75858565302136,4.879417779835691,13.36,199.13,-10.6,35,2024-06,tMOqfO5Z6xIcBTK5iXu4Zg
3539,45.75789594608254,4.878279742426022,45.75782222220483,4.878271924444771,8.22,4.23,-16.92,45,2022-02,luz4xtRRefHEss7AvtLKFA
3540,45.75938192451207,4.876925834520098,45.75931254077523,4.876967579313065,8.37,337.23,-16.64,45,2017-08,pufyMJVYjyNJhIQj8JjojQ
3541,45.75707949335077,4.878818674431889,45.75705625144496,4.878738595352542,6.73,67.41,-20.38,55,2024-05,_lld_jsYx4cmV9U--9Xs-g
3542,45.75928071434736,4.877225121411158,45.75926899746947,4.877133747341239,7.21,79.59,-19.13,45,2019-04,OcIdTt5BMKK2VCj0LZ0QIA
3543,45.75878032282097,4.879038083476928,45.75868932009659,4.879046899009126,10.14,356.13,-13.85,35,2024-06,bnGQJUaVQ817Y69loXYU3Q
3546,45.75878364867384,4.879026353226432,45.75868932009659,4.879046899009126,10.61,351.36,-13.26,35,2024-06,bnGQJUaVQ817Y69loXYU3Q
3547,45.75870191162576,4.876616486362625,45.75866424866526,4.876713870919452,8.64,299.0,-16.14,45,2022-02,_j2Aes_AxQWMxYTHJReB7w
3548,45.75938441510534,4.87698106420474,45.75931254077523,4.876967579313065,8.06,7.46,-17.23,45,2017-08,pufyMJVYjyNJhIQj8JjojQ
3549,45.75922542510632,4.876775905097964,45.7592975286359,4.876867524759781,10.71,221.56,-13.13,35,2024-06,rPvDFcuXMQ_9iHsnJoojGg
3550,45.75867354071591,4.878617310426849,45.7587275597043,4.878607578308645,6.05,172.84,-22.44,55,2024-05,IBhUhV26yw1Qqd6uDERnSA
3551,45.75725807766874,4.878394088981607,45.75724996814137,4.878317492849161,6.01,81.37,-22.58,55,2024-05,yfS2mI7E6gjcAKX_BigNhw
3552,45.7594192399947,4.876920644513944,45.75931254077523,4.876967579313065,12.41,342.94,-11.39,35,2017-08,pufyMJVYjyNJhIQj8JjojQ
3553,45.75893509087436,4.878459139397455,45.75885192009299,4.878471923650477,9.3,353.88,-15.04,45,2024-06,7KziLajK2vxuQNvvbohlSQ
3554,45.78226330409455,5.00769548387807,45.78221188519435,5.007731219126815,6.35,334.14,-21.48,55,2023-02,XDFNBHirnRhWSDRU9yyCsg
3558,45.758640509097575,4.901652766197801,45.75862133506235,4.90173315139966,6.59,288.87,-20.77,55,2024-05,PzbEu-mq5jRWF8lUNo33ug
3563,45.75931279029325,4.901569546926199,45.75934296701244,4.901494089187535,6.75,119.82,-20.33,55,2024-05,FckNrZTtBP25vtHOTW-d5A
3565,45.760015524764704,4.90045351205436,45.7600019274614,4.900608661845025,12.13,277.16,-11.65,35,2024-06,L_RTgh70GqXM1zWi1tKBGw
3566,45.75764208962836,4.899764952097942,45.75767467724678,4.899910619327921,11.87,252.22,-11.9,35,2024-06,_6ILAGsx5ul3heieDLSl9A
3568,45.75969100668615,4.900316089295888,45.75966955089741,4.900442462794294,10.09,283.68,-13.92,35,2024-06,ZCvr4SDjkx5jJi2T57B9QA
3571,45.759047005934455,4.900048385186762,45.75897580896602,4.900159200856078,11.69,312.64,-12.07,35,2024-06,D_TIE6e6YWW3vBRTaqXDdw
3572,45.75893605105681,4.900256825830256,45.75897580896602,4.900159200856078,8.77,120.27,-15.91,45,2024-06,D_TIE6e6YWW3vBRTaqXDdw
3578,45.75528126451351,4.902318899468638,45.75523819767744,4.90222727724799,8.57,56.03,-16.26,45,2014-08,8X2oWcf9fRI_lLkKWnNLjg
3581,45.75518531130521,4.902104706369977,45.755153220364,4.902177452303818,6.68,302.3,-20.53,55,2022-02,XNsZj1mg6iKS70IFAqpm4A
3582,45.78200830171484,5.005205696277827,45.78195245068618,5.005234054622536,6.59,340.5,-20.78,55,2022-03,eJbpDZuk6CYifCTs-uOHVQ
3585,45.75439899680069,4.916041882600814,45.75434933095352,4.916121911026177,8.31,311.65,-16.74,45,2022-01,UJmGV5HoubDwANJXfANphQ
3586,45.75959774692343,4.906192150372721,45.7596122455755,4.906308941896155,9.2,259.91,-15.2,45,2024-05,K56HT4EEqvFUPXtU2R8_LQ
3587,45.7589897134621,4.9070876350996535,45.75895023957259,4.907014373929063,7.18,52.32,-19.19,45,2024-05,GHZoB8Z2iqHEe_sGsZgxUw
3588,45.759149250422986,4.906932672951023,45.75909682231192,4.906863379009414,7.93,42.68,-17.5,45,2024-05,wvD8oyk5Eb-W_-2FRNRaGQ
3590,45.75903190373646,4.90677005471851,45.75909682231192,4.906863379009414,10.22,225.08,-13.74,35,2024-05,wvD8oyk5Eb-W_-2FRNRaGQ
3591,45.75932544600188,4.906481494095681,45.75938292760527,4.906555336783881,8.58,221.87,-16.24,45,2024-05,4dSkROqxhVAyWKag7rpzjA
3592,45.75846278255724,4.907301553909404,45.75848224075931,4.90744167715213,11.08,258.74,-12.71,35,2024-05,qv4m3o0ZI9kv2hcEciaygQ
3594,45.7600596366739,4.905804374480868,45.7601022601584,4.905895724804336,8.53,236.23,-16.34,45,2024-05,qPXfrLAGdrsF1ILfIrOyYg
3595,45.75990482311149,4.905908769352081,45.75990641486735,4.90602752719024,9.21,268.9,-15.18,45,2024-05,jQZ3ORHw_0yDrtTXPPi_wA
3596,45.76020928453024,4.905706259368706,45.76027338743024,4.905787631502105,9.52,221.53,-14.71,45,2024-05,kuJKGpwtxMTLsUAYCO0rIA
3597,45.76003898821208,4.905913467195123,45.75998916986066,4.905967137414584,6.93,323.07,-19.84,55,2024-05,G3QrRwrOGbQeEd82gXT9IQ
3601,45.75471678629203,4.8892361010536,45.75466338724781,4.889206994437485,6.35,20.82,-21.48,55,2022-02,lv0RWM5PGqnf1wlEaxI0ZA
3602,45.75474436616665,4.889127864570406,45.75477482833915,4.889192226874789,6.03,235.85,-22.51,55,2022-02,16zpbQgxUiV6gfQpRBqJnA
3604,45.77250880480327,4.916872434070453,45.77254883130453,4.916929346786277,6.27,224.76,-21.74,55,2022-01,MvZdbro1B3zwmRuGbwFCtQ
3606,45.77296408725431,4.916037920804672,45.77301994233897,4.916040732570019,6.21,182.01,-21.91,55,2022-01,dqS4oIqSxV3T0UdN4jDb_A
3607,45.77446546112843,4.915476163871214,45.774507892651,4.915388590017634,8.27,124.79,-16.82,45,2022-01,mmCM027JEgnzFPfyyHepEw
3608,45.7745798794416,4.915449260286704,45.77463498989729,4.915469605755002,6.33,194.44,-21.56,55,2021-02,G62mvkVD3d0BumI9knoPXQ
3610,45.75625823604997,4.886506197516514,45.75622042316945,4.886593603494175,7.98,301.8,-17.4,45,2022-02,BShX3OtlVXJs1h6ivGdeUg
3613,45.75231167737415,4.911105276259813,45.7523623748942,4.911134806858817,6.09,202.12,-22.33,55,2022-01,BEZ2hTT9kB_qOX8X5o5p5A
3617,45.787673236665206,4.929840133342134,45.78768516360701,4.929751942848918,6.97,100.98,-19.74,55,2022-03,6Eq20npAAOo94gTwnb50Vw
3618,45.78801637687505,4.930439328732073,45.78795640941672,4.930453377802571,6.76,350.72,-20.31,55,2020-11,W9YKePk0LkwRDfIk5cYODQ
3619,45.77497701388575,4.98648678409042,45.77491743939749,4.986512646100601,6.92,343.15,-19.86,55,2024-10,Wa6ckTJurzBDnd_n87haoA
3620,45.78184844463151,4.902859994763461,45.78180123183787,4.902809902529198,6.53,36.5,-20.95,55,2008-05,AHOK_NQRlauyhxF-i5Zz-w
3624,45.78199786973993,4.905041546594198,45.78202363285743,4.905116363536838,6.47,243.72,-21.13,55,2022-03,wuv70A9bhTDm_ec6xnX-kg
3625,45.78165118589544,4.90153415944647,45.78163804908212,4.901612905503375,6.28,283.45,-21.71,55,2008-05,AHipFtuf-95VPl8xAfhfJQ
3626,45.7818682409914,4.903312384768645,45.78183316785092,4.903390993861143,7.24,302.61,-19.06,45,2008-05,gv9LcCrQsRWntyJBkSv1dw
3627,45.781808580887954,4.901502136880152,45.78184997132844,4.901573145308442,7.18,230.11,-19.21,45,2008-05,Z1gbgBb7JiawnleLgfIYxg
3628,45.78129357075177,4.901607576072975,45.7812589198321,4.901686315612055,7.22,302.25,-19.1,45,2008-05,eoG6K_zxcmS41VmorrZMgw
3629,45.78172589101322,4.902316847304554,45.78178084349875,4.902307826762578,6.15,173.47,-22.12,55,2008-05,i4uZbjP_3BOsCBFAXV-0XQ
3630,45.78209013211381,4.905122355053866,45.78202363285743,4.905116363536838,7.41,3.6,-18.65,45,2022-03,wuv70A9bhTDm_ec6xnX-kg
3631,45.78173891246439,4.902529639785927,45.78178759126215,4.902493797093498,6.08,152.82,-22.34,55,2008-05,xPBFR8tccG3sQO_lSKXHDQ
3636,45.7718608932305,4.876689858203332,45.77190604097729,4.876531007868155,13.3,112.17,-10.64,35,2017-08,NC9XX6z2-Ot0_XYXKsIQ5g
3637,45.76990728100952,4.877894269054009,45.76982279562598,4.877884223724508,9.43,4.74,-14.85,45,2022-02,BN7CQPEk2Ht4rsen2-J5cg
3640,45.77182338573444,4.877812119539319,45.77187247528835,4.87785178133773,6.27,209.4,-21.75,55,2024-05,wPOxS_7_0jBDMR0fjZ1L7Q
3641,45.771638282958186,4.876708211112952,45.77162625528969,4.87653996367401,13.12,84.15,-10.79,35,2017-08,uAMUMYNOcv4AY4Iq_YqegA
3648,45.77152004776123,4.876706517759268,45.77146610571481,4.876545163376867,13.88,64.39,-10.21,35,2017-08,tiPcgMl_4bZuHQ9NH7oZhw
3649,45.77190902381536,4.878019497101624,45.77185857554355,4.87798898603158,6.09,22.87,-22.32,55,2024-05,txcsxesRvb9p1iMsWlX7EQ
3650,45.76993844811047,4.877907974725563,45.76982279562598,4.877884223724508,12.99,8.15,-10.89,35,2022-02,BN7CQPEk2Ht4rsen2-J5cg
3655,45.77562570171504,4.909769300779199,45.77565666141506,4.909839251385428,6.43,237.6,-21.26,55,2011-01,brnGqr4IhIXWtJ8RxkLaFw
3656,45.7755032571494,4.908564422565546,45.77555732094959,4.908490001945669,8.33,136.17,-16.7,45,2020-07,WvmvC1MkLF1CIGnkTOdqkw
3657,45.77560320326287,4.909547704660852,45.7756660698184,4.909594788096294,7.89,207.58,-17.59,45,2011-01,Z3i1UwAJ0jaBHz-REx2UKg
3658,45.775702978153646,4.9105186944729455,45.77575433748989,4.910458697069481,7.37,140.83,-18.75,45,2011-01,HGQeXV5jGxAP5KxZF2Ydkg
3660,45.78480055402523,5.018195085549423,45.78480157291195,5.018234093905836,3.03,267.85,-39.55,55,2015-09,CAoSF0NJSE0wb2dLRUlDQWdJQ0Uwb1NycGdF
3663,45.757252674454605,4.943133964311658,45.75716341206724,4.943182645740192,10.62,339.17,-13.25,35,2022-01,9StMLoaAyQxReKGIp8R86g
3664,45.75725985668132,4.943573942940714,45.75716863959232,4.943573072948443,10.14,0.38,-13.85,35,2022-01,e6mark8pyuwJPfrwPf1bSA
3666,45.75725977782628,4.9435674326732455,45.75716863959232,4.943573072948443,10.14,357.53,-13.85,35,2022-01,e6mark8pyuwJPfrwPf1bSA
3667,45.75725280124793,4.943140593829762,45.75716341206724,4.943182645740192,10.46,341.83,-13.44,35,2022-01,9StMLoaAyQxReKGIp8R86g
3668,45.75650627947413,4.939178901255307,45.75648162774394,4.939262333257189,7.03,292.95,-19.58,45,2019-04,UdJOZxWxL9ABbYm1eKGxkw
3669,45.7565346836484,4.939208730013485,45.75656320326515,4.939278242471265,6.26,239.54,-21.78,55,2019-04,tgowg8BK4Y1pXC9URpg5Rg
3670,45.756528649582506,4.939207210702148,45.75656320326515,4.939278242471265,6.72,235.12,-20.41,55,2019-04,tgowg8BK4Y1pXC9URpg5Rg
3671,45.761941267980056,4.887003444206362,45.76187394498663,4.886953472372843,8.43,27.38,-16.52,45,2022-02,cq3p8bJTmKLWC5IPFArc4g
3676,45.76197922996393,4.887532666233474,45.76196763046524,4.887612324770782,6.31,281.79,-21.61,55,2019-05,cGdCI1-1YxvIlW6F7vFTzQ
3679,45.7633678014348,4.887362547638339,45.7633352783367,4.887435472270794,6.71,302.59,-20.42,55,2022-01,KMyo0F2d5_m2PRG7tK38BQ
3680,45.76394623441027,4.8874200601978375,45.76389807876271,4.887365384921174,6.83,38.38,-20.1,55,2022-01,ijOEM3Iazpj2AVhhxEs1rQ
3683,45.76983724396086,4.902095803599901,45.76985600452085,4.902182997366908,7.08,252.86,-19.45,45,2024-06,Rj0DsomY5F-a3crYVvQDCA
3685,45.75600162351453,4.935730178822758,45.75598046378365,4.935639641856674,7.41,71.48,-18.65,45,2024-10,LzlBV1p8kghi9kSp1mJWCg
3686,45.75600939085368,4.9355608617524505,45.75598046378365,4.935639641856674,6.91,297.76,-19.9,55,2024-10,LzlBV1p8kghi9kSp1mJWCg
3687,45.7563268523086,4.93581397284851,45.75633765744581,4.935726373153507,6.9,100.03,-19.91,55,2024-10,bvcZDlumGMNlA3EYHNFJAQ
3688,45.75700830561319,4.935804312994351,45.75697735015527,4.935889230814087,7.43,297.59,-18.59,45,2024-10,S9QOG0y5FGEIgELSajCPzg
3689,45.75601618408032,4.935562637710502,45.75598046378365,4.935639641856674,7.17,303.62,-19.21,45,2024-10,LzlBV1p8kghi9kSp1mJWCg
3690,45.755995464961934,4.935729239833004,45.75598046378365,4.935639641856674,7.15,76.51,-19.28,45,2024-10,LzlBV1p8kghi9kSp1mJWCg
3691,45.75632136446045,4.9358126883414455,45.75633765744581,4.935726373153507,6.94,105.14,-19.82,55,2024-10,bvcZDlumGMNlA3EYHNFJAQ
3693,45.75637114525064,4.944633635193595,45.75643738271893,4.944773668883781,13.13,235.86,-10.78,35,2022-01,Av1egrMnEHEkuAtgWcmapg
3695,45.75653644929907,4.944616920628602,45.7564884387916,4.944712608373786,9.14,305.72,-15.29,45,2022-01,ANUCkWXvxXG6t-Idcwnnyw
3696,45.757485331162336,4.938210261567154,45.75744994795264,4.938317488561363,9.2,295.31,-15.2,45,2023-01,nFqAUDDbh509LMBf7JoJ4Q
3700,45.757153673277614,4.939310259252007,45.75712634133009,4.939389474576726,6.86,296.31,-20.03,55,2024-10,nygQzND__N3c0KT6dnNTVQ
3702,45.758022325910495,4.939506547841269,45.75805708330179,4.939573377892517,6.47,233.3,-21.14,55,2024-10,FxslAYaX778_S-kOBb2puQ
3703,45.75715973429112,4.939311328005726,45.75712634133009,4.939389474576726,7.11,301.49,-19.37,45,2024-10,nygQzND__N3c0KT6dnNTVQ
3707,45.757246639814255,4.942771275662013,45.75712811420573,4.942766837664948,13.18,1.5,-10.74,35,2022-01,p9ewSgrEqXxcOTqRlV1SUQ
3708,45.75786810048745,4.942453958788216,45.75781180485397,4.942460250947653,6.28,355.54,-21.71,55,2020-12,kKVu0ud3VzDPRhbdDgzsXA
3709,45.75790141193604,4.942186108626607,45.75787533692325,4.942303390381263,9.55,287.68,-14.67,45,2024-10,wiIHNDQVjstF9r4e2u16wA
3710,45.75701879068967,4.94250843974062,45.75699534803918,4.942630653953199,9.83,285.37,-14.26,45,2024-10,hzB5QBVZwKJr8G2xM_Jt_A
3714,45.75786824362714,4.942462443789587,45.75781180485397,4.942460250947653,6.28,1.55,-21.71,55,2020-12,kKVu0ud3VzDPRhbdDgzsXA
3715,45.75724660863437,4.94276465692234,45.75712811420573,4.942766837664948,13.18,359.26,-10.74,35,2022-01,p9ewSgrEqXxcOTqRlV1SUQ
3717,45.75702428403903,4.942506361931434,45.75708154767815,4.942603318804372,9.86,229.75,-14.23,45,2024-10,d7lfU0Vnle03UmQ4AYeszA
3718,45.75817224507975,4.9421441821034096,45.75814790413132,4.942215263343199,6.14,296.14,-22.15,55,2024-10,LWkNpyP9bx6wP4V-UWM-WA
3719,45.757937064953296,4.942362577766298,45.75796641301204,4.94227394363114,7.61,115.39,-18.18,45,2024-10,HybEvC-nOpi3ZOy9ur5eFQ
3721,45.75809839950848,4.942303947382755,45.75805704705432,4.942244666329453,6.5,45.01,-21.03,55,2024-10,LOxQDy3dNg5O1pA_qPv67A
3722,45.75794300459831,4.942360758112338,45.75796641301204,4.94227394363114,7.22,111.13,-19.1,45,2024-10,HybEvC-nOpi3ZOy9ur5eFQ
3736,45.75577387864795,4.944711156720071,45.75577750884511,4.944813024595318,7.91,267.08,-17.53,45,2022-01,_HycFGzlqZyIQESrs2MlJA
3737,45.75708160393873,4.935826530733088,45.75706775267515,4.935915596209656,7.08,282.57,-19.45,45,2024-10,RY8JoaFwdTdf8icYsptbGw
3738,45.757280441340605,4.935881790187728,45.75725077457563,4.935965675436316,7.3,296.88,-18.91,45,2024-10,WtR7wSMdklwSHInsDb_fbw
3739,45.7570773930828,4.9358254683910365,45.75706775267515,4.935915596209656,7.07,278.72,-19.46,45,2024-10,RY8JoaFwdTdf8icYsptbGw
3740,45.757271436884,4.935879158471233,45.75725077457563,4.935965675436316,7.09,288.9,-19.41,45,2024-10,WtR7wSMdklwSHInsDb_fbw
3742,45.75731887327638,4.936081865561454,45.75734140934093,4.935990030654498,7.55,109.38,-18.32,45,2024-10,TKTe_S6-bRN3VMFGuPHYFA
3743,45.75731319099546,4.936080375662842,45.75734140934093,4.935990030654498,7.68,114.12,-18.03,45,2024-10,TKTe_S6-bRN3VMFGuPHYFA
3744,45.75707289506173,4.9358243336012535,45.75706775267515,4.935915596209656,7.1,274.62,-19.39,45,2024-10,RY8JoaFwdTdf8icYsptbGw
3745,45.75727593911229,4.935880474329385,45.75725077457563,4.935965675436316,7.18,292.94,-19.2,45,2024-10,WtR7wSMdklwSHInsDb_fbw
3751,45.75673902774802,4.939417755192974,45.75677506052002,4.939320123140841,8.57,117.88,-16.26,45,2024-10,3wvFK8OretQpNp91goqn4w
3756,45.77086920426565,4.871319494396417,45.77094711314928,4.871309426893799,8.7,174.85,-16.04,45,2023-03,nbeFcw4Ev79JgOe55jvgZg
3757,45.77003427308721,4.87094505542187,45.77007125165682,4.871017911606474,6.99,233.96,-19.68,55,2022-02,ZRPT6kV7H4puWqpiKfSfXA
3759,45.770852665388965,4.870857731731848,45.77089565108444,4.870905839060668,6.06,217.98,-22.41,55,2022-02,FFiUiH1Q0Kg-OYchizspzw
3760,45.77065800029825,4.870872031152059,45.77062441089165,4.87094071792803,6.51,305.03,-21.02,55,2022-02,EIDGdQzgfLkoWAGtZYyCKQ
3762,45.76993419296959,4.871096135632405,45.76988732826446,4.871043584286408,6.62,38.03,-20.7,55,2022-02,D6wiVnqeqOPojeg9kuGWlQ
3765,45.76957626647719,4.8674171699381885,45.76956120872684,4.867331311896971,6.87,75.89,-20.01,55,2019-04,mPtCX9u23So7IHRR_nA0xg
3766,45.75392377412788,4.913648778806465,45.75397222717315,4.91361015927876,6.16,150.92,-22.07,55,2021-02,AnHygbbrSe4fZ49KlmI5wA
3769,45.75434483553669,4.913255080058473,45.75439095404435,4.91331548952036,6.95,222.43,-19.79,55,2024-05,1AzItG3E7isphe86SLqPxw
3770,45.75384086488606,4.913086905888688,45.75390467169858,4.913106102854599,7.25,191.86,-19.03,45,2022-02,KNKHHH5yfwipRVSOirT-Ng
3771,45.75412371774419,4.913537697097287,45.75409941421979,4.913443239936724,7.81,69.76,-17.75,45,2024-05,SDlu2PS6sv5oOx00KQuzWg
3772,45.75384139968186,4.91302083737409,45.75388742110884,4.912977957831852,6.1,146.97,-22.27,55,2022-02,cznFOH5bduLZa_Z_fz4CcA
3773,45.75432949043064,4.913451885108623,45.75429847773012,4.913355985675014,8.2,65.13,-16.95,45,2024-05,9ur0D2FZmQACtLue4xv0zQ
3774,45.78144833919725,5.002074318981117,45.78137693714051,5.002076745534543,7.94,358.64,-17.47,45,2023-02,7DsSxF8hCSKtZnHNHGKVjg
3777,45.775677797334026,4.989471763609194,45.77572737207598,4.989504740936638,6.08,204.89,-22.36,55,2023-02,HKr08wJMnJ5dHbzQesryjA
3778,45.760344241709774,4.877623883643291,45.7604484741755,4.877580077872407,12.08,163.66,-11.69,35,2015-05,OUChgRa3S9_5ylMYrWa6Fw
3779,45.76093713951491,4.876493406218028,45.7609758440846,4.876395444118136,8.73,119.52,-15.97,45,2024-06,sTuwe6MeSH5YTkXpJuVw3Q
3780,45.7599930215333,4.877237921980584,45.76000769559036,4.877364971107479,9.99,260.6,-14.05,45,2015-05,unUFg6RcOMPR8xCCeDLWag
3781,45.75996930357225,4.877444470127205,45.76000769559036,4.877364971107479,7.5,124.69,-18.43,45,2015-05,unUFg6RcOMPR8xCCeDLWag
3783,45.75973532326935,4.877330858570666,45.75972824240243,4.877231811254527,7.72,84.15,-17.93,45,2015-05,prOTcsqWw5ZsH42BpwQPbQ
3784,45.75971226627041,4.877119011209907,45.75972824240243,4.877231811254527,8.93,258.52,-15.64,45,2015-05,prOTcsqWw5ZsH42BpwQPbQ
3785,45.76059011252404,4.876412165459696,45.76058329211035,4.876330815531166,6.36,83.15,-21.47,55,2022-02,fxyn2mUKaZ3XA6TVBNMlmQ
3786,45.75998195129253,4.875792743929799,45.7599849230823,4.875900240062766,8.35,267.73,-16.68,45,2024-06,rZWXDLhDNk2TZCSIN3396w
3787,45.76065924879616,4.876341795573481,45.76058329211035,4.876330815531166,8.49,5.76,-16.41,45,2022-02,fxyn2mUKaZ3XA6TVBNMlmQ
3788,45.76051756982076,4.876284832942551,45.76058329211035,4.876330815531166,8.13,206.02,-17.09,45,2022-02,fxyn2mUKaZ3XA6TVBNMlmQ
3789,45.76058571791578,4.876082787913726,45.76063999071317,4.876117894602232,6.62,204.29,-20.69,55,2022-02,wLNdLTxeLPRcgs5I_hVjwA
3792,45.76048020514985,4.877688903951474,45.76053367829953,4.877618220923488,8.09,137.32,-17.18,45,2015-05,Trbtz4xP_WEuvKQxSfgrvw
3793,45.7600418781292,4.877476064297015,45.76008540177592,4.877402160692259,7.5,130.17,-18.43,45,2015-05,fHnxFlOAlrqtjDRcrt9WpQ
3794,45.760121182788886,4.87732160101033,45.76008540177592,4.877402160692259,7.41,302.48,-18.65,45,2015-05,fHnxFlOAlrqtjDRcrt9WpQ
3795,45.76066286601965,4.877780703862861,45.76072371445026,4.877703348194241,9.04,138.43,-15.45,45,2015-05,ZD47i0RkalWBsVrg9mWR3A
3796,45.760286726090456,4.877390016907668,45.7602267060349,4.877470854573631,9.16,316.78,-15.27,45,2015-05,zxGMRVr2G1dhJvxkCuJbzg
3798,45.76023199072341,4.876145019613198,45.76024770407208,4.87602840937335,9.21,100.93,-15.18,45,2024-06,qZQzONwMfP4pk6nlfRXHSw
3799,45.760126908904525,4.877519960760884,45.76008540177592,4.877402160692259,10.24,63.2,-13.72,35,2015-05,fHnxFlOAlrqtjDRcrt9WpQ
3804,45.78235923081885,4.881150026495716,45.78230805426895,4.881113788967446,6.35,26.28,-21.5,55,2022-03,i4ddjA4mRPZMgHvB5yGG1w
3805,45.78241913301502,4.881843870704088,45.78247402505579,4.881847949689907,6.11,182.97,-22.25,55,2022-03,x59FqMyYhjEXSqLbqm6jeQ
3806,45.78247629304392,4.88151390920638,45.78239400051122,4.88148711239971,9.38,12.79,-14.92,45,2022-03,qpnc-JhrqjPS9jrZMdZRtg
3807,45.782465928340336,4.88205588268573,45.7825011483232,4.881976970556574,7.27,122.62,-18.99,45,2022-03,Dkiwz3BmIiAVx5BTdJP01g
3809,45.76942197791191,4.8667507821103735,45.76946554908083,4.866685020794516,7.03,133.53,-19.56,45,2024-06,_H-4mwlsfpLy6nUQQcX35A
3811,45.75319114260616,4.94509765603026,45.75313884778561,4.945073913086143,6.1,17.58,-22.29,55,2024-10,kMd1RW4UBbvC-4rn0RwLAQ
3815,45.75322688484727,4.945368936868308,45.75323064440006,4.945458293829629,6.95,266.55,-19.8,55,2024-10,0ADBTnVkrebskcqIK4lL7g
3816,45.75307433553141,4.945267406970904,45.75313052843785,4.945279686099893,6.32,188.67,-21.58,55,2024-10,xkB1XcWUAQW-JjCytj4xVQ
3818,45.75307612055449,4.945274341379852,45.75313052843785,4.945279686099893,6.06,183.92,-22.4,55,2024-10,xkB1XcWUAQW-JjCytj4xVQ
3827,45.7591592056707,4.945551208202515,45.75925197104625,4.945607786121473,11.21,203.05,-12.57,35,2022-03,OErwhO81oFfcRx-KiJDrCw
3829,45.75912488508561,4.944402172886295,45.75907190217601,4.944448463654541,6.9,328.64,-19.92,55,2023-01,JFl6CgReetST-9WOQKk4UQ
3831,45.77565663798078,4.989407845150643,45.77562040088547,4.989465267240059,6.01,312.14,-22.6,55,2024-10,81MEHqWRypbyiSzpEHBkqw
3852,45.759827133436126,4.955325638114265,45.75989921915568,4.955370902713365,8.75,203.66,-15.94,45,2026-06,fsqrUQd3KJFLwIJlefScdw
3858,45.764055007511466,4.948721180397574,45.7640953551696,4.94865760213456,6.67,132.29,-20.55,55,2024-10,sNFOTpzECwCDRIo2ygS_Gw
3859,45.76413100518051,4.949823471907582,45.76409451905398,4.949743785731919,7.39,56.72,-18.68,45,2024-10,A5oU3YRqu8M3JZsfvLoKdA
3861,45.76403992357739,4.949820948213816,45.76409451905398,4.949743785731919,8.53,135.4,-16.34,45,2024-10,A5oU3YRqu8M3JZsfvLoKdA
3864,45.76413094087825,4.949813558107401,45.76409451905398,4.949743785731919,6.76,53.19,-20.3,55,2024-10,A5oU3YRqu8M3JZsfvLoKdA
3865,45.764039702947976,4.949829087078769,45.76409451905398,4.949743785731919,9.0,132.65,-15.53,45,2024-10,A5oU3YRqu8M3JZsfvLoKdA
3872,45.76393907372471,4.946776335135464,45.76388273152531,4.946752984934782,6.52,16.13,-20.97,55,2015-08,EDCeWPG11O8GwuAqsYeP7w
3877,45.76948107027932,4.868209281038708,45.76953430455295,4.868247770097665,6.63,206.76,-20.66,55,2023-03,tbQWmTyP1Pi9xatJpH_g0A
3894,45.769426387293095,4.8669979765191975,45.76947456201754,4.866955299874767,6.3,148.29,-21.65,55,2019-04,goW47wMtVARKTzxo6QJgZw
3895,45.76948159069156,4.868221438877623,45.76953430455295,4.868247770097665,6.21,199.21,-21.94,55,2023-03,tbQWmTyP1Pi9xatJpH_g0A
3899,45.762254718048496,4.945877579219108,45.76228722564496,4.945810234734287,6.35,124.68,-21.48,55,2015-08,TuWqI1N_Hi99eqsDt4Amzg
3905,45.76067668320627,4.937059765221881,45.76073059902826,4.936931629505697,11.61,121.1,-12.15,35,2024-10,4mEOAzgno9Fqietp6z-8Bg
3906,45.76067735737561,4.937048960543354,45.76073059902826,4.936931629505697,10.86,123.04,-12.97,35,2024-10,4mEOAzgno9Fqietp6z-8Bg
3912,45.76094934682327,4.941415798364306,45.76098010636319,4.941349781412972,6.16,123.74,-22.09,55,2024-10,SfkviuvzNRCsIfGyYJoo_w
3913,45.76047301726544,4.941416128344658,45.76045202227791,4.941506538290726,7.39,288.41,-18.69,45,2024-10,AAkf7-U7TsxSUTC6SZNrvQ
3915,45.75981950353663,4.941520021059259,45.75980906077758,4.941688376430791,13.11,275.08,-10.79,35,2024-10,0YF6poZWI3d43eOOWmrfUQ
3916,45.76071335830918,4.941561961396361,45.76071823061551,4.941430012150175,10.25,93.03,-13.71,35,2024-10,_ZHJh1rv-HxU87rbv8AuUw
3918,45.75969105446348,4.941892227550857,45.75962737468695,4.941741369023889,13.68,58.82,-10.36,35,2024-10,RQ4L2WeFqN3YlZlt_53Y9w
3919,45.760456121759326,4.941423205877758,45.76045202227791,4.941506538290726,6.48,274.03,-21.09,55,2024-10,AAkf7-U7TsxSUTC6SZNrvQ
3921,45.76046726872428,4.941417801340125,45.76045202227791,4.941506538290726,7.09,283.84,-19.42,45,2024-10,AAkf7-U7TsxSUTC6SZNrvQ
3926,45.76076876300069,4.941471048775235,45.76071823061551,4.941430012150175,6.46,29.53,-21.16,55,2024-10,_ZHJh1rv-HxU87rbv8AuUw
3927,45.76076433199385,4.941472393019989,45.76071823061551,4.941430012150175,6.09,32.67,-22.32,55,2024-10,_ZHJh1rv-HxU87rbv8AuUw
3931,45.76167708729409,4.94119140494462,45.76162587205919,4.941150361857003,6.52,29.21,-20.97,55,2024-10,-YzDjNTDWKkI-aslcJhxBw
3939,45.75471505538295,4.920874774188857,45.75472123438337,4.921012256875541,10.69,266.31,-13.16,35,2022-01,vr0eGc1mfTnwLk-ZxUCLgw
3940,45.75511372209256,4.92096732549366,45.75509561963912,4.921098559022427,10.38,281.18,-13.54,35,2022-01,fT1NUW-pK4goV5XxIm-Jeg
3942,45.75498167793973,4.920781653677901,45.75490878760202,4.92076324577505,8.23,9.99,-16.9,45,2022-01,pon4tD2T3DKJMSBtrBHmzw
3945,45.77948778982125,4.996780185498539,45.77944454872537,4.996888345130762,9.67,299.82,-14.5,45,2023-02,RskYEJNEQYDig4XTrC0K9g
3950,45.77865450446294,4.995506274837765,45.77868118600016,4.995434114009396,6.33,117.93,-21.54,55,2024-10,w5D245Nud-tAEDok3LccIw
3951,45.782021273121565,5.005729940170219,45.78196664327298,5.005700065735967,6.5,20.88,-21.03,55,2023-02,tBTQDXaHo9XlOnX4ubAENg
3954,45.74850906502243,4.916385423673904,45.74857868648494,4.916351592128569,8.17,161.27,-17.01,45,2026-06,84XQ5BYJ9EQ-TcrzNkzpyQ
3956,45.74865769534596,4.915776327305271,45.7487043820728,4.915865181375119,8.63,233.02,-16.16,45,2026-06,GJXrMKlDIKwMUdoRbuRMfg
3957,45.74835740679269,4.918194799410028,45.74844143591271,4.918139592503347,10.28,155.37,-13.67,35,2024-05,pH_wbGIELfGkG2Nn_HTc_w
3958,45.74857647623305,4.916130171929927,45.74864109483861,4.916113556964087,7.3,169.83,-18.9,45,2026-06,Wm6SSJxzaSf4zVCpAiejMw
3959,45.77100804347459,4.981154767773004,45.77105866812348,4.981244025957193,8.92,230.88,-15.65,45,2022-04,kC9zZ-SXTu6XgantA2FbPw
3964,45.77080586872006,4.981851584350636,45.77091485305991,4.981860730664398,12.14,183.35,-11.64,35,2022-04,nBSMCy8wclotTETx0xgfcA
3965,45.77088019413837,4.981717334131908,45.77094334884015,4.981732545734191,7.12,189.54,-19.35,45,2022-04,_1zAdtFqnxmdCDTXcrb8AA
3967,45.77087203866599,4.981764395643242,45.77094334884015,4.981732545734191,8.31,162.7,-16.75,45,2022-04,_1zAdtFqnxmdCDTXcrb8AA
3975,45.77082754992296,4.981695772189871,45.77094334884015,4.981732545734191,13.19,192.49,-10.73,35,2022-04,_1zAdtFqnxmdCDTXcrb8AA
3976,45.77123019678977,4.980063930215819,45.77129643597502,4.980056555450305,7.39,175.56,-18.7,45,2022-04,wazbuz8DnFcRT2jhBVdwrw
3978,45.771101479765136,4.980751428980327,45.7711546946652,4.980810546963572,7.49,217.77,-18.47,45,2022-04,61rlBmB8FYcW1lI8gXLd7Q
3979,45.77141035667867,4.979106136865548,45.77145997030275,4.979186607741518,8.33,228.53,-16.71,45,2016-04,7OWD0CH6zqkVBwa1-HopyQ
3982,45.77082546284511,4.981966603515143,45.77088691514146,4.981996077374827,7.21,198.5,-19.13,45,2023-02,OLtBKXH79cC6Dg9CTndGbA
3984,45.77083957297225,4.981935479515074,45.77088691514146,4.981996077374827,7.06,221.76,-19.51,45,2023-02,OLtBKXH79cC6Dg9CTndGbA
3985,45.77081860977321,4.981851558875707,45.77091485305991,4.981860730664398,10.73,183.8,-13.12,35,2022-04,nBSMCy8wclotTETx0xgfcA
3989,45.77102425977056,4.981109939318803,45.77108772747943,4.981121197002567,7.11,187.05,-19.37,45,2022-04,uM1HOzQzxnmJ56FRlNCBhg
3990,45.77049274620489,4.983345794772894,45.7705337705756,4.983424908484909,7.65,233.37,-18.11,45,2023-02,VsfNYyQtFDDe_SaHSle47g
3995,45.77066732517635,4.982681093581206,45.77073249181872,4.982673118327789,7.27,175.12,-18.97,45,2023-02,f1hwNt7DD7RSPrC04zWLSg
3998,45.77023894266017,4.9839972735314,45.77029769151284,4.98412048465921,11.58,235.64,-12.19,35,2023-01,SLW8XCtpauu5tA8UG7iyUA
4006,45.77461387253554,4.986196996633777,45.77471336338014,4.98616094666844,11.41,165.82,-12.36,35,2024-10,eT2OAzdmDxELcT-74Ie53Q
4007,45.76196622609564,4.940452656930396,45.76191253251714,4.940493274538989,6.75,332.18,-20.32,55,2024-10,2gYsMstj1-sA-KJKrIIvXA
4009,45.75558533767123,4.943067889289556,45.75554876208869,4.942977660890942,8.1,59.84,-17.16,45,2024-10,_zD9lK-amdymec4A53GabQ
4010,45.76350038346923,4.934253683611451,45.76358133655469,4.934239846386226,9.07,173.2,-15.42,45,2024-10,oc3KVToal8WoGlZVJrY5Vw
4013,45.76351168245905,4.936578758204395,45.76345555036916,4.936606669176711,6.61,340.87,-20.73,55,2024-10,ieL4LPUOTFcA_CoWbfm7PA
4015,45.76344715810937,4.935595954106868,45.76350203460192,4.935563408320167,6.6,157.52,-20.74,55,2024-10,RfxMmwjma-Jt8gkQdHFwjQ
4017,45.756034004238245,4.942941935323025,45.75600394998555,4.942876355523818,6.09,56.7,-22.33,55,2024-10,FnlRpVAl3yJSDCzd2N3reQ
4019,45.7621483103389,4.941048725423821,45.76209827632459,4.940987406692928,7.32,40.53,-18.86,45,2023-01,111fNSjM6VLqSXUSAY-t0w
4021,45.75570222924695,4.939299611591824,45.75565496598801,4.939255242614641,6.28,33.22,-21.7,55,2019-04,nyIZvHJ5JkWm_sg2AErDUA
4023,45.76131592089976,4.940163394659728,45.7613283416493,4.940240541988214,6.14,257.01,-22.15,55,2024-10,lETNF0gNw-PxAAmO3R-Uzg
4025,45.76356346012233,4.935599220872345,45.76350203460192,4.935563408320167,7.37,22.13,-18.73,45,2024-10,RfxMmwjma-Jt8gkQdHFwjQ
4029,45.76053030192871,4.9399977118729455,45.760523828655,4.940074504454384,6.0,276.89,-22.62,55,2024-10,vgbTXfir_57ROyrKRpYaVQ
4030,45.76075583392104,4.940045630903247,45.76070523433037,4.940111946308459,7.62,317.56,-18.16,45,2024-10,Pc6iF74HWp852o9B-yFsQA
4031,45.76076009318118,4.940046484426048,45.76079561365847,4.940130611396535,7.63,238.82,-18.15,45,2024-10,7sOkzz4Yc5TKTceCOagH7Q
4032,45.76075157466085,4.940044777380603,45.76070523433037,4.940111946308459,7.33,314.68,-18.84,45,2024-10,Pc6iF74HWp852o9B-yFsQA
4034,45.76052472710474,4.939996071224588,45.760523828655,4.940074504454384,6.09,270.94,-22.33,55,2024-10,vgbTXfir_57ROyrKRpYaVQ
4036,45.77900576073924,4.996170899939524,45.77901432999634,4.996086275398303,6.63,98.26,-20.66,55,2024-10,VBNOs3N026WLhS1_8DTutA
4037,45.7787437490286,4.99568480534569,45.77880466037168,4.995673588935547,6.83,172.68,-20.11,55,2024-10,s-2VUGYC6gjCihGTuon0gQ
4039,45.78216074320978,5.007873136121012,45.78222901209951,5.007858454837672,7.68,171.47,-18.04,45,2023-02,Kk2dPHqwKvmWeI0SL9JRZQ
4042,45.77716113705089,4.992668262865487,45.77718230955556,4.99258008207066,7.23,109.0,-19.07,45,2024-10,UYVLA4QFJLRAeFsVapQDNQ
4043,45.7755313498469,4.989366373026145,45.77558673451472,4.989342788754968,6.42,163.46,-21.26,55,2024-10,Pj_gCYvzjJbRXvzvRnFY1g
4044,45.77631066193018,4.990811539062418,45.77625023399736,4.990817726160047,6.74,355.92,-20.36,55,2024-10,YFjO5r098Pmj69KwkJmi-A
4045,45.77553651607125,4.989013391424392,45.77548598772965,4.988977865887919,6.26,26.12,-21.78,55,2024-10,T3dR6Nd-wISASnRItJ1UrA
4047,45.77726968185274,4.992878623284571,45.77729783123863,4.992794134298266,7.26,115.53,-19.0,45,2024-10,qsn3TUHV8q07fEo6unLXig
4050,45.78208088613152,5.005445119113787,45.78209575538597,5.005354945202457,7.19,103.3,-19.18,45,2022-03,HvvRspypPdZMS-zuvHFzuA
4052,45.78224447207622,5.008391443178511,45.78227678193077,5.008478217216596,7.63,241.9,-18.15,45,2022-03,HbbxUaPo48sES9TiOS2VVQ
4053,45.78256058617287,5.009725506868,45.78254023769955,5.009649047889489,6.35,69.11,-21.5,55,2021-01,8OboNEJDkM_EMlR4-pRcZw
4054,45.77501178512872,4.987461047863611,45.77504755092905,4.98738813270975,6.91,125.12,-19.88,55,2024-10,vjHcX_uoNMWxQjKtecPaGw
4058,45.78222625697041,5.007429805914971,45.78217985126123,5.007477384979451,6.34,324.43,-21.51,55,2023-02,F-EE8M4WV7I0bF1-zapk_w
4060,45.78024955110945,4.998727549692272,45.7802010956209,4.998682532777852,6.42,32.94,-21.28,55,2022-04,7fsBGNoc_iSH2P977zfR5w
4067,45.77714540222488,4.992658731299316,45.77718230955556,4.99258008207066,7.35,123.93,-18.78,45,2024-10,UYVLA4QFJLRAeFsVapQDNQ
4069,45.78200493383096,5.0066347562827325,45.78208057500911,5.006587901668517,9.16,156.64,-15.26,45,2023-02,pTplmB3pooz5P2c8VlchHw
4071,45.78210220403251,5.007462792670119,45.78217985126123,5.007477384979451,8.71,187.47,-16.02,45,2023-02,F-EE8M4WV7I0bF1-zapk_w
4073,45.77460587883191,4.986206267126856,45.77471336338014,4.98616094666844,12.46,163.61,-11.35,35,2024-10,eT2OAzdmDxELcT-74Ie53Q
4076,45.78433776361851,5.015422488895321,45.78440187698138,5.015409217729571,7.2,171.79,-19.14,45,2023-02,Ecov7m2_YAe4XX1BV6uC_A
4079,45.77999962942516,4.997802654026002,45.77998673588564,4.997899418061253,7.64,280.82,-18.12,45,2023-02,LaQ8JMwYYpp367szbB_DnQ
4081,45.77656803101687,4.991537759288577,45.77663538126588,4.991541186735672,7.49,182.03,-18.45,45,2024-10,pvu3VlC-plR5iMyJDR27vQ
4084,45.77542401209808,4.967160085218151,45.77545563513092,4.967097012014734,6.02,125.71,-22.54,55,2023-01,IIQ4FVGuygBW_aEBC_yY4w
4085,45.775474116728006,4.966300549617498,45.77538510699679,4.966303547100278,9.9,358.65,-14.17,45,2024-10,uAfzdvhxQh9ldcoA6mWTlw
4086,45.75894200012762,4.974783990254019,45.75892940762932,4.974892484356753,8.53,279.45,-16.33,45,2023-01,klGthu5t0AWLinK6iLzTlg
4087,45.76117204991742,4.984531574724302,45.76121772735181,4.984619306555522,8.49,233.27,-16.4,45,2023-01,PLFi1Tu8B_A8hDE0p3TEeQ
4090,45.76355658429948,4.984618858170795,45.76359084190928,4.98470408632823,7.63,240.05,-18.14,45,2023-01,SBqCZKwUFQ67ThasSKn4nA
4091,45.761033205147456,4.979769023086229,45.76095893345935,4.979760117679414,8.29,4.78,-16.79,45,2023-01,iVpux6UziTDB5RIFbN4AXg
4092,45.75817126701559,4.965431358736867,45.75810566345687,4.965473483897282,7.99,335.87,-17.37,45,2024-10,xTshcmOy7RtwrA9ZfjJTBQ
4093,45.761003188250015,4.984349551481472,45.76104951915137,4.984397294459392,6.34,215.71,-21.51,55,2023-01,V-kTEGIzDjUcf5J53rhifg
4096,45.76351630717798,4.984636297843079,45.76349508072515,4.984709058097672,6.12,292.69,-22.23,55,2023-01,ZHVBEzbFKqdbLUmXyiCWCg
4097,45.7599295010455,4.975215020677422,45.75988179368567,4.975308847153443,9.01,306.08,-15.51,45,2023-01,w5dilfqDSGVQXvtbkCJbig
4102,45.76087894192946,4.977905676366307,45.76081186807104,4.977865363647924,8.09,22.75,-17.18,45,2023-01,RS-Rv8nyfxRiI7XQT331fg
4103,45.76100505061312,4.979329003840901,45.7609312774279,4.979346534477173,8.32,350.59,-16.73,45,2023-01,51kY9ERLhoYTfwRwxCFcAA
4104,45.75975965020695,4.968495329657064,45.75983664775747,4.968543806715212,9.35,203.71,-14.97,45,2024-10,vv64Wf4BcyPrDoEzy1laPg
4105,45.75811256626395,4.961349776863937,45.75803511355258,4.96131286826033,9.08,18.39,-15.4,45,2024-10,KHm4nadZq1eMYw0ybAOsLQ
4106,45.76103807100008,4.979686883205966,45.76095893345935,4.979760117679414,10.47,327.15,-13.42,35,2023-01,iVpux6UziTDB5RIFbN4AXg
4107,45.76101914430917,4.984728642585084,45.76106172316088,4.98467938111281,6.08,141.09,-22.34,55,2023-01,X3fd2CgLVDTVuiuO-c66Rg
4108,45.76102210867663,4.979611423767105,45.76095014447093,4.979620716116686,8.03,354.85,-17.28,45,2023-01,o61vxdMeXCnZdYRV17fb6A
4110,45.75826431313653,4.971465272566431,45.75829952808044,4.971379279731146,7.74,120.41,-17.91,45,2022-04,fEKuXWMHiei8AmANbGHFyA
4114,45.76321717395048,4.984631438415797,45.76319631744722,4.984724597824828,7.59,287.79,-18.23,45,2023-01,LgkKLQzZZX0kQ6fgPmw6mA
4115,45.75951502950824,4.968612403394114,45.75945424357207,4.968694998240318,9.31,316.53,-15.03,45,2024-10,fWsdEmGxPrbV1O3k4wHgow
4117,45.76094059841565,4.984515137790708,45.76098149596956,4.984620788729615,9.37,240.98,-14.93,45,2023-01,oQ5PFZGo4z8dbg8AP6GvQA
4122,45.76103519876594,4.979608444197488,45.76095014447093,4.979620716116686,9.51,354.25,-14.74,45,2023-01,o61vxdMeXCnZdYRV17fb6A
4124,45.763242384318126,4.984583713551475,45.76319631744722,4.984724597824828,12.07,295.11,-11.7,35,2023-01,LgkKLQzZZX0kQ6fgPmw6mA
4125,45.76324421407058,4.98464870132136,45.76319631744722,4.984724597824828,7.94,312.13,-17.48,45,2023-01,LgkKLQzZZX0kQ6fgPmw6mA
4126,45.76175279878301,4.98451602483302,45.76179377343601,4.984589904620677,7.32,231.52,-18.85,45,2023-01,QkZ9uK2qwhaCNRfcxxzoGw
4127,45.75902694299986,4.969861304698935,45.75903967537491,4.969936583470645,6.01,256.37,-22.59,55,2022-04,lK8y-RyVxYzQ-MoDEiNupQ
4129,45.75956752765612,4.968954145027045,45.75948974107204,4.968943997173049,8.69,5.2,-16.06,45,2022-04,fAowflqO5gAJGUrkVrvc0g
4130,45.7579956757044,4.963221280499178,45.75789655687974,4.963169468451651,11.73,20.04,-12.03,35,2024-10,TgUSzM7AhHzN46wfiPt5dg
4131,45.76093738338216,4.984691115816535,45.76088417861587,4.984638298593034,7.2,34.71,-19.16,45,2023-01,dUVUuTtiTCVeEvsbo1045g
4132,45.76066596741769,4.976419214505926,45.76061109599209,4.9764677852632,7.17,328.3,-19.22,45,2023-01,vJEARUb-iNNfKbFfQnK7eA
4134,45.75954061182041,4.968622415248556,45.75945424357207,4.968694998240318,11.13,329.62,-12.66,35,2024-10,fWsdEmGxPrbV1O3k4wHgow
4135,45.76062732012885,4.976302887141628,45.76057221332757,4.976346882541139,7.01,330.88,-19.62,45,2023-01,DY_naAk_5kTzdRB8hV69Sw
4136,45.75781345887676,4.974375141017541,45.75787956772002,4.974330775671866,8.12,154.91,-17.12,45,2023-01,7CyyYPNFqFM2WfIF2pS-kQ
4137,45.75957501555824,4.968998605144117,45.75948974107204,4.968943997173049,10.39,24.07,-13.53,35,2022-04,fAowflqO5gAJGUrkVrvc0g
4138,45.75915761380482,4.9675872306336135,45.75911732104554,4.967691062144271,9.22,299.08,-15.18,45,2024-10,A8H0MB-8b7HNpW3PcSn-Cg
4140,45.75798278329999,4.963234235293976,45.75789655687974,4.963169468451651,10.82,27.66,-13.0,35,2024-10,TgUSzM7AhHzN46wfiPt5dg
4141,45.7610522587682,4.980449348516503,45.76098427423508,4.980414884502613,8.02,19.48,-17.32,45,2023-01,fD-BfhH46jNVJiaqbLH8vA
4142,45.76095118640568,4.984690170203699,45.76098149596956,4.984620788729615,6.35,122.05,-21.49,55,2023-01,oQ5PFZGo4z8dbg8AP6GvQA
4143,45.76067024962669,4.976457293852349,45.76061109599209,4.9764677852632,6.63,352.95,-20.67,55,2023-01,vJEARUb-iNNfKbFfQnK7eA
4144,45.76092571752885,4.98044865354872,45.76098427423508,4.980414884502613,7.02,158.08,-19.61,45,2023-01,fD-BfhH46jNVJiaqbLH8vA
4145,45.765576112169015,4.9845427643387,45.76558984180949,4.984617857065884,6.02,255.31,-22.55,55,2023-01,gGxdZY3DeUm0iH2PocK7sw
4146,45.76095083090343,4.984524785985729,45.76098149596956,4.984620788729615,8.19,245.4,-16.97,45,2023-01,oQ5PFZGo4z8dbg8AP6GvQA
4147,45.75805597559217,4.974501850095353,45.75802409200805,4.974624153953577,10.13,290.49,-13.86,35,2023-01,2t7b4fQHkpKj73I5dR5Kvg
4149,45.76106990490637,4.980318348877804,45.76098064556214,4.980278515330535,10.4,17.29,-13.52,35,2023-01,Sav6i0236PiDDGvIO_Bhcw
4150,45.76104951915465,4.979780673614139,45.76101542442937,4.979897735633651,9.84,292.66,-14.25,45,2023-01,QO9IUyM1pqZ-BBY7RBOT2A
4151,45.76093421469731,4.980345975649946,45.76098064556214,4.980278515330535,7.35,134.61,-18.78,45,2023-01,Sav6i0236PiDDGvIO_Bhcw
4153,45.76216668984378,4.984814977673181,45.76213748051109,4.984728803934055,7.43,64.09,-18.59,45,2023-01,DMIOYxUjBp3SRsikA1JnLg
4154,45.758172874315626,4.965463043709781,45.75810566345687,4.965473483897282,7.52,353.81,-18.4,45,2024-10,xTshcmOy7RtwrA9ZfjJTBQ
4160,45.77434357739968,4.96746903195103,45.77432095955596,4.967542598036006,6.24,293.79,-21.85,55,2020-12,dommmG-XDjHTdOY-26dcEQ
4161,45.77313198288327,4.967492304893859,45.77316540748374,4.96761479583965,10.2,248.63,-13.77,35,2023-02,3ZumMKKQTgSQ_jVMOm0_Jg
4162,45.77396986843397,4.961705920256994,45.77399667666229,4.961591429730517,9.37,108.56,-14.94,45,2024-10,fgnGIT4iAhk08JUHMhUk9g
4163,45.77397000635543,4.961682534853711,45.77399667666229,4.961591429730517,7.66,112.77,-18.07,45,2024-10,fgnGIT4iAhk08JUHMhUk9g
4187,45.74831348559169,4.917924831423242,45.74842590974605,4.917878873575146,13.0,164.08,-10.89,35,2024-05,zWkk_VL1gvQmWOaKvSVJBw
4188,45.777402707381405,4.976007399392367,45.77740588792589,4.975891024270196,9.03,92.24,-15.47,45,2022-03,KliEHlNr6fp_Tk5aNFsGzw
4197,45.76045621541415,4.833066606969584,45.7605159505345,4.833134735294768,8.49,218.51,-16.41,45,2017-09,iaCuy74FZ31qkqu8-wlTiQ
4198,45.76015641681258,4.834128174450002,45.76009553000016,4.834154598585839,7.07,343.15,-19.46,45,2017-08,3SeQH0kRiCXJfOM6VI1HEQ
4202,45.759943995912565,4.832878057713256,45.75990071123841,4.832933747917214,6.47,318.09,-21.13,55,2023-03,CCXm4SQZRbaMM2HGp3w1IA
4203,45.76015322301623,4.833695909301171,45.76023927409708,4.833764834169222,10.96,209.2,-12.85,35,2024-05,jAQKGTxy4cHZCOAPN93x0Q
4207,45.75995584170639,4.833925188120063,45.75995353443271,4.834014343970046,6.92,272.12,-19.86,55,2024-05,SReFLR_4jMqjTgS-At0itQ
4209,45.76017301159005,4.833344004824094,45.76015891061578,4.833469589350555,9.87,279.14,-14.22,45,2024-06,IN7dNcH2fBhEDS7u4i1RuQ
4210,45.760856804336846,4.833113805755719,45.76089545457346,4.83316873280009,6.05,224.75,-22.44,55,2020-07,chaGipt06awZsYPXy46x4Q
4213,45.76013809969603,4.833806458296949,45.76023927409708,4.833764834169222,11.7,163.99,-12.06,35,2024-05,jAQKGTxy4cHZCOAPN93x0Q
4214,45.76105110236436,4.833971074994079,45.76109102000863,4.834080509746916,9.58,242.4,-14.63,45,2024-05,Cb1iCHYQtpR0CWT-XCDwww
4215,45.76017827963629,4.83324634331184,45.7602762300352,4.833202551709749,11.41,162.68,-12.36,35,2024-05,LAc8bbbPLjXFDwok1m6czA
4218,45.76070441295112,4.833177892169415,45.760760729319,4.833254230803822,8.62,223.4,-16.18,45,2022-04,CAoSFkNJSE0wb2dLRUlDQWdJQzJ4NkdUQlE.
4219,45.76082861371072,4.833199190597071,45.76087325018717,4.833256814153695,6.68,222.01,-20.52,55,2024-06,Pyl9hTEP3U6YKJ8yg3MW7g
4222,45.76104039307433,4.83397988659848,45.76099833030967,4.834075140002122,8.75,302.33,-15.95,45,2024-05,4zNqRX8OTgXw7oSu5qnKoQ
4225,45.76046509193889,4.833065831253031,45.7605159505345,4.833134735294768,7.78,223.39,-17.81,45,2017-09,iaCuy74FZ31qkqu8-wlTiQ
4226,45.76069587670584,4.833174493020005,45.76071420846357,4.833302019716855,10.1,258.36,-13.9,35,2024-05,BpOqh5mjm5tPOrbOcMWHVg
4227,45.76091241058912,4.832860066173008,45.76094689688309,4.832937609909844,7.13,237.48,-19.31,45,2024-06,qcFUONeLHLe99YtB5IBdUQ
4228,45.76099772252934,4.833974053520854,45.76099833030967,4.834075140002122,7.84,269.51,-17.68,45,2024-05,4zNqRX8OTgXw7oSu5qnKoQ
4229,45.76061774860716,4.833129387555287,45.76062936328395,4.833263683635532,10.5,262.93,-13.4,35,2024-05,cnCkMZ4HEsM-e1ODf9Q2og
4233,45.76016581159886,4.833323321452639,45.76026302437229,4.833329804842543,10.82,182.66,-13.01,35,2024-05,3YYeLiBy5r3vJ-Mx-S_z6Q
4235,45.76080670122836,4.833962709429769,45.76080832865279,4.834064027645999,7.86,268.68,-17.64,45,2024-05,BfkRBaMDDyuWbzc9T4Z6qQ
4236,45.76022549626895,4.834295873908052,45.76028752330139,4.834293410783466,6.9,178.41,-19.92,55,2024-05,VQcfxfVgCG8ajKqTa5uT_g
4237,45.76136165250161,4.833310411273282,45.76139505109355,4.833406971032502,8.36,243.63,-16.65,45,2024-05,wEFPI-IWKBKWkegTJND6Nw
4242,45.7704980501444,4.957281145239052,45.77055832175196,4.957374296301711,9.85,227.15,-14.23,45,2026-06,XwAPKVhx62Jpq12YiDpApw
4243,45.77008008960264,4.959199648501525,45.77010595634631,4.95927947682847,6.83,245.08,-20.11,55,2026-06,Jami0OVKgKRMm7eQG_2h4w
4244,45.77019337200313,4.957368797682725,45.77018574497303,4.957452818176872,6.57,277.41,-20.83,55,2026-06,6-xJXhfu7ydtRCmh-c02cA
4245,45.77067168087867,4.9586550160508,45.77076721103205,4.958644764990603,10.65,175.72,-13.21,35,2026-06,hGdfp3rHE2czH0jYuJglXA
4246,45.7706042078821,4.957994522308783,45.7706876823023,4.957990901647751,9.29,178.27,-15.07,45,2026-06,EGN0FNC2RdgV6H0QRUI5MQ
4247,45.77060447808131,4.958009548571448,45.7706876823023,4.957990901647751,9.36,171.12,-14.95,45,2026-06,EGN0FNC2RdgV6H0QRUI5MQ
4248,45.77044443319656,4.956816034942195,45.77051822781985,4.956733786788199,10.39,142.14,-13.52,35,2026-06,YifJoP0swrtaYPgsHnhKJA
4249,45.7709712597297,4.960997978860296,45.77103300871739,4.961039832438547,7.59,205.3,-18.22,45,2026-06,e0bG8eXTog1peP68O9tQUg
4250,45.77041554495553,4.956598534532041,45.77049211554802,4.956610296667428,8.56,186.12,-16.28,45,2026-06,CqhULPWIttVwAnAKN302bA
4251,45.77059756671441,4.957955959450615,45.7706876823023,4.957990901647751,10.38,195.13,-13.54,35,2026-06,EGN0FNC2RdgV6H0QRUI5MQ
4253,45.77041773836537,4.956740310681623,45.77051822781985,4.956733786788199,11.19,177.41,-12.6,35,2026-06,YifJoP0swrtaYPgsHnhKJA
4255,45.77096133127151,4.961624673720411,45.77103087379423,4.96157028408003,8.81,151.39,-15.84,45,2026-06,fuZBfovSUtjp1vNTYSAT1A
4261,45.76624893321516,4.958221226360521,45.76617861864241,4.958204992859688,7.92,9.15,-17.52,45,2026-06,TMrKcpANRzn7rITxAJXw6w
4266,45.76598340117302,4.958868457111103,45.76602284792206,4.958928416012438,6.39,226.68,-21.36,55,2026-06,TcJNzgqL-14me_ujU3njfg
4267,45.77224988691567,4.9712898252837405,45.77221392993951,4.971358385875852,6.65,306.94,-20.59,55,2024-10,BVYEwAX-MuRD_wuHkzxyTQ
4268,45.772188901653344,4.970915776448055,45.77211618691341,4.971020010218055,11.43,315.0,-12.33,35,2024-10,S0p70pgw5loPSTsGrD1zlg
4272,45.77154087801281,4.970775155580848,45.77156965395994,4.970856574285926,7.08,243.13,-19.45,45,2023-02,KN1ezLYsXrO4l7pmxJbEIw
4274,45.76857030745032,4.941713484956818,45.7686367501059,4.941666679891538,8.23,153.83,-16.89,45,2026-06,PnSwHHxWQj9e2UuId2WaEQ
4275,45.76855838075939,4.941683685427116,45.7686367501059,4.941666679891538,8.81,171.39,-15.84,45,2026-06,PnSwHHxWQj9e2UuId2WaEQ
4283,45.77240224905197,4.971798137190234,45.77234005452912,4.971764370253303,7.4,20.74,-18.68,45,2024-10,fQnBi4TPX_5PL0GkQRycyA
4284,45.77239284991451,4.972726295907265,45.77244251959336,4.972757748419268,6.04,203.83,-22.49,55,2023-02,dULdSZ9O9hmVz3_r83jt_g
4286,45.773696328474685,4.9817602323043895,45.77362711439221,4.98184095523145,9.92,320.87,-14.14,45,2024-10,TQLJLkv_qMk-H4_JHQb2zw
4288,45.77366887423646,4.982592807048162,45.77374138376894,4.982581517082818,8.11,173.8,-17.13,45,2022-04,X4GM9i8yJIpn17o6okpwJA
4290,45.76755353767887,5.018221730096295,45.76759917864909,5.018174570681597,6.26,144.22,-21.78,55,2022-04,mqwWINXmWdULWpNWuk_hkQ
4291,45.77696243775589,4.966813297750673,45.77692843770814,4.966918879494584,9.02,294.78,-15.49,45,2023-01,snkPPB4kjyv7aXuHA-9_Ew
4294,45.7723954544244,4.95668804034189,45.7724728187231,4.95666843522056,8.74,169.98,-15.97,45,2020-07,SGfEDE_f89eqM1Bh9bfY0g
4295,45.774820521503166,4.961158845783724,45.77484326608756,4.961063391241282,7.82,108.86,-17.72,45,2024-10,Nw0dofNDGhtuyzpdupOH1Q
4296,45.772830048383774,4.957128635157504,45.77287535254119,4.957207178496692,7.9,230.41,-17.55,45,2023-02,0rh94TOnI76_BkrUh27gcQ
4297,45.77463743524088,4.976505913383956,45.77466483188193,4.97643460656909,6.31,118.85,-21.6,55,2023-02,KFHYZSn4ZOXrK0YtdxPqgg
4300,45.77247545740592,4.9565722348806185,45.77241218274813,4.956571952816956,7.04,0.18,-19.56,45,2020-07,nmhTYs0eCFJyQBhddrEkPQ
4301,45.7727090810275,4.990500944607812,45.77278616836121,4.990582182028269,10.64,216.32,-13.22,35,2009-02,PwHZmqeOYjlGTplrPej7Jg
4303,45.76613799808499,4.9438387546417655,45.76618950500499,4.943775593046722,7.54,139.46,-18.35,45,2024-10,L8zIUsstHq4v-YZt-IYqEw
4304,45.76647218443264,4.943904998518474,45.76646444010024,4.943759574432463,11.31,85.63,-12.46,35,2024-10,V0EwrYmxxniMH9WT29K-ZQ
4305,45.7768503529721,4.966836392928973,45.77682991269432,4.966920145804905,6.88,289.29,-19.97,55,2023-01,QcO7XgU3ZLxHcy-fk7tCVA
4306,45.77147036539256,5.000940016471064,45.77153219005259,5.001016842660851,9.1,220.92,-15.37,45,2022-04,olNWwWYd6gU9ReLcUmHUpA
4307,45.77370024144871,4.982529861818165,45.77371258944986,4.98245359521906,6.07,103.07,-22.38,55,2022-04,EF9K46lS8bRxqRTK69RjlQ
4308,45.76675699812563,5.024737023336005,45.76681295080847,5.024706124244356,6.67,158.93,-20.55,55,2020-10,RfFV24vJqpuU7MFCESC45Q
4309,45.76712703032914,5.01866126155945,45.76713907482112,5.018566467249561,7.47,100.32,-18.49,45,2022-04,q_TX03aJCEGnPgKXnHU1RA
4311,45.77441339768296,4.961387711761722,45.77443902387967,4.961478162159428,7.57,247.89,-18.27,45,2024-10,uKc3zeaNWHAEBOoQhLW4HA
4312,45.77457262626437,4.9765277358617945,45.77458120216859,4.976416915832944,8.65,96.33,-16.12,45,2023-02,VQZyZAnxLc8QIE7L28TApw
4313,45.76993133893768,4.952820449075234,45.76997872671828,4.952757277754787,7.2,137.08,-19.16,45,2026-06,UJxHXKY-aNeCJZvNxW16-g
4314,45.77164940544952,4.955791766130756,45.77155525413645,4.955822957653099,10.75,346.99,-13.1,35,2026-06,1GIdYwXZ3Jk_nlczZbNFDg
4316,45.777041665214526,4.966720398923194,45.77712918059123,4.966671083665223,10.46,158.54,-13.45,35,2023-01,-kvr81hEhWGqtZU30HEuyA
4317,45.76647516768963,4.943917051619233,45.76646444010024,4.943759574432463,12.27,84.42,-11.51,35,2024-10,V0EwrYmxxniMH9WT29K-ZQ
4318,45.76992137126397,4.952792088039535,45.76997872671828,4.952757277754787,6.93,157.05,-19.85,55,2026-06,UJxHXKY-aNeCJZvNxW16-g
4320,45.77354754188778,4.982744299790694,45.77350103673763,4.982644419316632,9.31,56.28,-15.02,45,2022-04,Y2RF6_-K7fNYnthHbelP0Q
4321,45.77277535340615,4.990100300365011,45.77280851659731,4.990196384007197,8.31,243.67,-16.73,45,2022-04,XtuTBPPyRBDqXhFO7Fg6aw
4322,45.77719214644886,4.966916235662201,45.77722493875551,4.966791959590889,10.3,110.72,-13.64,35,2022-03,qpWWCCOfe9IKD50zBSCp1Q
4323,45.77369145029432,4.981851383510097,45.77362711439221,4.98184095523145,7.2,6.45,-19.15,45,2024-10,TQLJLkv_qMk-H4_JHQb2zw
4324,45.77140407194457,5.000631942926647,45.77140589663058,5.000804405387824,13.38,269.13,-10.59,35,2023-02,CgSKr2iy6bUH0fca2MsHVQ
4325,45.77476017060172,4.961215581238776,45.77480766769124,4.961360794143521,12.44,244.88,-11.36,35,2024-10,xTfzvwl7HDKiiU248Nugcg
4326,45.77111711688541,5.003735291256113,45.77116863765341,5.003781449257321,6.76,212.0,-20.31,55,2022-04,spHandDKR_TQ0KXBgE1GWQ
4330,45.774584301835645,4.976530556614094,45.77458120216859,4.976416915832944,8.82,87.76,-15.82,45,2023-02,VQZyZAnxLc8QIE7L28TApw
4331,45.774666485749925,4.961322864310608,45.77470693954685,4.961392898008373,7.05,230.37,-19.52,45,2024-10,9I-ZwOn755kr0Dh8WLY8Qw
4332,45.77697717774512,4.966774119029656,45.77702553827699,4.966886976394862,10.27,238.43,-13.68,35,2023-01,Kcmho7jbMV2NoXs402T6Kw
4333,45.77143881414491,5.000962618151024,45.77153219005259,5.001016842660851,11.2,202.05,-12.58,35,2022-04,olNWwWYd6gU9ReLcUmHUpA
4334,45.77114637271742,5.0035582145130775,45.77115556337414,5.003664348931767,8.3,262.92,-16.77,45,2022-04,wVSqBlAX-NnqRSrNit4H6Q
4336,45.76897116750606,4.951211784888419,45.7689116363541,4.951179866933784,7.07,20.51,-19.48,45,2026-06,lZiOM_YBeySEcyzRyWK5Yg
4338,45.76891209923298,4.95126364293875,45.7689116363541,4.951179866933784,6.5,89.55,-21.04,55,2026-06,lZiOM_YBeySEcyzRyWK5Yg
4339,45.77102620501036,5.003750182148891,45.77106420510917,5.003619663929489,10.97,112.66,-12.84,35,2022-04,k8rARuoJwnTSZ4DhABufcA
4340,45.77229834776067,4.956762742436436,45.77238048500089,4.95689675080918,13.84,228.69,-10.24,35,2022-04,gCo9eGTkUvoRsQHNArxNyA
4341,45.76992084868382,4.952770403274323,45.76997872671828,4.952757277754787,6.52,171.01,-20.99,55,2026-06,UJxHXKY-aNeCJZvNxW16-g
4342,45.77263941659618,4.9904863351642295,45.77258308547931,4.990409242449356,8.66,43.67,-16.1,45,2022-04,iMNycdfcoLDBGq4DAy33kQ
4344,45.766689287384544,5.025401982538243,45.76673410941866,5.025350264006804,6.4,141.17,-21.34,55,2020-10,pYwxL2uphCdvPgsQq9KpKQ
4346,45.7699429356334,4.953057664655551,45.77000556296322,4.953009758477885,7.89,151.92,-17.57,45,2026-06,vCqVe_wLvUmMyIUqS6ViiA
4348,45.774409951564685,4.961339935073221,45.77443902387967,4.961478162159428,11.2,253.22,-12.59,35,2024-10,uKc3zeaNWHAEBOoQhLW4HA
4350,45.76650400059731,4.943677993780563,45.76646444010024,4.943759574432463,7.71,304.81,-17.97,45,2024-10,V0EwrYmxxniMH9WT29K-ZQ
4352,45.7713491045547,5.000935580459501,45.77130902760323,5.000842588409689,8.48,58.29,-16.43,45,2023-02,mZJAt3ELmI9YAgwHurXdkw
4354,45.77242275302231,4.9569733777113045,45.77238048500089,4.95689675080918,7.58,51.66,-18.26,45,2022-04,gCo9eGTkUvoRsQHNArxNyA
4355,45.7724761847738,4.956903166921518,45.77244798409361,4.956816508415909,7.42,64.99,-18.63,45,2023-02,lCGuP3OqgLTZrP48lKQ3Bg
4357,45.77158851689817,5.000642438880874,45.77158696955446,5.000730834276129,6.86,271.44,-20.03,55,2023-02,CYTLFEtA4zhyjJXfkUUJ7Q
4358,45.77105197595014,5.00351898595195,45.77106420510917,5.003619663929489,7.93,260.12,-17.51,45,2022-04,k8rARuoJwnTSZ4DhABufcA
4360,45.77118131903812,5.003563146389835,45.77115556337414,5.003664348931767,8.36,290.04,-16.66,45,2022-04,wVSqBlAX-NnqRSrNit4H6Q
4361,45.77495488368966,4.961493590734182,45.77498620502478,4.961413728301713,7.11,119.35,-19.38,45,2022-03,tbUbotQopfK4if3_B8YBgQ
4366,45.77359883483492,4.982579569347912,45.77354160509348,4.98253541539307,7.23,28.29,-19.08,45,2022-04,faGVA3kwmKEf2xnuRHymXg
4369,45.77500357542959,4.961274982575384,45.7750632605599,4.961310586720626,7.19,202.59,-19.18,45,2023-01,QMmTVvZC6OnXPpdK7HReFg
4370,45.77209418260132,5.003999533861252,45.77203891275683,5.00403515424775,6.74,335.79,-20.36,55,2022-04,QGhob65o8fBkoQU_59qqtQ
4372,45.77718628397025,4.966887684465396,45.77722493875551,4.966791959590889,8.58,120.07,-16.25,45,2022-03,qpWWCCOfe9IKD50zBSCp1Q
4373,45.77355403858199,4.982775469534786,45.77350103673763,4.982644419316632,11.75,59.89,-12.01,35,2022-04,Y2RF6_-K7fNYnthHbelP0Q
4375,45.7744505005734,4.961317989707924,45.77443902387967,4.961478162159428,12.49,275.87,-11.32,35,2024-10,uKc3zeaNWHAEBOoQhLW4HA
4377,45.77235199411021,4.956691909505321,45.77241218274813,4.956571952816956,11.46,125.73,-12.31,35,2020-07,nmhTYs0eCFJyQBhddrEkPQ
4378,45.770327557390594,4.952544842681472,45.77026499958851,4.952588881204503,7.75,333.85,-17.88,45,2024-10,PVPSFYcBkvK-8tS44fbIMA
4379,45.771579739095465,5.000618485720306,45.77158696955446,5.000730834276129,8.75,264.73,-15.94,45,2023-02,CYTLFEtA4zhyjJXfkUUJ7Q
4380,45.767466916898094,5.018815654733182,45.76751897472031,5.018843976378205,6.19,200.78,-21.99,55,2022-04,HYM5HCCYw4u9Sv5eleO19g
4381,45.77377148912876,4.98200457138517,45.77369077659226,4.982102207670584,11.74,319.84,-12.02,35,2024-10,JgfqxzX_Qh44Km0WXgcWXA
4383,45.77103349114803,5.003525009731231,45.77097510966299,5.003574635909351,7.55,329.34,-18.33,45,2022-04,b1R-ZbI_TM2fxE2QKZcsuw
4384,45.7738057014376,4.982309713354654,45.77376121306977,4.982357743440555,6.19,323.02,-21.98,55,2024-10,WWt0FI83ML4U8O9J9zE1Hw
4385,45.77136494498872,5.000954368887109,45.77130902760323,5.000842588409689,10.67,54.35,-13.19,35,2023-02,mZJAt3ELmI9YAgwHurXdkw
4386,45.7676483513019,5.018246885592096,45.76759917864909,5.018174570681597,7.83,45.73,-17.7,45,2022-04,mqwWINXmWdULWpNWuk_hkQ
4389,45.76633103222076,4.943831778118922,45.76637528432142,4.943767697332199,6.99,134.71,-19.67,55,2024-10,7Cj40IGeHn6UoXOQ3Bsh7w
4398,45.77228466085176,4.956824691010916,45.77238048500089,4.95689675080918,12.03,207.68,-11.74,35,2022-04,gCo9eGTkUvoRsQHNArxNyA
4399,45.77109535973831,5.00376566811173,45.77116863765341,5.003781449257321,8.24,188.54,-16.88,45,2022-04,spHandDKR_TQ0KXBgE1GWQ
4400,45.774634274589424,4.97652009052733,45.77466483188193,4.97643460656909,7.45,117.14,-18.55,45,2023-02,KFHYZSn4ZOXrK0YtdxPqgg
4402,45.77147683018615,5.000645284921585,45.77149328105249,5.000770889440756,9.91,259.37,-14.16,45,2023-02,lSrkKJ53EBw5oXBmbbHxSg
4403,45.76983590468544,4.951946350967727,45.76990059172298,4.951893051733876,8.3,150.11,-16.77,45,2024-10,ARJAw95rPI6zHEaZvPUfXw
4405,45.74837839506008,4.917376978061494,45.74844497919221,4.917376478606601,7.4,179.7,-18.66,45,2026-06,_HWsvJsUbbvrjZuehGPLDA
4408,45.77558343520587,4.976408428825213,45.77555522984317,4.976528199825267,9.8,288.66,-14.31,45,2023-02,ox3BPZ3HdDdCkizzYV7NgA
4409,45.775414164976965,4.98589194188972,45.7753806808547,4.985826440858319,6.3,53.76,-21.65,55,2024-10,SYJTkajcEuRurBJa_g3E7Q
4411,45.74462672093872,4.93529489306116,45.74470415478947,4.935253310119163,9.2,159.46,-15.21,45,2024-05,Mcx9ADC-ERO0WrMkcjv0tA
4414,45.74462467841058,4.935263760388764,45.74470415478947,4.935253310119163,8.87,174.76,-15.73,45,2024-05,Mcx9ADC-ERO0WrMkcjv0tA
4416,45.74463942461952,4.935291498977609,45.74470415478947,4.935253310119163,7.78,157.62,-17.81,45,2024-05,Mcx9ADC-ERO0WrMkcjv0tA
4417,45.747230022850566,4.936652449289986,45.74717477892285,4.936570184956889,8.86,46.1,-15.76,45,2024-10,YPGDoRWS5BoOeP8CDLeSHA
4418,45.7470031622982,4.936398313907999,45.74701808311343,4.936490298604016,7.33,256.91,-18.84,45,2024-10,lJYkXTwNKKPP4aHayID3gQ
4421,45.74760194204465,4.9361452480762384,45.74759242265957,4.936263916133478,9.27,276.56,-15.1,45,2024-10,cQSVekr6pwJdpTajxx2x-A
4422,45.74720194667747,4.936343182769783,45.74720181357473,4.936429058316993,6.66,270.13,-20.56,55,2024-10,3XNgPddz9fEZ6VleJz6OXg
4423,45.76604471077386,4.937028488958354,45.76602263056454,4.936909505641791,9.55,75.1,-14.67,45,2024-10,NrmLrJYJuV7lBO1ID24_og
4425,45.76402505963395,4.9515864439246045,45.76410481669404,4.951634006734071,9.61,202.59,-14.59,45,2024-10,L63FUHEBxBtJzKuVxgd0_g
4427,45.76414331270585,4.950812552817643,45.76408336786233,4.950848642832797,7.23,337.22,-19.08,45,2009-02,dDCu-7Vg9b5EHJBIzVRwnQ
4432,45.762041465513775,4.973710888642532,45.7620944869109,4.97374894340675,6.59,206.6,-20.76,55,2023-01,SOFXqYu2IWftp48Odp189w
4435,45.7649362823929,4.936827647028102,45.76498689147927,4.936878772556211,6.88,215.17,-19.96,55,2024-10,QXwvCV-H6-8ROsU0ePPBJw
4440,45.75265667323977,4.788838662788651,45.75259861527631,4.788840540850149,6.46,358.71,-21.16,55,2024-02,7MH7ma5B3BIEaZWzWKwQgQ
4444,45.74788375011734,4.935934039994997,45.74790574994129,4.936062701617999,10.28,256.23,-13.67,35,2024-10,qTKaMv7owFDKQnsIpNPpHw
4445,45.74980242656693,4.934067798331133,45.74977506379824,4.933954323167141,9.32,70.94,-15.02,45,2024-05,s2N8USexpWAWcpOpKKeZJg
4447,45.74810617402552,4.936096738120899,45.74806714592342,4.936018672486118,7.45,54.38,-18.55,45,2024-10,9xM2W3CePCLdSWfX7VX6dg
4449,45.74965032991037,4.933864219335094,45.7496833197827,4.933935853650624,6.66,236.58,-20.58,55,2024-05,Wtofk96F3u3XyUzzIVzOMQ
4450,45.75355016515607,4.932058328574716,45.75349322740615,4.932044253042502,6.42,9.79,-21.26,55,2026-06,7a8mFtDQelL4DIH5AbFVtg
4451,45.749217599680506,4.9337060603596745,45.74921735162467,4.933789856198169,6.5,270.24,-21.03,55,2024-05,qbCz30vaktQPqVuWFRkzwg
4452,45.74565722497092,4.9368714336121045,45.74568054201595,4.93695754746586,7.17,248.79,-19.23,45,2024-10,ieKlD-ghPHdP0IYS3In39w
4453,45.74990587920703,4.933816731353707,45.7498399809675,4.933748062248826,9.06,36.02,-15.43,45,2023-01,o9e6174aj9ND_tGVcBXEAA
4454,45.75124355662061,4.931936698107249,45.75121753460522,4.932007764010131,6.23,297.69,-21.87,55,2020-11,H1r41LsDR5u9v0t04uRmRw
4462,45.76153993985962,4.955874785407331,45.76152482955136,4.955953535998149,6.34,285.38,-21.53,55,2026-06,xjQIzI7DaWWeo56s-fiWJQ
4464,45.753041431675285,4.789723040853722,45.75301987913824,4.78963727890196,7.07,70.19,-19.47,45,2024-08,PRDf3DR-qxq4f3B3sHK1pw
4467,45.76271365301614,4.956280939990978,45.76277636829405,4.956318982393263,7.57,202.94,-18.27,45,2024-10,vcWdLE6-hdUj1X8_ztlF0Q
4468,45.74854848326879,4.918220845320439,45.74849577302492,4.918200507347781,6.07,15.07,-22.39,55,2026-06,d4h2CDwehKKU0PPTi9GQHQ
4469,45.76191221374278,4.959695958327002,45.76200425647842,4.959725284530393,10.48,192.53,-13.41,35,2024-10,8nhI1U_uMK2vUJRc4YEb3Q
4472,45.76202286252138,4.959265463132187,45.7621088478235,4.959331069291411,10.83,208.03,-13.0,35,2024-10,tKQctD0yCbWOPYtj7MGsFQ
4475,45.7622489311399,4.958930582451737,45.76229473919161,4.959049546683869,10.54,241.1,-13.34,35,2024-10,dCaxRYdl3Vio7SaLy2WgSw
4484,45.76300730355135,4.940828788266434,45.76299482863396,4.940730096522758,7.78,79.73,-17.81,45,2024-10,UoY7WY9xFmJD3qyvZjUcJw
4485,45.7634323706243,4.939216876329261,45.76335575483608,4.939241625856331,8.73,347.3,-15.97,45,2024-10,f-OBo7YHfg0xF4Vxzd5OUA
4486,45.763065860347176,4.941218094729579,45.7630066760229,4.941241020142956,6.82,344.88,-20.14,55,2024-10,r8BblxhG4j0bkmgVt40zxw
4490,45.76298956680347,4.9411506614471286,45.76304272544443,4.941136487468161,6.01,169.46,-22.58,55,2024-10,aSo79qHhhK-VSXXhSrKm_g
4491,45.75256884170066,4.789150427628952,45.75262110181999,4.789108203195018,6.67,150.59,-20.54,55,2024-02,azIgCRm5vOHKjahrk8xhpg
4492,45.75249213249221,4.7866734836415885,45.7524265759337,4.786613240532787,8.66,32.67,-16.1,45,2024-02,CMfcDshKy1FDjde02rk68A
4493,45.769594160227584,4.868199171137831,45.76958323145713,4.868121895057913,6.12,78.54,-22.23,55,2018-10,borGfIiPMaYMfVr4qwIRSw
4496,45.76955225426848,4.8674168260782,45.76956120872684,4.867331311896971,6.71,98.54,-20.44,55,2019-04,mPtCX9u23So7IHRR_nA0xg
4497,45.76944534564803,4.867418726058657,45.7694430871031,4.867326918667509,7.13,87.98,-19.33,45,2019-04,uVIQxWqGYuuUTcQeeAzugQ
4498,45.76944245845596,4.867244838314527,45.7694430871031,4.867326918667509,6.37,269.37,-21.44,55,2019-04,uVIQxWqGYuuUTcQeeAzugQ
4501,45.769942970071725,4.868085356253585,45.76990392316534,4.868142783312953,6.22,314.27,-21.9,55,2023-03,r_aDkMt3IA4q-D5nRoKpig
4504,45.76889162656278,4.937503351549984,45.76892952970898,4.937587673467926,7.78,237.2,-17.81,45,2024-05,W2t8HWctq_rYhGrI9J3pdA
4509,45.768980384047474,4.938146720079803,45.76905032535474,4.938164837842677,7.9,190.24,-17.55,45,2024-05,MKEtkNinIcQ2hcdyWBMymQ
4510,45.769018800982224,4.937443323602817,45.76902998491005,4.9375311830939,6.93,259.66,-19.84,55,2024-05,NVtWaePKk-db5s4hgip6bQ
4512,45.76908550326813,4.93809438665449,45.76905032535474,4.938164837842677,6.72,305.6,-20.41,55,2024-05,MKEtkNinIcQ2hcdyWBMymQ
4513,45.76960124769225,4.938536527031471,45.76964958491663,4.938579611299237,6.33,211.87,-21.55,55,2024-05,TEHtuKQMx5VoRO5ie67TCg
4515,45.76989775243806,4.937709151413437,45.76992657856928,4.937641677546334,6.14,121.49,-22.16,55,2022-04,xV5-M9Bc-e94IJR6Fei5eA
4519,45.76941191068624,4.937263890399873,45.76936933004804,4.937336763160712,7.37,309.95,-18.73,45,2024-05,qnerIZ2MXPsUu_ToGp_qyw
4521,45.75268328899676,4.789198424897246,45.75262818689404,4.78925221107832,7.41,325.74,-18.64,45,2024-02,uDL9Vw8GuBj3y-_MtfmsSQ
4522,45.75256583445219,4.789162509473243,45.75262110181999,4.789108203195018,7.45,145.56,-18.55,45,2024-02,azIgCRm5vOHKjahrk8xhpg
4523,45.76961311666943,4.962795531339888,45.76958202261618,4.962876662139596,7.18,298.79,-19.2,45,2022-04,_O75wSxaN495gIp8MbU6mA
4524,45.77088421887119,4.962690982043215,45.77090261204896,4.962781683878522,7.33,253.79,-18.84,45,2022-04,j72W7svDZvBuxge5kR6C8g
4526,45.76996900871556,4.962768724728239,45.76994996797161,4.962851418922175,6.75,288.27,-20.31,55,2022-04,8aSXP5x1zBnZzqILPgjFCQ
4527,45.770834727577686,4.962830023145474,45.77078221122149,4.962791146908978,6.57,27.31,-20.83,55,2022-04,N9yqm6Ue30KvC9AaU9QODA
4531,45.77106737001605,4.962424623599294,45.77100383559286,4.962410563898969,7.15,8.77,-19.28,45,2024-10,6LhcR1o0Zl43_sVWFijl3g
4532,45.77024002487308,4.9627440357260655,45.77021713174316,4.962833051389658,7.36,290.24,-18.76,45,2022-04,X6vseVhYSn2F6uSP-oSV_Q
4534,45.770499605318165,4.962721074964962,45.77050225468234,4.96281353362789,7.18,267.65,-19.2,45,2022-04,vblIL4fS1VtAuEdhl5RdVw
4536,45.77026401048951,4.95551191619516,45.77031779736248,4.955448359513083,7.75,140.5,-17.88,45,2026-06,FrjU-PeXoJ2PO_9FjL1zog
4537,45.7702631115656,4.955505686892367,45.77031779736248,4.955448359513083,7.53,143.82,-18.36,45,2026-06,FrjU-PeXoJ2PO_9FjL1zog
4538,45.77013279574223,4.954533722466018,45.77020153631376,4.954552580317952,7.78,190.83,-17.81,45,2026-06,4gf8ndSQJlI-RvS_vfoK8w
4540,45.77016404127234,4.9547522276869,45.77021787336695,4.954680852015948,8.15,137.24,-17.05,45,2026-06,VLnGlPXvawhEyQGfcXIv_Q
4544,45.76978241000481,4.951254929650585,45.76983576190302,4.951237105560436,6.09,166.88,-22.31,55,2024-10,V_2FXutqCdjPmKw22cbBAw
4547,45.77002274986295,4.953566972771018,45.77006767814613,4.953520622259406,6.15,144.26,-22.11,55,2026-06,46CsOM6PHsYKBOTNe-Ueug
4548,45.76922831303041,4.959808096630564,45.76918394569766,4.959743281432281,7.04,45.54,-19.54,45,2026-06,RRoqU3UYN8_I9qOFBWZ_Gg
4549,45.76993551996397,4.959458983997217,45.76993130231603,4.959359745242393,7.71,86.51,-17.96,45,2026-06,9jmD09kKJSfwBriBmKAVlw
4550,45.76970785293726,4.959562921509767,45.76970483345886,4.959474612310023,6.86,87.19,-20.03,55,2026-06,ozy9mZnGDKnNTlSTFI-Q5Q
4551,45.77004526137912,4.955621151002597,45.77015598718049,4.95563381770685,12.35,184.56,-11.44,35,2015-05,CAoSF0NJSE0wb2dLRUlDQWdJRHE4X3VQa3dF
4553,45.769160158268924,4.959819220278489,45.76918394569766,4.959743281432281,6.46,114.18,-21.17,55,2026-06,RRoqU3UYN8_I9qOFBWZ_Gg
4554,45.769716362196505,4.95955895408509,45.76970483345886,4.959474612310023,6.67,78.91,-20.56,55,2026-06,ozy9mZnGDKnNTlSTFI-Q5Q
4556,45.76932581518878,4.959740690049103,45.76927622187931,4.959696824904071,6.48,31.67,-21.1,55,2026-06,rUkgaSftVS2RKS7407aE0w
4557,45.77007960611783,4.954005070877214,45.77013530675407,4.954041397861758,6.8,204.46,-20.17,55,2026-06,NuJKwOuJ8SWLr8zTwiIb4w
4558,45.7702622126413,4.955499457589753,45.77031779736248,4.955448359513083,7.34,147.33,-18.8,45,2026-06,FrjU-PeXoJ2PO_9FjL1zog
4559,45.77022210188469,4.955187361113095,45.77028351797824,4.955188741078245,6.83,180.9,-20.1,55,2026-06,DFpN3x_VOt_xutwUMxF4IQ
4562,45.770186632651125,4.955075239407732,45.77026659879998,4.955060530654262,8.96,172.69,-15.58,45,2026-06,0XRPJqKjo-lUtY-a5be49w
4563,45.770221075242986,4.955179343183691,45.77028351797824,4.955188741078245,6.98,185.99,-19.7,55,2026-06,DFpN3x_VOt_xutwUMxF4IQ
4564,45.77019358252627,4.955074781414087,45.77026659879998,4.955060530654262,8.19,172.25,-16.97,45,2026-06,0XRPJqKjo-lUtY-a5be49w
4565,45.77000740108019,4.953523735655209,45.77006767814613,4.953520622259406,6.71,177.94,-20.44,55,2026-06,46CsOM6PHsYKBOTNe-Ueug
4567,45.77016524644093,4.954760407604238,45.77023393873637,4.954807024743286,8.45,205.33,-16.48,45,2026-06,QPFuCTZfWVvQgHkwjdIl1w
4568,45.770145934830026,4.954736770959582,45.77021787336695,4.954680852015948,9.1,151.53,-15.36,45,2026-06,VLnGlPXvawhEyQGfcXIv_Q
4569,45.7701618839648,4.954728907388773,45.77021787336695,4.954680852015948,7.26,149.09,-19.01,45,2026-06,VLnGlPXvawhEyQGfcXIv_Q
4571,45.7700060801346,4.95351548560134,45.77006767814613,4.953520622259406,6.86,183.33,-20.02,55,2026-06,46CsOM6PHsYKBOTNe-Ueug
4572,45.77007840433921,4.953995647657484,45.77013530675407,4.954041397861758,7.25,209.29,-19.01,45,2026-06,NuJKwOuJ8SWLr8zTwiIb4w
4575,45.74853904787423,4.91788283735455,45.74848900013576,4.917943507709422,7.29,319.77,-18.93,45,2026-06,B_K9Zg5Y6241cuXy5Cst7Q
4576,45.74840883144062,4.91686120422233,45.74850181350762,4.916861981263205,10.34,180.33,-13.59,35,2026-06,fyUlamSidwSqrQIioNwBYQ
4577,45.7483469622854,4.917837367337627,45.74842590974605,4.917878873575146,9.35,200.15,-14.97,45,2024-05,zWkk_VL1gvQmWOaKvSVJBw
4578,45.74906919916479,4.914187621258429,45.74906640547588,4.914329595366713,11.02,271.62,-12.78,35,2024-05,V-2iqsNHEPgscoeqvHgJ4g
4579,45.749630692992994,4.9139972705791966,45.7495797708666,4.913966593575942,6.14,22.8,-22.15,55,2020-11,p837yqzZ2Ad-F7vgY22EZA
4580,45.74946319779578,4.917875480199017,45.74941754888188,4.917969250761049,8.87,304.9,-15.74,45,2026-06,GU-gdk7wcbbRFqqd8D9Wzg
4583,45.75446444083981,4.921027357683229,45.75445600841564,4.92092401554897,8.07,83.33,-17.21,45,2022-01,KUpA35D_BO6rbjZDJhYkrQ
4585,45.75002661569808,4.91814742835702,45.75002608814427,4.918269934924434,9.51,270.35,-14.74,45,2026-06,8Ls7588IgmoqLiad68XNxw
4586,45.7488981523669,4.917933461489733,45.7488807035263,4.917834945205427,7.89,75.76,-17.59,45,2026-06,Q0cSaJJpKZ9m01yUeEGwxg
4587,45.74966019902228,4.9179673690651,45.74959055329324,4.918054530476955,10.28,318.87,-13.67,35,2026-06,V04wKPj4UfZQkdUzV9BPXg
4588,45.7530515637396,4.919949034795888,45.75303301907497,4.920053010890162,8.33,284.34,-16.71,45,2026-06,FZqfynFeLqhOe-VvvoEOTw
4589,45.75671623292958,4.9213209815016405,45.75673285976842,4.921238170237025,6.69,106.05,-20.5,55,2022-01,t9pl9EKGChtcKf-u9SU1DQ
4590,45.74905240483029,4.917739664052797,45.74905925671702,4.917840025127733,7.82,264.41,-17.72,45,2026-06,utBIImETWC8rLdK8xERUEA
4591,45.75191406321678,4.919117258645985,45.75188410838582,4.919236827422286,9.86,289.75,-14.23,45,2026-06,EuqoJMybB8zcIEnh9gyKwA
4592,45.75693841390475,4.921334322739967,45.75691284702235,4.921235884651144,8.15,69.58,-17.06,45,2022-01,pPu8oi44HYm4KME4gWPZ-A
4596,45.75957647037374,4.794875943037097,45.75964475856829,4.794910083691917,8.04,199.23,-17.27,45,2024-02,uaCEDFbMRvb6Ik4EDRjs9A
4601,45.75988994839552,4.796026046706757,45.75992437977526,4.79593111353231,8.3,117.47,-16.76,45,2024-07,YAHyCnIz9sr0vd0AIlwCEA
4603,45.75822036248235,4.808369283654581,45.75827037354741,4.8084189850486,6.77,214.74,-20.28,55,2023-03,a3LO454AuzDeS-Y5_j44KQ
4604,45.76229140071817,4.795680860546611,45.76231208621099,4.795594034241946,7.12,108.85,-19.35,45,2024-07,wGaX_oSLGAC8eR8jj8A4pw
4607,45.76040976175097,4.833091377661221,45.76037444647945,4.833166291773295,7.01,304.05,-19.62,45,2024-05,VddX4NmpBYC5QBRmyiayaQ
4620,45.75971568301056,4.834923473253271,45.75965704211539,4.834924533605055,6.52,359.28,-20.98,55,2017-08,oYlbeGCzuF3h5CMBdQgxzA
4622,45.76020917672609,4.834860369362221,45.76027170002262,4.834808287367178,8.04,149.84,-17.27,45,2024-05,oMR6G_ZPWhIWYFTOpeuqog
4629,45.763898600655125,4.792275884403553,45.76402126545719,4.792293460755191,13.71,185.71,-10.34,35,2024-05,kdp4jqY_Jh081jLQ7Z-eng
4631,45.763674465140745,4.795546412345972,45.76369920755577,4.795460194622414,7.23,112.36,-19.07,45,2024-07,NzHlNN-jSaaq0TAo5Q0FSA
4632,45.763314309166574,4.795195442538709,45.76334077458422,4.795312109266946,9.52,251.99,-14.72,45,2024-07,0b4dGWVH2FvBUdv2wAccjw
4637,45.76092965390424,4.8046167640319375,45.76092892863959,4.804516734052505,7.76,89.4,-17.86,45,2024-05,sCkNb_n6zwwQrEmix9V-Gg
4638,45.76088799779602,4.804575345349396,45.76092892863959,4.804516734052505,6.43,135.03,-21.24,55,2024-05,sCkNb_n6zwwQrEmix9V-Gg
4639,45.76080284792412,4.804644528904679,45.76076375297684,4.804523722784181,10.33,65.12,-13.6,35,2024-07,CQ28hPkD3OCLVZvEk_lzSw
4641,45.76089349821088,4.804604219512134,45.76092892863959,4.804516734052505,7.85,120.14,-17.67,45,2024-05,sCkNb_n6zwwQrEmix9V-Gg
4657,45.758849857839614,4.80998546421448,45.75887698332263,4.810071342656024,7.31,245.64,-18.87,45,2024-05,5xi_TdG-5CRR9d5m3OCHzw
4664,45.75983391893944,4.807066665427303,45.75980701414304,4.80699343554149,6.42,62.23,-21.27,55,2024-07,M-qyyhH3R9tIBopbKJ925A
4670,45.75879911867077,4.810260584713355,45.75884358345403,4.810324388043355,7.0,225.03,-19.66,55,2024-05,pn9GRhYo_wFz7GYZX_8fLA
4671,45.75875490613463,4.8107913916670295,45.75879502103064,4.810846559502055,6.18,223.82,-22.02,55,2024-05,5R1bmtqNGiPV_1Rou_odPA
4674,45.75875053290852,4.810901944685882,45.75879502103064,4.810846559502055,6.55,139.02,-20.88,55,2024-05,5R1bmtqNGiPV_1Rou_odPA
4681,45.75880139627945,4.810235690284372,45.75885629835694,4.810199566669289,6.72,155.34,-20.41,55,2024-05,iuzYJ40icpf8lr6WSw695Q
4686,45.76517892940028,4.9614078262452885,45.76522248290064,4.9614610984623,6.37,220.47,-21.44,55,2026-06,n0PgD6575tjHdlnZihd3SQ
4687,45.7650000267306,4.961528627145305,45.76505626796804,4.961562756058599,6.79,202.94,-20.21,55,2026-06,zZUQzyh5m-FMPO4YDlTzQg
4688,45.76518615938467,4.961552517510071,45.76513890229358,4.961509464529315,6.23,32.44,-21.88,55,2026-06,SkJ5uN0CTeoPHz-RQYOSvg
4689,45.76613509272116,4.961209245289134,45.76612143246476,4.961132958099721,6.11,75.6,-22.25,55,2026-06,r8xkRQIpdslorhzi6GIuew
4690,45.76526430472211,4.961166711614088,45.76532272170275,4.961175833571192,6.53,186.22,-20.94,55,2026-06,xeD-YfVdYCpZBw2rmggE5g
4691,45.76573533109244,4.961360259579698,45.76575706920183,4.961260135026547,8.13,107.29,-17.08,45,2026-06,mjZxl62JdemMxw8y6US-Hw
4694,45.76724706453746,4.956410595885768,45.76729316274962,4.956363753663912,6.28,144.67,-21.7,55,2023-01,3-OZHna-rVDsKB982-yIjA
4695,45.76576656435372,4.95625830647778,45.76572104855956,4.956313522541413,6.63,319.76,-20.66,55,2026-06,jN67Z91w-eNQZxuKiRxPhA
4697,45.76967072522757,4.956213950617514,45.76966261840775,4.956127482878165,6.77,82.34,-20.28,55,2024-10,_9PliBYsYJjq3W9pibsLUw
4698,45.77034149966667,4.956189326487286,45.77033177880725,4.956107712435663,6.42,80.31,-21.27,55,2024-10,D573lRTCiIf-xlViCXK_Mg
4703,45.770316636294645,4.956000805376694,45.77039049919939,4.955977351783894,8.41,167.51,-16.55,45,2026-06,pEQzvp9XMmqNh-tP_UX8hw
4704,45.76937460110046,4.956227233794951,45.76938980885896,4.956130721145707,7.67,102.73,-18.04,45,2024-10,__Lz3yIbbGfyzu-S3h7LnA
4707,45.768597365181584,4.955619293720672,45.76850452404015,4.955635796030771,10.4,352.93,-13.51,35,2022-03,9D5RqHXpsuuXvVjDOZBd2A
4710,45.77032853144861,4.956192643074269,45.77033177880725,4.956107712435663,6.6,93.14,-20.75,55,2024-10,D573lRTCiIf-xlViCXK_Mg
4711,45.770357775038384,4.956205847445925,45.77042677608041,4.956236009405149,8.02,196.96,-17.31,45,2026-06,cLEQaUcdH1eTNWaeUh-TTQ
4713,45.77006032582821,4.956229087578083,45.77003038630141,4.956122986581934,8.88,67.97,-15.73,45,2024-10,hdSrYzz9cb3vHUthGBS8qw
4714,45.7703447251122,4.956204801187599,45.77033177880725,4.956107712435663,7.67,79.18,-18.06,45,2024-10,D573lRTCiIf-xlViCXK_Mg
4716,45.76764440254822,4.955874759340201,45.76769173733864,4.955825366332228,6.51,143.95,-21.01,55,2024-10,cec7sSKG-vj1DgbIotHW_g
4720,45.76777369329509,4.954374954555216,45.76773218069309,4.954324928549832,6.03,40.05,-22.52,55,2026-06,7XkvqvyyZQxwJ7uxCSBHMQ
4727,45.77108319737041,4.961097527157032,45.77103300871739,4.961039832438547,7.15,38.72,-19.26,45,2026-06,e0bG8eXTog1peP68O9tQUg
4729,45.77106866983826,4.961628410650482,45.77103087379423,4.96157028408003,6.16,47.01,-22.08,55,2026-06,fuZBfovSUtjp1vNTYSAT1A
4731,45.7710801882313,4.961648459242656,45.77103098815966,4.961702989980066,6.92,322.29,-19.88,55,2026-06,ALOqZNQk-OPoQtAZe2jx6w
4732,45.77107351056164,4.960958768638899,45.77103041402236,4.960910803022181,6.07,37.82,-22.4,55,2026-06,znticFzP0T6FqOSrWpk4mg
4736,45.77108173939566,4.961598287328538,45.77103087379423,4.96157028408003,6.06,21.01,-22.42,55,2026-06,fuZBfovSUtjp1vNTYSAT1A
4737,45.77107548162553,4.960986744601268,45.77103300871739,4.961039832438547,6.27,318.92,-21.75,55,2026-06,e0bG8eXTog1peP68O9tQUg
4740,45.77356184996474,4.962908901100099,45.77351149703053,4.96296577135836,7.13,321.77,-19.33,45,2024-10,AaagXhAv6zDXASZ6t2zo3w
4741,45.77281350517836,4.962282676695974,45.77276964728123,4.962343791650767,6.8,315.81,-20.18,55,2024-10,M5gJztPI_CCOWnzKZIcZsQ
4742,45.77277651054917,4.962256529544155,45.77276964728123,4.962343791650767,6.81,276.43,-20.16,55,2024-10,M5gJztPI_CCOWnzKZIcZsQ
4746,45.772960184789234,4.962402971343046,45.77293304186684,4.962479827471807,6.68,296.85,-20.51,55,2024-10,kZuUZ1214vupLCzBOrs-Kg
4748,45.77419682611705,4.963584627788925,45.77416382096835,4.963686046969112,8.68,295.01,-16.07,45,2024-10,boo6Vf7kAO1WBxhDgqIizw
4749,45.772796423867256,4.962265800585794,45.77276964728123,4.962343791650767,6.74,296.21,-20.35,55,2024-10,M5gJztPI_CCOWnzKZIcZsQ
4751,45.77473373932941,4.964714079188544,45.77477308912039,4.96465830354838,6.15,135.33,-22.11,55,2024-10,9T4qaw2vF7ivU6ycCRC_dg
4753,45.77278637521684,4.962256966932914,45.77276964728123,4.962343791650767,6.99,285.44,-19.69,55,2024-10,M5gJztPI_CCOWnzKZIcZsQ
4754,45.77351970350808,4.963055450732346,45.77351149703053,4.96296577135836,7.01,82.53,-19.62,45,2024-10,AaagXhAv6zDXASZ6t2zo3w
4755,45.77472938367067,4.964704968879118,45.77477308912039,4.96465830354838,6.06,143.32,-22.42,55,2024-10,9T4qaw2vF7ivU6ycCRC_dg
4757,45.77553171897644,4.969023892973013,45.77558250453416,4.969100154661536,8.18,226.32,-17.0,45,2024-10,Z4T0cxA8fCyFttpm404NBQ
4758,45.77553044072755,4.969036671642537,45.77558250453416,4.969100154661536,7.6,220.38,-18.21,45,2024-10,Z4T0cxA8fCyFttpm404NBQ
4759,45.77556686268996,4.96815037144362,45.77562864446926,4.968150110458846,6.87,179.83,-20.0,55,2024-10,lspcQI_JlEjHZronNlPsLw
4760,45.7755668173178,4.968137718743535,45.77562864446926,4.968150110458846,6.94,187.96,-19.81,55,2024-10,lspcQI_JlEjHZronNlPsLw
4765,45.7775266832608,4.966653079815307,45.77754083959737,4.966764342237608,8.77,259.66,-15.91,45,2021-02,mmNVuapsEJ3pQdWZs40fkA
4766,45.7774730680754,4.96537935432429,45.77752853783483,4.965331211591821,7.21,148.81,-19.12,45,2021-02,RTcWDQ-WV-5pbNiDtetKng
4772,45.76487048758635,4.9713563854516325,45.76499229573906,4.971377464348206,13.64,186.88,-10.38,35,2023-01,PZvXKlPSRSzv4pN8VBXIpw
4773,45.76263427302752,4.9731354884157,45.76255381387222,4.973119843871098,9.03,7.72,-15.48,45,2023-01,gNw8GPTRSpBRdIa_s-Uf9g
4775,45.76271823634405,4.972692742658651,45.76273756146359,4.972768477670855,6.26,249.91,-21.78,55,2023-01,G5A--1LnnGL6uS4Qw5dcpw
4784,45.76325478506881,4.969719234406143,45.76316330810231,4.969701925699142,10.26,7.52,-13.69,35,2023-01,epBgBPL16HHbMOcrEK8rEQ
4785,45.769505342568245,4.946372074932309,45.76947887679299,4.946455605162805,7.12,294.43,-19.36,45,2024-10,3NrWWGAjcKw4aUPSSH57bw
4787,45.77000263050692,4.946210235200332,45.77004944106286,4.946261220791308,6.54,217.23,-20.93,55,2026-06,Rn8pGulFr2nidnJ5VnoRUA
4792,45.76354049483568,4.966419483200007,45.76353600503746,4.966519709966081,7.79,273.67,-17.79,45,2022-04,VZFsb-ruQJZLPTr22r8qMA
4793,45.76376532935786,4.966609737550554,45.76377461704768,4.966715621807593,8.28,262.83,-16.8,45,2022-04,YqCKMl4iIs4JjyhO_x0T7g
4795,45.77262246460903,4.977668639487008,45.7726751214939,4.977631792860449,6.52,153.98,-20.99,55,2024-10,2CLhissJYW-O6q_L_-DCkA
4796,45.77276899867204,4.978333011532709,45.77281617578461,4.978258962168737,7.78,132.41,-17.82,45,2024-10,Wp3vkdCxMaPILbVRBtXKoQ
4797,45.77275217891033,4.9776658464362376,45.77270814162586,4.977754350890856,8.43,305.5,-16.51,45,2024-10,ItcJfRsG_1_EAAGUDiZr1w
4799,45.77298968484855,4.979385318300942,45.77305393253103,4.979394387386828,7.18,185.62,-19.2,45,2024-10,Cdmohq7tWCapwvrnhYRZag
4800,45.77267289892696,4.977881748684045,45.77273669854763,4.977879499512972,7.1,178.59,-19.41,45,2024-10,xn9yo9sckQeMHO29YB5zsQ
4801,45.77278951008714,4.978606088179819,45.77286940901687,4.978513434527726,11.43,141.03,-12.34,35,2024-10,WbiSjyR6X1tmmaY7HC7zyQ
4802,45.77286167925119,4.978304106396492,45.77281617578461,4.978258962168737,6.15,34.68,-22.11,55,2024-10,Wp3vkdCxMaPILbVRBtXKoQ
4804,45.77320020303039,4.980502608942901,45.77328840364108,4.980396945331012,12.78,140.12,-11.07,35,2024-10,wgM94r0e57LYuMUsZG3mpg
4805,45.77072439581704,4.944869014534004,45.77070399038488,4.94478388307856,6.98,71.04,-19.7,55,2026-06,m8-tgqx6m0wjRiaOoubU0A
4820,45.66912294639259,4.857138934006655,45.66907407418574,4.857088682876858,6.69,35.7,-20.49,55,2026-04,-VTSbdYlvQUfvWUIvRc5qg
4823,45.669124617678456,4.857122204479227,45.66907407418574,4.857088682876858,6.19,24.87,-21.98,55,2026-04,-VTSbdYlvQUfvWUIvRc5qg
4827,45.66914566962467,4.856533722558385,45.6691785466283,4.856604653163816,6.61,236.44,-20.71,55,2026-04,3DTrbBlsUoQng4OYGFHiSQ
4837,45.66932565578143,4.858187872785233,45.66934201529876,4.8582637559457,6.17,252.85,-22.06,55,2026-04,R593uq7AdW6V24Tbxkfn2Q
4838,45.75781505483441,4.811853980942883,45.75775966516932,4.81184955416444,6.17,3.19,-22.06,55,2023-03,QHOgg7-meCD7KsbkUcswpQ
4840,45.78071680138892,4.961956675401068,45.78071836150454,4.961871685201927,6.59,91.51,-20.77,55,2026-06,5dAGxWn9iKBPK98AJEtK_w
4841,45.76494339012176,4.966018705860996,45.76500099947491,4.965985435737602,6.91,158.06,-19.9,55,2023-01,Qdm2bWkNNYvRb9UpGswXzw
4843,45.76954536101737,4.967566371870452,45.76953879924145,4.96743176656163,10.47,86.0,-13.43,35,2023-01,o-D8glKxMJCfDgKLEFkY9Q
4848,45.771737889719375,4.9680159409308855,45.77168124858906,4.968031897491334,6.42,348.88,-21.28,55,2024-10,HU83MM3_MLR95eVqduee-w
4851,45.766349582333525,4.966372710213982,45.76638414428765,4.966433697218666,6.09,230.91,-22.3,55,2023-01,4Gg5zUV7cA0glVsXKVAQ-A
4853,45.771795367793885,4.967828883854754,45.77176662675841,4.967914120830174,7.34,295.8,-18.8,45,2023-01,pKX4XLWi-kvatc1hRoBOEQ
4858,45.76670363414429,4.966455237079812,45.76665665544635,4.966507103272698,6.59,322.4,-20.76,55,2023-01,un2yws9G-58lx3icvgjqow
4862,45.77042581797773,4.967670584312088,45.77039561120103,4.967568610546753,8.59,66.99,-16.22,45,2023-01,-0Of4O8B4y3FR37dBbwiqQ
4878,45.77042501039575,4.967655146561906,45.77039561120103,4.967568610546753,7.47,64.03,-18.51,45,2023-01,-0Of4O8B4y3FR37dBbwiqQ
4888,45.74416508193965,4.932622504645082,45.74410985212361,4.932692207540984,8.18,318.63,-16.99,45,2026-06,1G_egmVQhoPlzei984bxKA
4889,45.74398825409037,4.932369166734536,45.74404072703484,4.932319287331938,7.0,146.44,-19.65,45,2024-05,7FWZV1NMKsVX45xzAcX-yA
4890,45.74449002517134,4.932316485237168,45.74444050265531,4.932416268704599,9.5,305.42,-14.74,45,2026-06,R3OGdb4IcRVbslrzU2lX1A
4891,45.743340259740734,4.931485182324142,45.74326184651866,4.93151861864245,9.1,343.43,-15.37,45,2024-05,LsEg3mXVz9sjEyGIAOSsDg
4894,45.74398769617803,4.932872164736145,45.74405715260878,4.932912752506136,8.34,202.19,-16.69,45,2024-05,__GRNXzTtPnaRaLxYegkAw
4895,45.743593313103695,4.931733659631413,45.74359180370735,4.93184825549501,8.89,271.08,-15.7,45,2024-05,IWEqwUfLMOV-EtMZf3RI-w
4896,45.74339910529296,4.931779823639811,45.7434463023918,4.93165351330132,11.12,118.17,-12.67,35,2024-05,iNAs9d7X3Vn5wJkIk9s6fQ
4897,45.74413152123668,4.932195897716744,45.74419148165747,4.932259558545577,8.3,216.54,-16.77,45,2026-06,wV9zF4_sfFQWk1aqaYSIZQ
4899,45.770881980212096,4.960195226507289,45.77091102753469,4.9601247656452,6.35,120.58,-21.5,55,2024-10,XPaHcy_e5uG3HQSpjJ17oA
4900,45.765251546243896,4.964594795694191,45.76529582082507,4.964671783424033,7.74,230.5,-17.9,45,2023-01,gFISuVI4zmW0I3rh-aMHFQ
4903,45.76750497797739,4.969333052461892,45.76741331105961,4.969363470562901,10.46,346.97,-13.44,35,2023-01,0O_syzKhTs15LXYEa_d2Ng
4904,45.76707139367437,4.969315691540112,45.76715395961926,4.969284112972209,9.5,165.06,-14.74,45,2023-01,TgBYLpzieO_aJegRK3mK7w
4905,45.76703305611218,4.969221339266223,45.76709901823936,4.969155412187924,8.94,145.12,-15.62,45,2023-01,OK4gRQdwsxCQAsJIoLtweA
4909,45.75949172803274,4.807614211405398,45.75959884571579,4.807628452408204,11.96,185.3,-11.8,35,2024-05,gmSPISR9npTa4Bqce1u9eQ
4920,45.77171062981341,4.9712612956400415,45.77160445065751,4.97127695535725,11.87,354.13,-11.89,35,2022-04,X3tVdXhPcK9gyAH87GzQ8g
4924,45.77170993178909,4.971268570285736,45.77160445065751,4.97127695535725,11.75,356.83,-12.01,35,2022-04,X3tVdXhPcK9gyAH87GzQ8g
4932,45.771756970950605,4.97799159455962,45.771817507073,4.978040484017932,7.73,209.39,-17.93,45,2022-04,33x7lOfVYi7JLoppjS4PYQ
4934,45.77174283379307,4.977985999600795,45.771817507073,4.978040484017932,9.32,206.97,-15.02,45,2022-04,33x7lOfVYi7JLoppjS4PYQ
4935,45.77173576521422,4.977983202122449,45.771817507073,4.978040484017932,10.12,206.05,-13.88,35,2022-04,33x7lOfVYi7JLoppjS4PYQ
4936,45.77174990237188,4.977988797079856,45.771817507073,4.978040484017932,8.52,208.07,-16.35,45,2022-04,33x7lOfVYi7JLoppjS4PYQ
4937,45.7708962387085,4.960742058008585,45.77094857555281,4.960694856143204,6.88,147.83,-19.98,55,2020-12,2_RWKCTM63SK1dolyI4Zng
4938,45.77090197250202,4.96074043592543,45.77094857555281,4.960694856143204,6.27,145.7,-21.73,55,2020-12,2_RWKCTM63SK1dolyI4Zng
4942,45.77068151068472,4.958812132194264,45.77076687008701,4.958774672923948,9.93,162.98,-14.14,45,2026-06,3oWZh-uNK32YHPyKZq7rXw
4943,45.77061118327352,4.959116351157636,45.77062690579123,4.959041345163261,6.07,106.73,-22.37,55,2026-06,l6GWoTUXsEVwaFlBKZ_88Q
4944,45.770575842397854,4.958968026382354,45.77062690579123,4.959041345163261,8.04,225.04,-17.28,45,2026-06,l6GWoTUXsEVwaFlBKZ_88Q
4945,45.77068241258098,4.958818370545341,45.77076687008701,4.958774672923948,9.98,160.16,-14.06,45,2026-06,3oWZh-uNK32YHPyKZq7rXw
4946,45.77086137018304,4.958660442937775,45.77076721103205,4.958644764990603,10.54,6.62,-13.34,35,2026-06,hGdfp3rHE2czH0jYuJglXA
4949,45.77060691543926,4.959118486306653,45.77062690579123,4.959041345163261,6.38,110.38,-21.39,55,2026-06,l6GWoTUXsEVwaFlBKZ_88Q
4951,45.77026308887781,4.959303998078267,45.77027809722482,4.959200331143893,8.21,101.73,-16.93,45,2026-06,bKraXyuJ9iuDJCwCZK8atw
4952,45.77032030727258,4.95910669269389,45.77036531504824,4.959160218249364,6.5,219.68,-21.03,55,2026-06,GJ6niD652Bjv92UZctsxYg
4953,45.77026701698656,4.959302041616136,45.77027809722482,4.959200331143893,7.98,98.88,-17.39,45,2026-06,bKraXyuJ9iuDJCwCZK8atw
4955,45.77058006344997,4.9589658282743,45.77062690579123,4.959041345163261,7.84,228.35,-17.69,45,2026-06,l6GWoTUXsEVwaFlBKZ_88Q
4957,45.77043522951078,4.959045456808082,45.77045046162321,4.959121059183659,6.1,253.89,-22.27,55,2026-06,TS2VuU1m-LXwBQNvRfpRGQ
4958,45.77058428450206,4.9589636301658935,45.77062690579123,4.959041345163261,7.67,231.82,-18.06,45,2026-06,l6GWoTUXsEVwaFlBKZ_88Q
4959,45.77097569186418,4.958880194993996,45.77092116253333,4.958884790605952,6.07,356.64,-22.37,55,2024-06,Bm3VMOdlh3UXhU0Wziz4ug
4961,45.76782344439826,4.952446289002589,45.76783907118152,4.952540227852843,7.49,256.59,-18.46,45,2026-06,-O47P2ctQjTqXuUPWJ3bTA
4963,45.767288737049526,4.953620805906276,45.76735327794103,4.953616329336847,7.19,177.23,-19.19,45,2026-06,AE2D7Ch6PjfD260xTidHRA
4965,45.769687250413256,4.949981652165106,45.76974081800041,4.950019012060454,6.62,205.94,-20.68,55,2026-06,MPw1mOLxA2tfBPeYHJP9sg
4968,45.76967714779551,4.949999001741776,45.76974081800041,4.950019012060454,7.25,192.37,-19.03,45,2026-06,MPw1mOLxA2tfBPeYHJP9sg
4971,45.76781671794393,4.952469325004254,45.76783907118152,4.952540227852843,6.04,245.68,-22.5,55,2026-06,-O47P2ctQjTqXuUPWJ3bTA
4975,45.76786058787686,4.952396350038648,45.76790436521036,4.952450421297815,6.43,220.75,-21.26,55,2026-06,PqtRW_A7TiyniDC0B5FJQg
4976,45.76780131129066,4.952478827842335,45.76783907118152,4.952540227852843,6.35,228.6,-21.49,55,2026-06,-O47P2ctQjTqXuUPWJ3bTA
4977,45.76711469135539,4.954379543653323,45.76718065788809,4.954332703778074,8.19,153.65,-16.98,45,2026-06,3Z1MUS6jbOXBSVRtF9s8Gw
4978,45.76968628053351,4.94996903142703,45.76974081800041,4.950019012060454,7.2,212.59,-19.15,45,2026-06,MPw1mOLxA2tfBPeYHJP9sg
4979,45.7674995836543,4.953007747163529,45.76755559602944,4.953032664634629,6.52,197.24,-20.97,55,2026-06,kfamtsvqhdZF6SPMu0JV2w
4980,45.76983121968715,4.950440397173742,45.76976437242216,4.950446236821284,7.45,356.51,-18.56,45,2024-10,tD0SyHQNy6tM8pwvHji__Q
4985,45.79119659832875,4.964725204584446,45.79116035070767,4.964650991337091,7.03,54.99,-19.59,45,2026-06,RUXs-Oa51jgaag0uSuNTuA
4988,45.791193820375234,4.964589664383656,45.79116035070767,4.964650991337091,6.04,308.05,-22.49,55,2026-06,RUXs-Oa51jgaag0uSuNTuA
4989,45.78805865101583,4.964653743765555,45.78802327574715,4.964564065731022,7.99,60.5,-17.38,45,2026-06,jQBb-FrGL-woz27kw13kzA
4990,45.76394175803264,4.961336134496758,45.76387404161545,4.961284445835045,8.53,28.04,-16.33,45,2023-01,z2Epi66b190eymAvFAruqg
4996,45.783027717865096,4.868140593115411,45.78301688725615,4.868033187636358,8.42,81.77,-16.55,45,2019-07,1dsBEgB0MFcIbrgk3PzMZA
