OBJECTID,STATUT,MODE_POSE,AUT_PASSAG,AUT_PASS_1,NATURE_CON,TYPE_LONGU,LONGUEUR,NOTE,COMPOSITIO,ID_PROPRIE,INDEX_DOC_,ENABLED,ORIGINE,LABEL_CABL,NB_CABLE,ORANGE,CLASSE,LARGEUR,HAUTEUR,EXPLOITATI,MAINTENANC,GESTION,CONVENTION,REF_CONVEN,MODIF_DATE,MODIF_AUTE,MODIF_ETUD,METRIC,IS_ANTENNA,RECALAGE_D,SHAPE_LEN,latitude,longitude
3180967,E,2,0,,N,D,8.69,02A9615C35E590871C22F58FBE6501AE,,1,0,1,1,,0,1,,0,0,0,0,0,0,,,,,0,0,,8.68618977988,50.76609618984319,2.7156906700856136
3181678,E,7,0,,A,D,2.36,02A9615D5DB8D1BB1C22F5D67D68F6A8,2 Ø45,1,0,1,1,,0,1,B,0,0,0,0,0,0,,,,,0,0,,2.35653608577,50.765265439991175,2.7252577198371752
3948645,E,7,0,,A,D,61.11,,3Ø45,1,0,1,0,,0,1,B,0,0,0,0,0,0,,,,,0,0,,61.106176005,50.76796292903358,2.7186271375885767
4196822,E,7,0,,A,D,24.53,,PEHD:1Ø40,1,0,1,0,,0,1,B,0,0,0,0,0,0,,,,,0,0,,24.5340827121,50.7656609945417,2.70876037887413
4986876,E,7,0,,A,D,45.04,,1Ø45,1,0,1,0,,0,1,B,0,0,0,0,0,0,,,,,0,0,,45.0277288624,50.78021933226435,2.729517551666634
5025755,E,7,0,,A,D,3.94,,2Ø45,1,0,1,0,,0,1,B,0,0,0,0,0,0,,,,,0,0,,3.93957250972,50.7590925037024,2.724934413962284
5025758,E,7,0,,N,D,6.28,P/59535,2Ø45,1,0,1,0,,0,1,B,0,0,0,0,0,0,,2021-04-08,WZQS5758NP,,0,0,,6.27748098326,50.75732636958182,2.72920161575061
5025759,E,4,0,,N,D,17.74,P/59535,,1,0,1,0,,1,1,B,0,0,0,0,0,0,,2021-04-08,WZQS5758NP,,0,0,,17.721053192,50.75743462787899,2.7292280412008396
5042300,E,4,0,,N,D,2.21,P/59535,,1,0,1,0,,1,1,B,0,0,0,0,0,0,,2021-04-06,WZQS5758NP,,0,0,,2.20359509247,50.780399967531636,2.713849905995973
5042304,E,7,0,,A,D,37.47,,2Ø45,1,0,1,0,,0,1,B,0,0,0,0,0,0,,,,,0,0,,37.4582031285,50.77830484591032,2.7177555762410917
5042575,E,7,0,,A,D,14.96,,1Ø45,1,0,1,0,,0,1,B,0,0,0,0,0,0,,,,,0,0,,14.9577098959,50.780052269938004,2.7208479682371016
5043272,E,7,0,,A,D,16.62,P/59535,1Ø45,1,0,1,0,,0,1,B,0,0,0,0,0,0,,2021-04-06,WZQS5758NP,,0,0,,16.6156469596,50.776327273629455,2.7150477097436667
5045561,E,7,0,,A,D,15.73,,1Ø33,1,0,1,0,,0,1,B,0,0,0,0,0,0,,,,,0,0,,15.7296802693,50.7813194244893,2.740212197321652
5045567,E,3,0,,N,D,2.6,,,1,0,1,0,,0,1,,0,0,0,0,0,0,,,,,0,0,,2.5967855108,50.77974406403328,2.7270669663203417
5045857,E,4,0,,N,D,108.48,P/59535,,1,0,1,0,,1,1,B,0,0,0,0,0,0,,2021-04-07,WZQS5758NP,,0,0,,108.480229477,50.77607106872863,2.7382973066366407
5050501,E,4,0,,N,D,353.99,P/59535,,1,0,1,0,,1,1,B,0,0,0,0,0,0,,2021-04-02,WZQS5758NP,,0,0,,353.937069066,50.77326436888358,2.713093296135527
5050512,E,7,0,,A,D,8.14,P/59535,3Ø45,1,0,1,0,,0,1,B,0,0,0,0,0,0,,2021-04-02,WZQS5758NP,,0,0,,8.14181848924,50.76747419782965,2.7096606427475676
5050893,E,7,0,,A,D,53.27,P/59535,1Ø45,1,0,1,0,,0,1,B,0,0,0,0,0,0,,2021-04-06,WZQS5758NP,,0,0,,53.2670954409,50.76823349238181,2.7190381684649596
5050896,E,7,0,,A,D,10.37,,1Ø45,1,0,1,0,,0,1,B,0,0,0,0,0,0,,,,,0,0,,10.3690404992,50.76860656075018,2.718337857373356
5050910,E,7,0,,A,D,45.3,,1Ø45,1,0,1,0,,0,1,B,0,0,0,0,0,0,,,,,0,0,,45.2884989106,50.768554094173005,2.718073769189323
5051481,E,7,0,,A,D,17.06,P/59535,1Ø45,1,0,1,0,,0,1,B,0,0,0,0,0,0,,2021-04-06,WZQS5758NP,,0,0,,17.0611430435,50.767297007619504,2.7183862551587
5051577,E,7,0,,A,D,19.37,,1Ø45,1,0,1,0,,0,1,B,0,0,0,0,0,0,,,,,0,0,,19.3624375968,50.76612938987572,2.717872864308359
5051580,E,7,0,,A,D,14.28,,1Ø45,1,0,1,0,,0,1,B,0,0,0,0,0,0,,,,,0,0,,14.2754883189,50.765986184650885,2.7178507209550187
5051620,E,7,0,,A,D,10.83,,1Ø45,1,0,1,0,,0,1,B,0,0,0,0,0,0,,,,,0,0,,10.8236570476,50.767004271293594,2.717440199448222
5051710,E,7,0,,A,D,21.69,,1Ø45,1,0,1,0,,0,1,B,0,0,0,0,0,0,,,,,0,0,,21.6833715457,50.766495905104456,2.717368945047243
5051814,E,7,0,,A,D,8.62,,1Ø45,1,0,1,0,,0,1,B,0,0,0,0,0,0,,,,,0,0,,8.61609146301,50.76636967750378,2.7170127969949007
5051819,E,7,0,,A,D,14.94,,1Ø45,1,0,1,0,,0,1,B,0,0,0,0,0,0,,,,,0,0,,14.9343465215,50.76640809541579,2.716902773155452
5052133,E,7,0,,A,D,0.86,P/59535,2Ø45,1,0,1,0,,0,1,B,0,0,0,0,0,0,,2021-04-06,WZQS5758NP,,0,0,,0.861996891239,50.76586258413127,2.7164410780282697
5052141,E,7,0,,A,D,46.02,,2Ø45,1,0,1,0,,0,1,B,0,0,0,0,0,0,,,,,0,0,,46.0100162487,50.765177586682825,2.7182032088789825
5052413,E,7,0,,A,D,25.14,,1Ø45,1,0,1,0,,0,1,B,0,0,0,0,0,0,,,,,0,0,,25.1355289195,50.76680444128811,2.7194200361334477
5052414,E,7,0,,A,D,38.92,,1Ø45,1,0,1,0,,0,1,B,0,0,0,0,0,0,,,,,0,0,,38.9150698151,50.76686378513226,2.719423253863518
5052731,E,7,0,,A,D,41.54,,1Ø45,1,0,1,0,,0,1,B,0,0,0,0,0,0,,,,,0,0,,41.5300886756,50.768743403688084,2.720101251480611
5052732,E,7,0,,A,D,19.49,,2Ø45,1,0,1,0,,0,1,B,0,0,0,0,0,0,,,,,0,0,,19.4792630924,50.76869753271689,2.720226517019471
5054026,E,7,0,,A,D,13.32,,1Ø45,1,0,1,0,,0,1,B,0,0,0,0,0,0,,,,,0,0,,13.312270587,50.76594251464263,2.7228924912288996
5054029,E,7,0,,A,D,40.27,P/59535,1Ø45,1,0,1,0,,0,1,B,0,0,0,0,0,0,,2021-04-07,WZQS5758NP,,0,0,,40.2660276595,50.76583997969273,2.7230511182965023
5054031,E,7,0,,A,D,72.32,,3Ø45,1,0,1,0,,0,1,B,0,0,0,0,0,0,,,,,0,0,,72.2970822156,50.765608569447224,2.7234267820567966
5054329,E,7,0,,A,D,16.55,P/59535,1Ø45,1,0,1,0,,0,1,B,0,0,0,0,0,0,,2021-04-07,WZQS5758NP,,0,0,,16.542537456,50.76603059569949,2.7228150446691535
5054332,E,7,0,,A,D,21.91,,1Ø45,1,0,1,0,,0,1,B,0,0,0,0,0,0,,,,,0,0,,21.9023330842,50.76640669572815,2.7224739608487334
5054335,E,7,0,,A,D,7.47,,3Ø45,1,0,1,0,,0,1,B,0,0,0,0,0,0,,,,,0,0,,7.46914207766,50.766012346510806,2.72294511376241
5054721,E,7,0,,A,D,49.81,,1Ø45,1,0,1,0,,0,1,B,0,0,0,0,0,0,,,,,0,0,,49.7986536918,50.76715853931958,2.722049658455953
5054725,E,7,0,,A,D,13.7,,1Ø45,1,0,1,0,,0,1,B,0,0,0,0,0,0,,,,,0,0,,13.6991532086,50.76761799751765,2.721894613466875
5054854,E,7,0,,A,D,36.76,,1Ø45,1,0,1,0,,0,1,B,0,0,0,0,0,0,,,,,0,0,,36.7510598728,50.76712976595537,2.7234808677393936
5054859,E,7,0,,A,D,40.79,,1Ø45,1,0,1,0,,0,1,B,0,0,0,0,0,0,,,,,0,0,,40.7801780844,50.76659803031165,2.7236740184530066
5054968,E,7,0,,A,D,10.6,,4Ø45,1,0,1,0,,0,1,B,0,0,0,0,0,0,,,,,0,0,,10.5952624949,50.76504831638665,2.7231545215416926
5054969,E,7,0,,A,D,13.62,P/59535,1Ø45,1,0,1,0,,0,1,B,0,0,0,0,0,0,,2021-04-07,WZQS5758NP,,0,0,,13.6103862869,50.76532587875309,2.723268095122329
5055360,E,7,0,,A,D,5.97,P/59535,2Ø45,1,0,1,0,,0,1,B,0,0,0,0,0,0,,2021-04-07,WZQS5758NP,,0,0,,5.97309702073,50.77006362659736,2.7280473204728883
5055609,E,4,0,,N,D,150.29,,,1,0,1,0,,0,1,B,0,0,0,0,0,0,,,,,0,0,,150.23396245,50.77085195879988,2.722398291657281
5056034,E,7,0,,A,D,106.51,,5Ø45,1,0,1,0,,0,1,B,0,0,0,0,0,0,,,,,0,0,,106.503223887,50.76761060680764,2.7252953562702755
5056041,E,7,0,,A,D,39.81,,2Ø45,1,0,1,0,,0,1,B,0,0,0,0,0,0,,,,,0,0,,39.8011315084,50.767349950199915,2.725063247130461
5056852,E,7,0,,A,D,77.76,,2Ø45,1,0,1,0,,0,1,B,0,0,0,0,0,0,,,,,0,0,,77.7239034693,50.77524618910361,2.738480853105804
5056853,E,7,0,,A,D,39.52,,1Ø45,1,0,1,0,,0,1,B,0,0,0,0,0,0,,,,,0,0,,39.4905586912,50.77542580649381,2.738359935428226
5058032,E,7,0,,A,D,2.93,,1Ø45,1,0,1,0,,0,1,B,0,0,0,0,0,0,,,,,0,0,,2.929724578,50.774650862682776,2.74264166865846
5070006,E,7,0,,A,D,36.99,,2Ø45,1,0,1,0,,0,1,B,0,0,0,0,0,0,,,,,0,0,,36.9906060684,50.76414240029132,2.7190748236887496
5070010,E,7,0,,A,D,3.28,,1Ø45,1,0,1,0,,0,1,B,0,0,0,0,0,0,,,,,0,0,,3.2783273245,50.764318669541325,2.719233671540725
5070041,E,7,0,,A,D,109.23,,3Ø45,1,0,1,0,,0,1,B,0,0,0,0,0,0,,,,,0,0,,109.207025283,50.7633762398853,2.721589439447648
5070936,E,7,0,,A,D,69.99,,2Ø45,1,0,1,0,,0,1,B,0,0,0,0,0,0,,,,,0,0,,69.9638954788,50.76539181999146,2.7149346220220787
5070940,E,7,0,,A,D,13.27,,2Ø45,1,0,1,0,,0,1,B,0,0,0,0,0,0,,,,,0,0,,13.2619917821,50.76534665277456,2.7144011932866556
5070942,E,7,0,,A,D,79.68,,2Ø45,1,0,1,0,,0,1,B,0,0,0,0,0,0,,,,,0,0,,79.676431509,50.76618081231218,2.7138374497390614
5070943,E,7,0,,A,D,44.71,,3Ø45,1,0,1,0,,0,1,B,0,0,0,0,0,0,,,,,0,0,,44.7036222615,50.76618838257951,2.714085881908466
5071044,E,7,0,,A,D,104.33,,2Ø45,1,0,1,0,,0,1,B,0,0,0,0,0,0,,,,,0,0,,104.327589113,50.76616914671686,2.713066426065563
5071189,E,4,0,,N,D,199.81,P/59535,,1,0,1,0,,1,1,B,0,0,0,0,0,0,,2021-04-02,WZQS5758NP,,0,0,,199.800119169,50.76634075422792,2.706814714633535
5071711,E,2,0,,N,D,22.21,P/59535,,1,0,1,1,,0,1,,0,0,0,0,0,0,,2021-04-08,WZQS5758NP,,0,0,,22.2051566236,50.76317536613575,2.7209482274324803
5072827,E,7,0,,A,D,71.96,,5Ø45,1,0,1,0,,0,1,B,0,0,0,0,0,0,,,,,0,0,,71.9606366762,50.7612402482548,2.7233677876006377
5072832,E,7,0,,A,D,42.42,,3Ø45,1,0,1,0,,0,1,B,0,0,0,0,0,0,,,,,0,0,,42.4057918483,50.766444667085715,2.724158679217347
5072988,E,0,0,,N,D,62.03,P/59535,,1,0,1,0,,0,1,,0,0,0,0,0,0,,2021-04-08,WZQS5758NP,,0,0,,62.0306895037,50.76155812793912,2.7236234110352857
5518353,E,7,0,,A,D,58.72,P/59535,PEHD:1Ø40,321,0,1,0,,0,0,B,0,0,1,1,0,0,,2021-04-02,WZQS5758NP,,0,0,,58.7062293955,50.763733896272804,2.7092082382986526
6620458,E,7,0,,,T,148.0,,PEHD:1Ø40,321,0,1,0,,0,0,B,0,0,0,0,0,0,,2016-01-07,jzcq3346,,0,0,,108.589446459,50.77840671355601,2.7366597400568295
6884619,E,0,0,,,D,107.62,PAR59535,,1,0,1,0,,0,1,,0,0,0,0,0,0,,2017-01-06,QSNK0093NP,,0,0,,107.623260396,50.779631540916455,2.7081205062345357
6884620,E,0,0,,,D,36.08,PAR59535,,1,0,1,0,,0,1,,0,0,0,0,0,0,,2017-01-06,QSNK0093NP,,0,0,,36.0849951726,50.78025449634702,2.7139271126477373
6884698,E,0,0,,,D,39.55,P/59535,,1,0,1,0,,0,1,,0,0,0,0,0,0,,2021-04-02,WZQS5758NP,,0,0,,39.5465328202,50.756737023541895,2.7081261676297674
7036869,E,7,0,,,D,0.98,,PEHD:2Ø40,321,0,1,0,,0,0,C,0,0,0,0,0,0,,2017-10-09,nlzh9590,BER700721,0,0,,0.981661689347,50.764466866588876,2.722154204045361
7616283,E,7,0,,,D,8.69,P/59535,PEHD:1Ø60,321,0,1,0,,0,0,B,0,0,0,0,0,0,,2021-04-02,WZQS5758NP,,0,0,,8.68797446956,50.7587857333757,2.708570730041057
7761844,E,7,0,,,D,2.32,,1Ø45,1,0,1,0,,0,1,A,10,10,0,0,0,0,,2021-03-08,JFHC8005NP,,0,0,,2.31800420939,50.76628676370165,2.7083828593179566
7761845,E,7,0,,,D,2.64,,1Ø45,1,0,1,0,,0,1,A,10,10,0,0,0,0,,2021-03-08,JFHC8005NP,,0,0,,2.6420992252,50.76628129910409,2.708385807745866
7762228,E,7,0,,,D,116.38,,3Ø45,1,0,1,0,,0,1,A,30,10,0,0,0,0,,2021-03-09,JFHC8005NP,,0,0,,116.382964161,50.765594042442004,2.708592961845592
7762231,E,7,0,,,D,75.15,,1Ø45,1,0,1,0,,0,1,A,10,10,0,0,0,0,,2021-03-09,JFHC8005NP,,0,0,,75.1530990823,50.765414843068825,2.7086031383087836
7762501,E,7,0,,,D,160.33,,3Ø45,1,0,1,0,,0,1,A,30,10,0,0,0,0,,2021-03-09,JFHC8005NP,,0,0,,160.326384011,50.764358122330215,2.708722407926789
7762506,E,7,0,,,D,17.66,,1Ø45,1,0,1,0,,0,1,A,10,10,0,0,0,0,,2021-03-09,JFHC8005NP,,0,0,,17.6576118041,50.764992764031405,2.7086571828114203
7762695,E,7,0,,,D,20.88,,1Ø45,1,0,1,0,,0,1,A,10,10,0,0,0,0,,2021-03-09,JFHC8005NP,,0,0,,20.8756974382,50.76346699138908,2.7087220949875954
7781766,E,4,0,,N,D,22.72,P/59535,,1,0,1,1,,1,1,B,0,0,0,0,0,0,,2021-04-02,WZQS5758NP,,0,0,,22.7181663925,50.76103960600525,2.708697575487727
7781774,E,4,0,,,D,35.28,P/59535,,1,0,1,0,,2,1,B,0,0,0,0,0,0,,2021-04-14,WZQS5758NP,,0,0,,35.2751059313,50.76348167167981,2.708725725244695
7781954,E,7,0,,,D,35.31,P/59535,2Ø45,1,0,1,0,,0,1,B,0,0,0,0,0,0,,2021-04-02,WZQS5758NP,,0,0,,35.3053213389,50.76678749826275,2.7082893640779657
7782100,E,4,0,,,D,2.17,P/59535,,1,0,1,0,,1,1,B,0,0,0,0,0,0,,2021-04-02,WZQS5758NP,,0,0,,2.17235663539,50.76857581773243,2.710735546846067
7783295,E,3,0,,,D,1.02,P/59535,,1,0,1,0,,0,1,,0,0,0,0,0,0,,2021-04-06,WZQS5758NP,,0,0,,1.02204596873,50.779241359702425,2.7319284704250677
7783352,E,7,0,,A,D,19.71,P/59535,PEHD:1Ø40,321,0,1,0,,0,0,B,0,0,1,1,0,0,,2021-04-06,WZQS5758NP,,0,0,,19.702824666,50.78146573359699,2.7406853779347125
7783363,E,3,0,,,D,1.87,P/59535,,1,0,1,0,,0,1,,0,0,0,0,0,0,,2021-04-06,WZQS5758NP,,0,0,,1.8672842913,50.7795147834571,2.718908855066161
7783370,E,4,0,,N,D,195.42,P/59535,,1,0,1,0,,1,1,B,0,0,0,0,0,0,,2021-04-06,WZQS5758NP,,0,0,,195.4091911,50.77770743116024,2.716606230300824
7783417,E,7,0,,,D,4.57,P/59535,1Ø45,1,0,1,0,,0,1,B,0,0,0,0,0,0,,2021-04-06,WZQS5758NP,,0,0,,4.57395546045,50.76651118730919,2.7177661955352512
7783418,E,7,0,,,D,4.57,P/59535,1Ø45,1,0,1,0,,0,1,B,0,0,0,0,0,0,,2021-04-06,WZQS5758NP,,0,0,,4.57443323465,50.76654504207289,2.717788206745093
7783420,E,7,0,,,D,5.03,P/59535,1Ø45,1,0,1,0,,0,1,B,0,0,0,0,0,0,,2021-04-06,WZQS5758NP,,0,0,,5.03132967835,50.766512817479246,2.717987151402517
7783421,E,7,0,,,D,4.97,P/59535,1Ø45,1,0,1,0,,0,1,B,0,0,0,0,0,0,,2021-04-06,WZQS5758NP,,0,0,,4.97095579725,50.76655328155575,2.7180142084277485
7783424,E,7,0,,,D,6.91,P/59535,1Ø45,1,0,1,0,,0,1,B,0,0,0,0,0,0,,2021-04-06,WZQS5758NP,,0,0,,6.91305031499,50.765961113058914,2.7177620480203357
7783678,E,2,0,,,D,12.39,,,1,0,1,0,,0,1,,0,0,0,0,0,0,,2021-04-06,WZQS5758NP,,0,0,,12.3869592161,50.7645596689991,2.719837955631161
7784026,E,0,0,,,D,33.58,P/59535,,1,0,1,0,,0,1,,0,0,0,0,0,0,,2021-04-07,WZQS5758NP,,0,0,,33.577918945,50.764545776790904,2.722361442929141
7784259,E,0,0,,,D,40.78,P/59535,,1,0,1,0,,0,1,,0,0,0,0,0,0,,2021-04-07,WZQS5758NP,,0,0,,40.7789744995,50.76594238562307,2.724123882208437
7784318,E,4,0,,,D,3.37,P/59535,,1,0,1,0,,1,1,B,0,0,0,0,0,0,,2021-04-07,WZQS5758NP,,0,0,,3.36735161847,50.76900048695198,2.726592751237506
7784319,E,4,0,,N,D,27.95,P/59535,,1,0,1,0,,3,1,B,0,0,0,0,0,0,,2021-04-14,WZQS5758NP,,0,0,,27.9465721032,50.76910808502814,2.7267075409528423
7784484,E,4,0,,N,D,35.39,P/59535,,1,0,1,1,,2,1,B,0,0,0,0,0,0,,2021-04-14,WZQS5758NP,,0,0,,35.3926314839,50.76613805117768,2.7293152009981623
7784496,E,3,0,,,D,9.21,P/59535,,1,0,1,0,,0,1,,0,0,0,0,0,0,,2021-04-07,WZQS5758NP,,0,0,,9.20881764601,50.767855230756055,2.7312629830533375
7784580,E,4,0,,,D,0.46,P/59535,,1,0,1,0,,1,1,B,0,0,0,0,0,0,,2021-04-07,WZQS5758NP,,0,0,,0.464160985968,50.76921871639027,2.726798530839488
7784588,E,7,0,,,D,5.31,P/59535,2Ø45,1,0,1,0,,0,1,B,0,0,0,0,0,0,,2021-04-07,WZQS5758NP,,0,0,,5.30870186264,50.7698057547978,2.7276132642526347
7785914,E,7,0,,,D,119.57,P/59535,2Ø45,1,0,1,0,,0,1,B,0,0,0,0,0,0,,2021-04-08,WZQS5758NP,,0,0,,119.569904456,50.76778996252506,2.732261770911475
7791103,E,4,0,,,D,13.3,P/59470,,1,0,1,0,,1,1,B,0,0,0,0,0,0,,2021-04-14,WZQS5758NP,,0,0,,13.296869045,50.75686273962662,2.711537680462576
7791463,E,4,0,,,D,2.48,P/59535,,1,0,1,0,,1,1,B,0,0,0,0,0,0,,2021-04-07,WZQS5758NP,,0,0,,2.47241775702,50.775356048596464,2.7383030366094077
8242625,E,7,0,,,D,22.18,,2Ø45,1,0,1,0,,0,1,C,0,0,0,0,0,0,,2025-05-28,CWKB7174,,0,0,,22.162570427,50.78031148121676,2.7227795938571844
3180911,E,7,0,,A,D,9.88,02A9615D01FCC49E1C22F58B5C64B127,4 Ø45,1,0,1,1,,0,1,B,0,0,0,0,0,0,,,,,0,0,,9.87546640051,50.76448235118722,2.7198411016646165
3181690,E,7,0,,A,D,26.43,02A96157775138021C22F5D81E6918C5,1 Ø45,1,0,1,1,,0,1,B,0,0,0,0,0,0,,,,,0,0,,26.4276708804,50.75958173887385,2.7256001581805682
3181693,E,7,0,,A,D,39.22,02A96157775018331C22F5D83C691BB2,1 Ø45,1,0,1,1,,0,1,B,0,0,0,0,0,0,,,,,0,0,,39.2195374211,50.759497894081434,2.7253142200875216
3181696,E,7,0,,A,D,29.96,02A9640C8F326D761C22F5D93369212E,1 Ø45,1,0,1,1,,0,1,B,0,0,0,0,0,0,,,,,0,0,,29.9555488655,50.76849530620427,2.7399778787960525
3181697,E,7,0,,A,D,8.64,02A9640CB1E558E91C22F5D9546922C8,1 Ø45,1,0,1,1,,0,1,B,0,0,0,0,0,0,,,,,0,0,,8.63751315945,50.769122358160125,2.74100825706527
3181699,E,7,0,,A,D,3.21,02A9640C8F688E0D1C22F5D9C7692987,1 Ø45,1,0,1,1,,0,1,B,0,0,0,0,0,0,,,,,0,0,,3.21044788528,50.76856938229412,2.74013079842696
3181704,E,7,0,,A,D,10.12,02A9640C9AFA86191C22F5DA08692E08,1 Ø45,1,0,1,1,,0,1,B,0,0,0,0,0,0,,,,,0,0,,10.1188951051,50.76879668750001,2.740626494321077
3181718,E,7,0,,A,D,14.75,02A96408DDF1D5581C22F5DB82694C21,3 Ø45,1,0,1,1,,0,1,B,0,0,0,0,0,0,,,,,0,0,,14.750470779,50.76832921610155,2.7320890767120907
3829740,E,7,0,,A,D,7.79,,1Ø45,1,0,1,0,,0,1,B,0,0,0,0,0,0,,,,,0,0,,7.78457508159,50.76395149713045,2.721660639838074
4986874,E,7,0,,A,D,208.6,,3Ø45,1,0,1,0,OP<12 Fo  FU592447/F41100012 1022m,0,1,B,0,0,0,0,0,0,,,,,0,0,,208.58163304,50.78021730909339,2.728355020465346
4987608,E,7,0,,A,D,10.11,,2Ø45,1,0,1,0,,0,1,B,0,0,0,0,0,0,,,,,0,0,,10.1100481356,50.779572022837876,2.7328230351840177
4987613,E,7,0,,A,D,64.5,,2Ø45,1,0,1,0,,0,1,B,0,0,0,0,0,0,,,,,0,0,,64.4781224971,50.77947549076935,2.73397809835446
4987748,E,7,0,,A,D,233.07,,3Ø45,1,0,1,0,,0,1,B,0,0,0,0,0,0,,,,,0,0,,233.010805622,50.779379374218344,2.736930588076936
5042137,E,7,0,,A,D,46.24,,1Ø45,1,0,1,0,,0,1,B,0,0,0,0,0,0,,,,,0,0,,46.230196095,50.779605903086704,2.719150943961164
5042568,E,4,0,,N,D,156.44,P/59535,,1,0,1,0,,1,1,B,0,0,0,0,0,0,,2021-04-06,WZQS5758NP,,0,0,,156.437679361,50.78068795852396,2.7200943928172934
5042572,E,7,0,,A,D,91.2,,2Ø45,1,0,1,0,,0,1,B,0,0,0,0,0,0,,,,,0,0,,91.1827898619,50.78038596388296,2.722270806807605
5045295,E,4,0,,N,D,60.45,P/59535,,1,0,1,0,,1,1,B,0,0,0,0,0,0,,2021-04-07,WZQS5758NP,,0,0,,60.4259193363,50.77665371522275,2.7377339283605977
5045568,E,7,0,,A,D,68.96,P/59535,1Ø45,1,0,1,0,,0,1,B,0,0,0,0,0,0,,2021-04-06,WZQS5758NP,,0,0,,68.9561812147,50.77972903334124,2.727597839677449
5050111,E,7,0,,A,D,30.0,,1Ø45,1,0,1,0,,0,1,B,0,0,0,0,0,0,,,,,0,0,,29.9975992185,50.766960572197114,2.7181506377847295
5050112,E,7,0,,A,D,10.7,P/59535,1Ø45,1,0,1,0,,0,1,B,0,0,0,0,0,0,,2021-04-06,WZQS5758NP,,0,0,,10.7026785045,50.76709557073354,2.718268491228727
5050234,E,7,0,,A,D,296.25,,5Ø45,1,0,1,0,"OP<36 Fo  FU592447/F40891 1329,99m",0,1,B,0,0,0,0,0,0,,,,,0,0,,296.160317213,50.76786781059625,2.7079170434652067
5050236,E,4,0,,N,D,64.63,P/59535,,1,0,1,0,,1,1,B,0,0,0,0,0,0,,2021-04-02,WZQS5758NP,,0,0,,64.6102771608,50.76720941437018,2.7096175495695483
5050237,E,7,0,,A,D,130.3,,5Ø45,1,0,1,0,"OP<36 Fo  FU592447/F40891 1329,99m",0,1,B,0,0,0,0,0,0,,,,,0,0,,130.29323948,50.76672245573477,2.7099372728143014
5050240,E,7,0,,A,D,3.44,,1Ø45,1,0,1,0,,0,1,B,0,0,0,0,0,0,,,,,0,0,,3.43963317396,50.76674335650857,2.7097620209328284
5050500,E,4,0,,N,D,16.42,P/59535,,1,0,1,0,,1,1,B,0,0,0,0,0,0,,2021-04-02,WZQS5758NP,,0,0,,16.4148566816,50.77500106387864,2.7131245466822103
5051364,E,7,0,,A,D,12.03,,1Ø45,1,0,1,0,,0,1,B,0,0,0,0,0,0,,,,,0,0,,12.0271392542,50.76774950890184,2.718535002303757
5051366,E,7,0,,A,D,23.94,,1Ø45,1,0,1,0,,0,1,B,0,0,0,0,0,0,,,,,0,0,,23.9378983595,50.76780455734161,2.7185611092129496
5051376,E,7,0,,A,D,8.97,P/59535,1Ø45,1,0,1,0,,0,1,B,0,0,0,0,0,0,,2021-04-06,WZQS5758NP,,0,0,,8.96363277721,50.76786525242404,2.7177834488459016
5051462,E,7,0,,A,D,6.58,,1Ø45,1,0,1,0,,0,1,B,0,0,0,0,0,0,,,,,0,0,,6.58054930345,50.76779634235791,2.7177579935504217
5051464,E,7,0,,A,D,38.71,P/59535,1Ø45,1,0,1,0,,0,1,B,0,0,0,0,0,0,,2021-04-06,WZQS5758NP,,0,0,,38.7061023462,50.76765507965105,2.7177078742698577
5051476,E,7,0,,A,D,7.75,,1Ø45,1,0,1,0,,0,1,B,0,0,0,0,0,0,,,,,0,0,,7.75050947765,50.767223764172385,2.7182843402200385
5051479,E,7,0,,A,D,12.35,P/59535,1Ø45,1,0,1,0,,0,1,B,0,0,0,0,0,0,,2021-04-06,WZQS5758NP,,0,0,,12.3447530377,50.767658186970024,2.7185631073809033
5051487,E,7,0,,A,D,10.2,,1Ø45,1,0,1,0,,0,1,B,0,0,0,0,0,0,,,,,0,0,,10.2012060614,50.76650419459332,2.7178318054426587
5051622,E,7,0,,A,D,52.07,,3Ø45,1,0,1,0,,0,1,B,0,0,0,0,0,0,,,,,0,0,,52.064717531,50.766894065696754,2.7178118697467193
5051629,E,7,0,,A,D,7.65,,1Ø45,1,0,1,0,,0,1,B,0,0,0,0,0,0,,,,,0,0,,7.65049683958,50.76706498563054,2.7181767735131457
5051709,E,7,0,,A,D,22.55,,1Ø45,1,0,1,0,,0,1,B,0,0,0,0,0,0,,,,,0,0,,22.5461050251,50.76650195252829,2.7173813746878834
5051712,E,7,0,,A,D,58.25,,2Ø45,1,0,1,0,,0,1,B,0,0,0,0,0,0,,,,,0,0,,58.2397190689,50.766265878471884,2.717844537494047
5051813,E,7,0,,A,D,34.67,,3Ø45,1,0,1,0,,0,1,B,0,0,0,0,0,0,,,,,0,0,,34.665134172,50.766335912605484,2.7172109296081985
5051815,E,7,0,,A,D,17.42,,1Ø45,1,0,1,0,,0,1,B,0,0,0,0,0,0,,,,,0,0,,17.4140441207,50.76636057778456,2.7170741082449608
5051820,E,7,0,,A,D,7.53,,1Ø45,1,0,1,0,,0,1,B,0,0,0,0,0,0,,,,,0,0,,7.52537718102,50.76638492439789,2.716947829038759
5052140,E,7,0,,A,D,96.72,,5Ø45,1,0,1,0,OP<36 Fo  FU592447/F40890 2145m,0,1,B,0,0,0,0,0,0,,,,,0,0,,96.713015581,50.765289016159606,2.7178915953435916
5052407,E,7,0,,A,D,48.08,,3Ø45,1,0,1,0,,0,1,B,0,0,0,0,0,0,,,,,0,0,,48.0705991125,50.76651393022314,2.719237157568979
5052416,E,7,0,,A,D,84.98,,3Ø45,1,0,1,0,,0,1,B,0,0,0,0,0,0,,,,,0,0,,84.9722316989,50.76747790239853,2.7197790354910962
5054025,E,7,0,,A,D,89.01,,3Ø45,1,0,1,0,,0,1,B,0,0,0,0,0,0,,,,,0,0,,88.9862207161,50.765667371263426,2.723239545791946
5054027,E,7,0,,A,D,17.86,P/59535,1Ø45,1,0,1,0,,0,1,B,0,0,0,0,0,0,,2021-04-07,WZQS5758NP,,0,0,,17.8490658942,50.76592323880203,2.722942602721052
5054299,E,7,0,,A,D,21.7,,1Ø45,1,0,1,0,,0,1,B,0,0,0,0,0,0,,,,,0,0,,21.6938222314,50.76745971043423,2.721942451892138
5054300,E,7,0,,A,D,26.39,,1Ø45,1,0,1,0,,0,1,B,0,0,0,0,0,0,,,,,0,0,,26.3927532491,50.767439052927784,2.7219490289188033
5054323,E,7,0,,A,D,27.79,,1Ø45,1,0,1,0,,0,1,B,0,0,0,0,0,0,,,,,0,0,,27.7684825572,50.76664551827275,2.7229114435145942
5054732,E,7,0,,A,D,20.15,,1Ø45,1,0,1,0,,0,1,B,0,0,0,0,0,0,,,,,0,0,,20.1474676958,50.76755392293967,2.722939960608602
5054736,E,7,0,,A,D,31.63,,1Ø45,1,0,1,0,,0,1,B,0,0,0,0,0,0,,,,,0,0,,31.6144901714,50.76746735072137,2.7232713317368193
5054850,E,7,0,,A,D,66.03,,3Ø45,1,0,1,0,,0,1,B,0,0,0,0,0,0,,,,,0,0,,66.0165078907,50.767004494911426,2.7234247821525672
5054862,E,7,0,,A,D,61.57,,2Ø45,1,0,1,0,,0,1,B,0,0,0,0,0,0,,,,,0,0,,61.5558397683,50.76661396056997,2.72320750451021
5054962,E,7,0,,A,D,9.78,,1Ø45,1,0,1,0,,0,1,B,0,0,0,0,0,0,,,,,0,0,,9.7665641326,50.76586460967646,2.7236106445312194
5054971,E,7,0,,A,D,67.7,,4Ø45,1,0,1,0,,0,1,B,0,0,0,0,0,0,,,,,0,0,,67.6952132193,50.76560144263187,2.7236250652254324
5054976,E,7,0,,A,D,6.29,P/59535,2Ø45,1,0,1,0,,0,1,B,0,0,0,0,0,0,,2021-04-07,WZQS5758NP,,0,0,,6.28634991685,50.765838772789216,2.7280283600557276
5056035,E,7,0,,A,D,13.73,,2Ø45,1,0,1,0,,0,1,B,0,0,0,0,0,0,,,,,0,0,,13.7338754779,50.76806170548301,2.725741740305506
5056578,E,7,0,,N,D,7.92,P/59535,3Ø45,1,0,1,0,,0,1,B,0,0,0,0,0,0,,2021-04-07,WZQS5758NP,,0,0,,7.92101998724,50.770493494902894,2.7291602869722293
5056754,E,7,0,,A,D,17.64,02A9640E0E82D6371C22F5DA7D693769,2 Ø45,1,0,1,0,,0,1,B,0,0,0,0,0,0,,,,,0,0,,17.6391485903,50.77197838779315,2.73958024199543
5069176,E,7,0,,A,D,6.74,,1Ø45,1,0,1,0,,0,1,B,0,0,0,0,0,0,,,,,0,0,,6.74184616085,50.76403854371636,2.7189353732795674
5069177,E,7,0,,A,D,7.59,,1Ø45,1,0,1,0,,0,1,B,0,0,0,0,0,0,,,,,0,0,,7.59248930759,50.764083308994515,2.718903465211036
5069183,E,7,0,,A,D,7.32,,1Ø45,1,0,1,0,,0,1,B,0,0,0,0,0,0,,,,,0,0,,7.3169858208,50.763943049283725,2.718719555584446
5070011,E,7,0,,A,D,6.48,,1Ø45,1,0,1,0,,0,1,B,0,0,0,0,0,0,,,,,0,0,,6.47937779924,50.76429376047247,2.7192649937193374
5070013,E,7,0,,A,D,10.33,,1Ø45,1,0,1,0,,0,1,B,0,0,0,0,0,0,,,,,0,0,,10.3300424789,50.764235107183936,2.719193320713911
5070078,E,7,0,,A,D,12.69,,1Ø45,1,0,1,0,,0,1,B,0,0,0,0,0,0,,,,,0,0,,12.6845938341,50.76407385937214,2.7192271311692577
5070080,E,7,0,,A,D,13.98,,1Ø45,1,0,1,0,,0,1,B,0,0,0,0,0,0,,,,,0,0,,13.9761857435,50.764069385709846,2.7192210802452634
5070107,E,7,0,,A,D,6.61,,1Ø45,1,0,1,0,,0,1,B,0,0,0,0,0,0,,,,,0,0,,6.61171392125,50.76372680840494,2.7179538761074915
5070169,E,7,0,,A,D,49.9,,2Ø45,1,0,1,0,,0,1,B,0,0,0,0,0,0,,,,,0,0,,49.8935639446,50.76315095159648,2.7200939310530887
5070176,E,7,0,,A,D,17.72,,1Ø45,1,0,1,0,,0,1,B,0,0,0,0,0,0,,,,,0,0,,17.717014785,50.764178583862275,2.7193611540898073
5070937,E,7,0,,A,D,40.74,,2Ø45,1,0,1,0,,0,1,B,0,0,0,0,0,0,,,,,0,0,,40.7322045975,50.76551603474842,2.714581909038645
5071051,E,7,0,,A,D,23.8,P/59535,1Ø45,1,0,1,0,,0,1,B,0,0,0,0,0,0,,2021-04-06,WZQS5758NP,,0,0,,23.7918588505,50.766256304574924,2.7129687192153487
5071052,E,7,0,,A,D,68.83,P/59535,1Ø45,1,0,1,0,,0,1,B,0,0,0,0,0,0,,2021-04-06,WZQS5758NP,,0,0,,68.8262365274,50.76625867250626,2.7126509344379985
5071699,E,7,0,,A,D,17.66,,1Ø45,1,0,1,0,,0,1,B,0,0,0,0,0,0,,,,,0,0,,17.6603150412,50.762790607284124,2.7216356177314522
5071708,E,2,0,,N,D,25.56,P/59535,,1,0,1,0,,0,1,,0,0,0,0,0,0,,2021-04-06,WZQS5758NP,,0,0,,25.5560777666,50.76592670383837,2.7162834436314784
5072824,E,7,0,,A,D,87.69,,5Ø45,1,0,1,0,,0,1,B,0,0,0,0,0,0,,,,,0,0,,87.6738410305,50.76191219181188,2.722962413647297
5072830,E,7,0,,A,D,147.4,,4Ø60+3Ø45,1,0,1,0,OP<36 Fo  FU592447/F40890 2145m,0,1,B,0,0,0,0,0,0,,,,,0,0,,147.385239123,50.75967764277829,2.724463845927738
5072978,E,7,0,,A,D,14.22,P/59535,1Ø45,1,0,1,0,,0,1,B,0,0,0,0,0,0,,2021-04-07,WZQS5758NP,,0,0,,14.2105058045,50.766522743420516,2.7239976210001555
5072979,E,7,0,,A,D,16.55,P/59535,1Ø45,1,0,1,0,,0,1,B,0,0,0,0,0,0,,2021-04-07,WZQS5758NP,,0,0,,16.5444824904,50.76651410974353,2.724010788654913
5072987,E,2,0,,N,D,6.08,P/59535,,1,0,1,0,,0,1,,0,0,0,0,0,0,,2021-04-08,WZQS5758NP,,0,0,,6.07823783674,50.76233339756496,2.7228313358338467
5072989,E,0,0,,N,D,23.82,P/59535,,1,0,1,0,,0,1,,0,0,0,0,0,0,,2021-04-08,WZQS5758NP,,0,0,,23.8247497184,50.76173745325299,2.724098949844466
5326757,E,4,0,,N,D,276.27,,,1,0,1,0,,0,1,B,0,0,0,0,0,0,,,,,0,0,,276.267166048,50.77148178214715,2.744047770723769
5326758,E,4,0,,N,T,2.0,,,1,0,1,0,,0,1,B,0,0,0,0,0,0,,,,,0,0,,1.81046979989,50.77051664787008,2.742843877152918
5342204,E,7,0,,A,D,30.16,,3Ø45,1,0,1,0,,0,1,B,0,0,0,0,0,0,,,,,0,0,,30.1551074344,50.766867013892096,2.709893270148272
6620459,E,7,0,,,D,3.3,,PEHD:1Ø40,321,0,1,0,,0,0,B,0,0,0,0,0,0,,2015-10-21,jzcq3346,,0,0,,3.30143549055,50.7787503207207,2.735836286901981
6884621,E,0,0,,,D,29.07,PAR59535,,1,0,1,0,,0,1,,0,0,0,0,0,0,,2017-01-06,QSNK0093NP,,0,0,,29.0734389176,50.781472877849566,2.7205367247509264
7344881,E,7,0,,,D,31.52,,2Ø45,321,0,1,0,,0,0,C,0,0,0,0,0,0,,2019-03-20,duad6495,,0,0,,31.5243390763,50.768255932974654,2.731846921405494
7545207,E,7,0,,,D,6.02,,2Ø45,1,0,1,0,,0,1,C,0,0,0,0,0,0,,2020-02-26,qspg3090,,0,0,,6.02001879156,50.7812610046027,2.740135860318703
7545210,E,7,0,,,D,1.49,,3Ø45,321,0,1,0,,0,0,C,0,0,0,0,0,0,,2020-02-26,qspg3090,,0,0,,1.48598245434,50.78115645699748,2.739939574122223
7762507,E,7,0,,,D,16.99,,1Ø45,1,0,1,0,,0,1,A,10,10,0,0,0,0,,2021-03-09,JFHC8005NP,,0,0,,16.9916744578,50.765011294246364,2.7086111132436614
7762508,E,7,0,,,D,29.79,,1Ø45,1,0,1,0,,0,1,A,10,10,0,0,0,0,,2021-03-09,JFHC8005NP,,0,0,,29.7861799705,50.763774590677954,2.708767504843312
7781661,E,4,0,,N,D,110.03,P/59535,,1,0,1,1,,1,1,B,0,0,0,0,0,0,,2021-04-02,WZQS5758NP,,0,0,,110.027186839,50.75834623633961,2.7083112210508733
7781767,E,4,0,,N,D,243.76,P/59535,,1,0,1,1,,1,1,B,0,0,0,0,0,0,,2021-04-02,WZQS5758NP,,0,0,,243.760238858,50.76223278208631,2.708767768122611
7781883,E,7,0,,,D,53.25,P/59535,4Ø45,1,0,1,0,,0,1,B,0,0,0,0,0,0,,2021-04-02,WZQS5758NP,,0,0,,53.243555032,50.7665266603333,2.7082363886045924
7782105,E,4,0,,,D,2.9,P/59535,,1,0,1,0,,1,1,B,0,0,0,0,0,0,,2021-04-02,WZQS5758NP,,0,0,,2.89766318195,50.771268433598664,2.7130346873115094
7783368,E,4,0,,N,D,291.1,P/59535,,1,0,1,0,,1,1,B,0,0,0,0,0,0,,2021-04-06,WZQS5758NP,,0,0,,291.043455821,50.7799046403713,2.706027640746724
7783416,E,7,0,,,D,0.92,P/59535,1Ø45,1,0,1,0,,0,1,B,0,0,0,0,0,0,,2021-04-06,WZQS5758NP,,0,0,,0.915099315706,50.765386795154825,2.7144689485861013
7783565,E,7,0,,,D,4.86,P/59535,1Ø45,1,0,1,0,,0,1,B,0,0,0,0,0,0,,2021-04-06,WZQS5758NP,,0,0,,4.86495081099,50.766213570636964,2.717844128562294
7783566,E,7,0,,,D,4.24,P/59535,1Ø45,1,0,1,0,,0,1,B,0,0,0,0,0,0,,2021-04-06,WZQS5758NP,,0,0,,4.24223436056,50.76628739380112,2.717766882101352
7784017,E,2,0,,,D,19.74,P/59535,,1,0,1,0,,0,1,,0,0,0,0,0,0,,2021-04-07,WZQS5758NP,,0,0,,19.7441452478,50.76429271045261,2.720481411472242
7784025,E,0,0,,N,D,29.67,02A9615D43CF4ED71C22F5D6D568FC69,,1,0,1,1,,0,1,,0,0,0,0,0,0,,,,,0,0,,29.6722641688,50.764493000449846,2.7224026737030864
7784261,E,0,0,,,D,0.25,P/59535,,1,0,1,0,,0,1,,0,0,0,0,0,0,,2021-04-07,WZQS5758NP,,0,0,,0.25096740269,50.765755664602864,2.724190747466923
7784270,E,7,0,,,D,7.16,P/59535,2Ø45,1,0,1,0,,0,1,B,0,0,0,0,0,0,,2021-04-07,WZQS5758NP,,0,0,,7.16138479228,50.76561121598403,2.726798435969707
7784495,E,3,0,,,D,2.7,P/59535,,1,0,1,0,,0,1,,0,0,0,0,0,0,,2021-04-07,WZQS5758NP,,0,0,,2.69828642963,50.76778954754302,2.731703591942857
7784801,E,4,0,,N,D,68.46,P/59535,,1,0,1,0,,1,1,B,0,0,0,0,0,0,,2021-04-07,WZQS5758NP,,0,0,,68.4551254427,50.77100586120947,2.728980276723142
7784806,E,4,0,,N,D,27.36,P/59535,,1,0,1,1,,2,1,B,0,0,0,0,0,0,,2021-04-14,WZQS5758NP,,0,0,,27.3584789827,50.77099640732279,2.7305475759471483
7784810,E,4,0,,N,D,75.06,P/59535,,1,0,1,1,,2,1,B,0,0,0,0,0,0,,2021-04-14,WZQS5758NP,,0,0,,75.0642105712,50.771507806536555,2.7312862175480688
7784912,E,4,0,,,D,1.79,P/59535,,1,0,1,0,,1,1,B,0,0,0,0,0,0,,2021-04-07,WZQS5758NP,,0,0,,1.78760672091,50.77023524877842,2.7407531366201967
7785706,E,0,0,,,D,1.21,P/59535,,1,0,1,0,,0,1,,0,0,0,0,0,0,,2021-04-08,WZQS5758NP,,0,0,,1.20518738148,50.76272596007894,2.7197407564310625
7785707,E,0,0,,,D,11.83,P/59535,,1,0,1,0,,0,1,,0,0,0,0,0,0,,2021-04-08,WZQS5758NP,,0,0,,11.8277526866,50.76307005324089,2.7203056552881755
7785710,E,7,0,,,D,2.69,P/59535,2Ø45,1,0,1,0,,0,1,B,0,0,0,0,0,0,,2021-04-08,WZQS5758NP,,0,0,,2.68961640531,50.75489899409404,2.708525930284777
3180909,E,7,0,,A,D,6.14,02A961593DA795591C22F58B0064A896,1 Ø45,1,0,1,1,,0,1,B,0,0,0,0,0,0,,,,,0,0,,6.15673460596,50.766899596725146,2.7088790347225054
3180949,E,3,0,,N,D,6.44,02A96157B72381E21C22F58E9F64EF61,,1,0,1,1,,0,1,,0,0,0,0,0,0,,,,,0,0,,6.43875251859,50.76299183289071,2.721931235322979
3180958,E,7,0,,A,D,2.36,02A961593C93D30F1C22F58F1764F8F2,2 Ø45,1,0,1,1,,0,1,B,0,0,0,0,0,0,,,,,0,0,,2.35895051097,50.76685040245665,2.7085278233965795
3181689,E,7,0,,A,D,10.88,02A96157775138021C22F5D815691765,1 Ø45,1,0,1,1,,0,1,B,0,0,0,0,0,0,,,,,0,0,,10.8767360757,50.75962564703302,2.725538555880246
3181694,E,7,0,,A,D,39.61,02A9640CB1C96C201C22F5D8F0691F5C,2 Ø45,1,0,1,1,,0,1,B,0,0,0,0,0,0,,,,,0,0,,39.6053480233,50.76898038182826,2.740804310023847
4613315,E,7,0,,A,D,39.5,,2Ø45,321,0,1,0,,0,0,B,0,0,1,1,0,0,,,,,0,0,,39.4952179795,50.77942627403657,2.7320065071396904
4613316,E,7,0,,A,D,1.83,P/59535,2Ø45,321,0,1,0,,0,0,B,0,0,1,1,0,0,,2021-04-06,WZQS5758NP,,0,0,,1.8336175658,50.779252673746846,2.7319199414602444
4986867,E,7,0,,A,D,12.72,,2Ø45,1,0,1,0,,0,1,B,0,0,0,0,0,0,,,,,0,0,,12.7114669969,50.78061117462558,2.725344637078272
4986878,E,7,0,,A,D,85.91,,1Ø45,1,0,1,0,,0,1,B,0,0,0,0,0,0,,,,,0,0,,85.8888047409,50.78019644106731,2.7292178302852177
4987607,E,7,0,,A,D,91.84,,1Ø45,1,0,1,0,,0,1,B,0,0,0,0,0,0,,,,,0,0,,91.8202045041,50.78019233763606,2.7304532653033737
4987616,E,7,0,,A,D,34.63,P/59535,1Ø45,1,0,1,0,,0,1,B,0,0,0,0,0,0,,2021-04-06,WZQS5758NP,,0,0,,34.6284063201,50.77883988984873,2.7356394149865295
4987749,E,7,0,,A,D,82.65,,1Ø45,1,0,1,0,,0,1,B,0,0,0,0,0,0,,,,,0,0,,82.6064046563,50.77886155329931,2.7363317894855164
4987751,E,7,0,,A,D,197.39,,3Ø45,1,0,1,0,,0,1,B,0,0,0,0,0,0,,,,,0,0,,197.350408947,50.78078002909956,2.739012302020182
5042136,E,7,0,,A,D,187.42,,5Ø45,1,0,1,0,OP<12 Fo  FU592447/F41100012 1022m,0,1,B,0,0,0,0,0,0,,,,,0,0,,187.403932706,50.7791057650139,2.7185626082403735
5042297,E,4,0,,N,D,5.08,P/59535,,1,0,1,0,,1,1,B,0,0,0,0,0,0,,2021-04-06,WZQS5758NP,,0,0,,5.07617311946,50.780382050507825,2.710062264940664
5042301,E,7,0,,A,D,47.82,,2Ø45,1,0,1,0,,0,1,B,0,0,0,0,0,0,,,,,0,0,,47.7957843715,50.77820327708685,2.7172498707536765
5042302,E,7,0,,A,D,53.83,,5Ø45,1,0,1,0,OP<12 Fo  FU592447/F41100012 1022m,0,1,B,0,0,0,0,0,0,,,,,0,0,,53.8125153299,50.778318001182285,2.717533028284077
5042566,E,7,0,,A,D,9.49,,1Ø45,1,0,1,0,,0,1,B,0,0,0,0,0,0,,,,,0,0,,9.48425084773,50.77981025718157,2.7193718796218365
5043268,E,7,0,,A,D,72.59,P/59535,1Ø45,1,0,1,0,,0,1,B,0,0,0,0,0,0,,2021-04-06,WZQS5758NP,,0,0,,72.5630771556,50.78039847568891,2.723187251175916
5045287,E,7,0,,A,D,3.03,,1Ø45,1,0,1,0,,0,1,B,0,0,0,0,0,0,,,,,0,0,,3.02504814923,50.77661300469653,2.7381546379927197
5045288,E,7,0,,A,D,1.8,,1Ø45,1,0,1,0,,0,1,B,0,0,0,0,0,0,,,,,0,0,,1.79863099426,50.776937469992575,2.7383036734727195
5045289,E,7,0,,A,D,94.43,,2Ø45,1,0,1,0,,0,1,B,0,0,0,0,0,0,,,,,0,0,,94.4160811018,50.77735014963479,2.737926747871256
5045562,E,7,0,,A,D,20.76,,1Ø33,1,0,1,0,,0,1,B,0,0,0,0,0,0,,,,,0,0,,20.7616424372,50.78133086989646,2.740242900756234
5050235,E,7,0,,A,D,36.12,,2Ø33,1,0,1,0,,0,1,B,0,0,0,0,0,0,,,,,0,0,,36.1039869345,50.76883552089223,2.706855537665024
5050883,E,2,0,,N,D,14.74,P/59535,,1,0,1,0,,0,1,,0,0,0,0,0,0,,2021-04-02,WZQS5758NP,,0,0,,14.7371939267,50.767334649879515,2.7079024022450104
5050890,E,7,0,,A,D,9.36,P/59535,1Ø45,1,0,1,0,,0,1,B,0,0,0,0,0,0,,2021-04-06,WZQS5758NP,,0,0,,9.36063935809,50.76813964334377,2.7195837437693675
5051365,E,7,0,,A,D,28.78,P/59535,1Ø45,1,0,1,0,,0,1,B,0,0,0,0,0,0,,2021-04-06,WZQS5758NP,,0,0,,28.7804463064,50.76781526038822,2.718597977628022
5051371,E,7,0,,A,D,11.27,,1Ø45,1,0,1,0,,0,1,B,0,0,0,0,0,0,,,,,0,0,,11.2628184153,50.768215737172866,2.7178787896373833
5051618,E,7,0,,A,D,30.66,,1Ø45,1,0,1,0,,0,1,B,0,0,0,0,0,0,,,,,0,0,,30.652677841,50.767060136273585,2.7173956133305057
5051623,E,7,0,,A,D,4.31,,1Ø45,1,0,1,0,,0,1,B,0,0,0,0,0,0,,,,,0,0,,4.30564957706,50.76697689752237,2.717526311212461
5051632,E,7,0,,A,D,24.46,P/59535,1Ø45,1,0,1,0,,0,1,B,0,0,0,0,0,0,,2021-04-06,WZQS5758NP,,0,0,,24.4548748298,50.76698463785655,2.718169863509737
5051708,E,7,0,,A,D,14.1,,1Ø45,1,0,1,0,,0,1,B,0,0,0,0,0,0,,,,,0,0,,14.0960895945,50.76646490839108,2.7173329250948983
5051711,E,7,0,,A,D,28.43,,1Ø45,1,0,1,0,,0,1,B,0,0,0,0,0,0,,,,,0,0,,28.4168971308,50.766523681448156,2.717361615103514
5051809,E,7,0,,A,D,21.39,,1Ø45,1,0,1,0,,0,1,B,0,0,0,0,0,0,,,,,0,0,,21.3901663175,50.76654142854834,2.717884258437376
5052131,E,7,0,,A,D,72.03,,5Ø45,1,0,1,0,OP<36 Fo  FU592447/F40890 2145m,0,1,B,0,0,0,0,0,0,,,,,0,0,,72.0214183977,50.76568192005327,2.71687057982819
5052143,E,7,0,,A,D,35.49,,4Ø45,1,0,1,0,,0,1,B,0,0,0,0,0,0,,,,,0,0,,35.475306585,50.76501352665451,2.718666227314729
5052402,E,7,0,,A,D,29.82,P/59535,2Ø45,1,0,1,0,,0,1,B,0,0,0,0,0,0,,2021-04-06,WZQS5758NP,,0,0,,29.8061264731,50.765822112760276,2.719160430447169
5052724,E,7,0,,A,D,45.45,,1Ø45,1,0,1,0,,0,1,B,0,0,0,0,0,0,,,,,0,0,,45.439788105,50.767312891312876,2.7196822964370337
5052730,E,7,0,,A,D,66.97,,1Ø45,1,0,1,0,,0,1,B,0,0,0,0,0,0,,,,,0,0,,66.9728102371,50.768142637783704,2.7200569899327145
5054023,E,7,0,,A,D,13.91,P/59535,1Ø45,1,0,1,0,,0,1,B,0,0,0,0,0,0,,2021-04-07,WZQS5758NP,,0,0,,13.9023687545,50.76600363511273,2.723065669613232
5054030,E,7,0,,A,D,51.27,,1Ø45,1,0,1,0,,0,1,B,0,0,0,0,0,0,,,,,0,0,,51.26277963,50.76579844579176,2.7230966714064704
5054334,E,7,0,,A,D,38.67,,1Ø45,1,0,1,0,,0,1,B,0,0,0,0,0,0,,,,,0,0,,38.6695780413,50.76676096644466,2.722152520104874
5054726,E,7,0,,A,D,17.08,,1Ø45,1,0,1,0,,0,1,B,0,0,0,0,0,0,,,,,0,0,,17.0821089312,50.76763310905731,2.721890425143507
5054729,E,7,0,,A,D,15.51,,1Ø45,1,0,1,0,,0,1,B,0,0,0,0,0,0,,,,,0,0,,15.5071943072,50.76752152674746,2.722986764613541
5054734,E,7,0,,A,D,47.0,,3Ø45,1,0,1,0,,0,1,B,0,0,0,0,0,0,,,,,0,0,,46.9701722289,50.767432416986054,2.723344205763564
5054849,E,7,0,,A,D,24.53,,1Ø45,1,0,1,0,,0,1,B,0,0,0,0,0,0,,,,,0,0,,24.5245329636,50.76736610353804,2.72364243755771
5054856,E,7,0,,A,D,26.95,,3Ø45,1,0,1,0,,0,1,B,0,0,0,0,0,0,,,,,0,0,,26.941761322,50.76656222432192,2.723742813103756
5054965,E,7,0,,A,D,22.82,,1Ø45,1,0,1,0,,0,1,B,0,0,0,0,0,0,,,,,0,0,,22.8025743485,50.76589810244689,2.723716203460946
5055935,E,4,0,,N,D,2.69,P/59535,,1,0,1,0,,1,1,B,0,0,0,0,0,0,,2021-04-07,WZQS5758NP,,0,0,,2.68544790922,50.770031551008984,2.728081530462845
5056048,E,7,0,,A,D,26.36,P/59535,1Ø45,1,0,1,0,,0,1,B,0,0,0,0,0,0,,2021-04-07,WZQS5758NP,,0,0,,26.3396770665,50.76931743731084,2.7268908928335764
5056384,E,7,0,,A,D,49.03,,2Ø45,1,0,1,0,,0,1,B,0,0,0,0,0,0,,,,,0,0,,49.0116602677,50.773157745120265,2.739065854753006
5056589,E,7,0,,A,D,2.25,,1Ø45,1,0,1,0,,0,1,B,0,0,0,0,0,0,,,,,0,0,,2.24661178664,50.77142823231185,2.731596053428948
5056591,E,7,0,,A,D,2.14,,1Ø45,1,0,1,0,,0,1,B,0,0,0,0,0,0,,,,,0,0,,2.14145539871,50.769941675239416,2.7319285856822377
5056757,E,7,0,,A,D,6.07,P/59535,2Ø45,1,0,1,0,,0,1,B,0,0,0,0,0,0,,2021-04-07,WZQS5758NP,,0,0,,6.06861902203,50.77220944714093,2.736853321553162
5056851,E,4,0,,N,D,173.62,P/59535,,1,0,1,0,,1,1,B,0,0,0,0,0,0,,2021-04-07,WZQS5758NP,,0,0,,173.602639266,50.7741356735672,2.7387672372042227
5056858,E,4,0,,N,D,51.55,P/59535,,1,0,1,1,,1,1,B,0,0,0,0,0,0,,2021-04-07,WZQS5758NP,,0,0,,51.5524201284,50.769698322644864,2.740985341941913
5058020,E,7,0,,A,D,8.47,,2Ø45,1,0,1,0,,0,1,B,0,0,0,0,0,0,,,,,0,0,,8.46895078095,50.772474702460016,2.745283124490175
5069491,E,7,0,,A,D,39.5,,2Ø45,1,0,1,0,,0,1,B,0,0,0,0,0,0,,,,,0,0,,39.4933096419,50.76435215635576,2.720049407557761
5069496,E,7,0,,A,D,55.91,,2Ø45,1,0,1,0,,0,1,B,0,0,0,0,0,0,,,,,0,0,,55.8796574899,50.76417376213036,2.7214254139439142
5069821,E,7,0,,A,D,26.47,,1Ø45,1,0,1,0,,0,1,B,0,0,0,0,0,0,,,,,0,0,,26.4660519822,50.76421000196073,2.7193997806390673
5070008,E,7,0,,A,D,14.04,,1Ø45,1,0,1,0,,0,1,B,0,0,0,0,0,0,,,,,0,0,,14.0352607817,50.76442821695216,2.7192839017818753
5070012,E,7,0,,A,D,3.38,,1Ø45,1,0,1,0,,0,1,B,0,0,0,0,0,0,,,,,0,0,,3.38042772712,50.76432495098464,2.7192464097525333
5070014,E,7,0,,A,D,5.54,,1Ø45,1,0,1,0,,0,1,B,0,0,0,0,0,0,,,,,0,0,,5.54478103335,50.764235013449245,2.719113292345502
5070015,E,7,0,,A,D,16.33,,1Ø45,1,0,1,0,,0,1,B,0,0,0,0,0,0,,,,,0,0,,16.331797189,50.76421382297228,2.719167008792184
5070104,E,7,0,,A,D,19.58,,1Ø45,1,0,1,0,,0,1,B,0,0,0,0,0,0,,,,,0,0,,19.5735683687,50.76361385080315,2.7182851802968546
5070108,E,7,0,,A,D,21.79,,1Ø45,1,0,1,0,,0,1,B,0,0,0,0,0,0,,,,,0,0,,21.7890643818,50.76376375563419,2.7175377627653576
5070172,E,7,0,,A,D,6.85,,1Ø45,1,0,1,0,,0,1,B,0,0,0,0,0,0,,,,,0,0,,6.85351054983,50.7642943088763,2.719615877939843
5070174,E,7,0,,A,D,10.69,,1Ø45,1,0,1,0,,0,1,B,0,0,0,0,0,0,,,,,0,0,,10.6910074018,50.7641529916481,2.719330152971465
5070180,E,7,0,,A,D,3.37,,2Ø45,1,0,1,0,,0,1,B,0,0,0,0,0,0,,,,,0,0,,3.37163788965,50.759111921935705,2.7139271264104075
5070181,E,4,0,,N,D,11.37,P/59535,,1,0,1,0,,3,1,B,0,0,0,0,0,0,,2021-04-14,WZQS5758NP,,0,0,,11.3691425897,50.75914356135343,2.713861720039198
5071048,E,7,0,,A,D,18.96,P/59535,1Ø45,1,0,1,0,,0,1,B,0,0,0,0,0,0,,2021-04-06,WZQS5758NP,,0,0,,18.9606903419,50.766257849418835,2.7132633825978525
5071053,E,7,0,,A,D,71.62,P/59535,1Ø45,1,0,1,0,,0,1,B,0,0,0,0,0,0,,2021-04-06,WZQS5758NP,,0,0,,71.6127885837,50.76625940506482,2.7126315931981604
5071710,E,2,0,,N,D,3.37,,,1,0,1,0,,0,1,,0,0,0,0,0,0,,,,,0,0,,3.36580704333,50.7632353254571,2.721076805878533
5072819,E,7,0,,A,D,297.38,,4Ø60,1,0,1,0,OP<36 Fo  FU592447/F40890 2145m,0,1,B,0,0,0,0,0,0,,,,,0,0,,297.364309445,50.76148854815739,2.7232062512716952
5072821,E,7,0,,A,D,25.07,,4Ø45,1,0,1,0,,0,1,B,0,0,0,0,0,0,,,,,0,0,,25.0689933188,50.76022746847426,2.7241151813972175
5072990,E,0,0,,N,D,44.77,,,1,0,1,0,,0,1,,0,0,0,0,0,0,,,,,0,0,,44.769410402,50.76105847038766,2.7240341055114383
5342754,E,7,0,,A,D,65.68,P/59535,3Ø45,1,0,1,0,,0,1,B,0,0,0,0,0,0,,2021-04-02,WZQS5758NP,,0,0,,65.6437883865,50.76717978880727,2.7097628575473753
5620823,E,7,0,,A,D,37.01,,2Ø45,1,0,1,0,,0,1,B,0,0,0,0,0,0,,,,,0,0,,37.0000345338,50.78136901591514,2.740338960701852
6884624,E,0,0,,,D,76.15,"PAR59535
$PBGEO",,1,0,1,0,,0,1,,0,0,0,0,0,0,,2017-01-06,QSNK0093NP,,0,0,,76.1509797574,50.77157493254527,2.7227912710745854
7005689,E,7,0,,,D,49.13,,PEHD:2Ø40,321,0,1,0,,0,0,C,0,0,0,0,0,0,,2017-08-17,jpzl7599,,0,0,,49.1208714205,50.764598269992895,2.7218705008915145
7761842,E,7,0,,,D,5.69,,1Ø45,1,0,1,0,,0,1,A,10,10,0,0,0,0,,2021-03-08,JFHC8005NP,,0,0,,5.68751038473,50.76670916913803,2.708090576613036
7761847,E,7,0,,,D,14.19,,1Ø45,1,0,1,0,,0,1,A,10,10,0,0,0,0,,2021-03-08,JFHC8005NP,,0,0,,14.1921735174,50.766179064257734,2.7085430596799416
7762229,E,7,0,,,D,28.02,,2Ø45,1,0,1,0,,0,1,A,20,10,0,0,0,0,,2021-03-09,JFHC8005NP,,0,0,,28.0219825724,50.76598803926683,2.708576871120941
7762503,E,7,0,,,D,81.37,,1Ø45,1,0,1,0,,0,1,A,10,10,0,0,0,0,,2021-03-09,JFHC8005NP,,0,0,,81.3726249932,50.764707693645086,2.708681043080372
7781659,E,4,0,,,D,6.13,P/59535,,1,0,1,0,,1,1,B,0,0,0,0,0,0,,2021-04-02,WZQS5758NP,,0,0,,6.12867195876,50.75690051193494,2.7080286101906816
7781663,E,4,0,,N,D,112.32,P/59535,,1,0,1,1,,1,1,B,0,0,0,0,0,0,,2021-04-02,WZQS5758NP,,0,0,,112.323649681,50.759335207931585,2.708508832056266
7781773,E,7,0,,,D,5.2,P/59535,1Ø45,1,0,1,0,,0,1,B,0,0,0,0,0,0,,2021-04-02,WZQS5758NP,,0,0,,5.18978791352,50.765097565436804,2.708646458668883
7783365,E,4,0,,N,D,379.65,P/59535,,1,0,1,0,,1,1,B,0,0,0,0,0,0,,2021-04-06,WZQS5758NP,,0,0,,379.540991166,50.77975574278743,2.7157171285811064
7783369,E,4,0,,N,D,158.39,P/59535,,1,0,1,0,,1,1,B,0,0,0,0,0,0,,2021-04-06,WZQS5758NP,,0,0,,158.382444351,50.78021264969869,2.708992045222891
7783422,E,3,0,,,D,2.91,P/59535,,1,0,1,0,,0,1,,0,0,0,0,0,0,,2021-04-06,WZQS5758NP,,0,0,,2.90509783527,50.76647910669748,2.7180203448946036
7783505,E,2,0,,,D,9.37,P/59535,,1,0,1,0,,0,1,,0,0,0,0,0,0,,2021-04-06,WZQS5758NP,,0,0,,9.37177025244,50.76521329839445,2.7192639427586887
7784028,E,0,0,,,D,56.2,P/59535,,1,0,1,0,,0,1,,0,0,0,0,0,0,,2021-04-07,WZQS5758NP,,0,0,,56.1974244235,50.7653675762014,2.723477371373341
7784267,E,7,0,,,D,5.99,P/59535,2Ø45,1,0,1,0,,0,1,B,0,0,0,0,0,0,,2021-04-07,WZQS5758NP,,0,0,,5.98826578501,50.76543033350867,2.7259007862538027
7784272,E,4,0,,N,D,71.59,P/59535,,1,0,1,1,,1,1,B,0,0,0,0,0,0,,2021-04-07,WZQS5758NP,,0,0,,71.5864247433,50.765914274015,2.728534712868767
7784313,E,4,0,,N,D,30.2,P/59535,,1,0,1,0,,2,1,B,0,0,0,0,0,0,,2021-04-14,WZQS5758NP,,0,0,,30.2029151902,50.76822565438448,2.7259140223303797
7784482,E,4,0,,N,D,372.53,P/59535,,1,0,1,1,,1,1,B,0,0,0,0,0,0,,2021-04-07,WZQS5758NP,,0,0,,372.518838546,50.764182998018605,2.729086426519238
7784487,E,4,0,,N,D,101.25,P/59535,,1,0,1,1,,1,1,B,0,0,0,0,0,0,,2021-04-07,WZQS5758NP,,0,0,,101.248608753,50.76635173299333,2.7302027289756863
7784493,E,4,0,,N,D,165.65,P/59535,,1,0,1,1,,2,1,B,0,0,0,0,0,0,,2021-04-14,WZQS5758NP,,0,0,,165.645526207,50.767590929272366,2.732345168929028
7784582,E,4,0,,N,D,12.73,P/59535,,1,0,1,0,,1,1,B,0,0,0,0,0,0,,2021-04-14,WZQS5758NP,,0,0,,12.7256240915,50.7692664028499,2.726848569161118
7784583,E,4,0,,N,D,10.38,P/59535,,1,0,1,0,,3,1,B,0,0,0,0,0,0,,2021-04-14,WZQS5758NP,,0,0,,10.3754158665,50.76935324163781,2.7269394729461927
7784812,E,4,0,,N,D,167.46,P/59535,,1,0,1,1,,2,1,B,0,0,0,0,0,0,,2021-04-14,WZQS5758NP,,0,0,,167.462203675,50.77277806940675,2.7350113197105737
7785193,E,4,0,,N,D,365.62,P/59535,,1,0,1,0,,1,1,B,0,0,0,0,0,0,,2021-04-07,WZQS5758NP,,0,0,,365.521645726,50.77751707710067,2.7415014955255703
7785704,E,2,0,,N,D,20.12,P/59535,,1,0,1,1,,0,1,,0,0,0,0,0,0,,2021-04-08,WZQS5758NP,,0,0,,20.1236229345,50.76277678554025,2.7198685451017193
7785905,E,0,0,,,D,26.82,P/59535,,1,0,1,0,,0,1,,0,0,0,0,0,0,,2021-04-08,WZQS5758NP,,0,0,,26.8170846354,50.76291826243683,2.7223948323254707
7791462,E,4,0,,,D,29.92,P/59535,,1,0,1,0,,2,1,B,0,0,0,0,0,0,,2021-04-14,WZQS5758NP,,0,0,,29.8961521807,50.775457823096716,2.738392304822393
7791465,E,4,0,,N,D,187.32,P/59535,,1,0,1,0,,1,1,B,0,0,0,0,0,0,,2021-04-07,WZQS5758NP,,0,0,,187.302618553,50.7747460014565,2.7373641243768003
7791602,E,4,0,,N,D,127.97,P/59535,,1,0,1,1,,2,1,B,0,0,0,0,0,0,,2021-04-14,WZQS5758NP,,0,0,,127.948359673,50.77267747250853,2.7332912018438336
8242587,E,7,0,,,D,31.4,,2Ø45,1,0,1,0,,0,1,C,0,0,0,0,0,0,,2025-05-28,CWKB7174,,0,0,,31.39653152,50.775345572322834,2.738577024291391
8242592,E,7,0,,,D,27.08,,2Ø45,1,0,1,0,,0,1,C,0,0,0,0,0,0,,2025-05-28,CWKB7174,,0,0,,27.0659417712,50.780416965887305,2.7228472746006944
8242606,E,7,0,,,D,34.13,,2Ø45,1,0,1,0,,0,1,C,0,0,0,0,0,0,,2025-05-28,CWKB7174,,0,0,,34.113190654,50.77760950617389,2.737816897090091
8242608,E,7,0,,,D,26.93,,2Ø45,1,0,1,0,,0,1,C,0,0,0,0,0,0,,2025-05-28,CWKB7174,,0,0,,26.9198290435,50.77737978051205,2.7380059385058844
3180896,E,4,0,,N,D,485.54,02A96156DE7764591C22F589816485FC,,1,0,1,1,,1,1,B,0,0,0,0,0,0,,,,,0,0,,485.536100849,50.760791184317654,2.7162125886866173
3180910,E,7,0,,A,D,8.82,02A961593DA795591C22F58B0A64A9E6,1 Ø45,1,0,1,1,,0,1,B,0,0,0,0,0,0,,,,,0,0,,8.84131829589,50.7668886639225,2.7088829952273694
3181682,E,7,0,,A,D,59.91,02A9615D702F914F1C22F5D6A968FAD7,4 Ø45,1,0,1,1,,0,1,B,0,0,0,0,0,0,,,,,0,0,,59.9107609942,50.766075255776926,2.724119598236113
3181705,E,7,0,,A,D,9.3,P/59535,1Ø33,1,0,1,1,,0,1,B,0,0,0,0,0,0,,2021-04-08,WZQS5758NP,,0,0,,9.30486224911,50.768617339383475,2.74009637517088
3181708,E,7,0,,A,D,23.92,02A9640CB049D6711C22F5DA4C6932B1,1 Ø33,1,0,1,1,,0,1,B,0,0,0,0,0,0,,,,,0,0,,23.9151476211,50.76883335959722,2.740451944555206
3181717,E,7,0,,A,D,6.06,02A96408DDF6D5611C22F5DB77694B01,1 PEHD Ø40,1,0,1,1,,0,1,B,0,0,0,0,0,0,,,,,0,0,,6.06403620458,50.76838003228047,2.7321453335628094
3829738,E,7,0,,A,D,20.88,,1Ø45,1,0,1,0,,0,1,B,0,0,0,0,0,0,,,,,0,0,,20.8542794443,50.763992410832074,2.7215894149084225
3948643,E,7,0,,A,D,19.44,,3Ø45,1,0,1,0,,0,1,B,0,0,0,0,0,0,,,,,0,0,,19.4359901323,50.76716618516641,2.7182642540898616
3948650,E,7,0,,A,D,48.56,,3Ø45,1,0,1,0,,0,1,B,0,0,0,0,0,0,,,,,0,0,,48.5604393787,50.76803780373265,2.7178422108823526
4986872,E,7,0,,A,D,297.54,,3Ø45,1,0,1,0,OP<12 Fo  FU592447/F41100012 1022m,0,1,B,0,0,0,0,0,0,,,,,0,0,,297.481489044,50.780345673029714,2.7248104456750313
4986879,E,7,0,,A,D,40.52,P/59535,2Ø45,1,0,1,0,,0,1,B,0,0,0,0,0,0,,2021-04-06,WZQS5758NP,,0,0,,40.5133716555,50.780265560192866,2.7271087107594827
4987601,E,7,0,,A,D,97.5,P/59535,1Ø33,1,0,1,0,,0,1,B,0,0,0,0,0,0,,2021-04-06,WZQS5758NP,,0,0,,97.4872068619,50.78011542463985,2.727887237619067
4987602,E,7,0,,A,D,228.9,,3Ø45,1,0,1,0,,0,1,B,0,0,0,0,0,0,,,,,0,0,,228.856228407,50.77995546693555,2.7313276273724
4987615,E,7,0,,A,D,17.59,,2Ø45,1,0,1,0,,0,1,B,0,0,0,0,0,0,,,,,0,0,,17.5898855103,50.77881455811395,2.735807055032699
5042573,E,7,0,,A,D,1.75,,2Ø45,1,0,1,0,,0,1,B,0,0,0,0,0,0,,,,,0,0,,1.75456661548,50.7806996511309,2.721918412639261
5050238,E,7,0,,A,D,110.61,P/59535,3Ø45,1,0,1,0,,0,1,C,0,0,0,0,0,0,,2021-04-02,WZQS5758NP,,0,0,,110.595422575,50.76668561884609,2.7101275885382634
5050504,E,7,0,,A,D,9.9,,2Ø45,1,0,1,0,,0,1,B,0,0,0,0,0,0,,,,,0,0,,9.89250904892,50.771486622645746,2.7132774094894945
5050505,E,4,0,,N,D,9.19,P/59535,,1,0,1,0,,2,1,B,0,0,0,0,0,0,,2021-04-14,WZQS5758NP,,0,0,,9.17811735305,50.7715656223891,2.7133238742096446
5050881,E,7,0,,A,D,10.14,,2Ø45,1,0,1,0,,0,1,B,0,0,0,0,0,0,,,,,0,0,,10.1357021687,50.766505361432166,2.71071192252312
5050884,E,0,0,,N,D,115.4,P/59535,,1,0,1,0,,0,1,,0,0,0,0,0,0,,2021-04-02,WZQS5758NP,,0,0,,115.40306191,50.771078596271956,2.7138149201840447
5050895,E,7,0,,A,D,9.2,P/59535,1Ø45,1,0,1,0,,0,1,B,0,0,0,0,0,0,,2021-04-06,WZQS5758NP,,0,0,,9.19865024347,50.768644496869605,2.7183168940998605
5050909,E,7,0,,A,D,28.71,P/59535,1Ø45,1,0,1,0,,0,1,B,0,0,0,0,0,0,,2021-04-06,WZQS5758NP,,0,0,,28.6978065675,50.76864559775398,2.718139626813635
5050911,E,7,0,,A,D,8.13,,1Ø45,1,0,1,0,,0,1,B,0,0,0,0,0,0,,,,,0,0,,8.12557433856,50.76828493235977,2.717942146841845
5051460,E,7,0,,A,D,20.79,P/59535,1Ø45,1,0,1,0,,0,1,B,0,0,0,0,0,0,,2021-04-06,WZQS5758NP,,0,0,,20.7858747678,50.767919526372985,2.7178005338665843
5051463,E,7,0,,A,D,35.06,,1Ø45,1,0,1,0,,0,1,B,0,0,0,0,0,0,,,,,0,0,,35.0546134525,50.767673391453926,2.717704872117069
5051465,E,7,0,,A,D,10.21,,1Ø45,1,0,1,0,,0,1,B,0,0,0,0,0,0,,,,,0,0,,10.2050786052,50.76732744902215,2.717474609881887
5051470,E,7,0,,A,D,44.17,,3Ø45,1,0,1,0,,0,1,B,0,0,0,0,0,0,,,,,0,0,,44.163052045,50.767107197761284,2.7174099052270773
5051483,E,7,0,,A,D,48.76,P/59535,1Ø45,1,0,1,0,,0,1,B,0,0,0,0,0,0,,2021-04-06,WZQS5758NP,,0,0,,48.7521297468,50.76745372736502,2.7184448670140426
5051484,E,7,0,,A,D,9.58,,1Ø45,1,0,1,0,,0,1,B,0,0,0,0,0,0,,,,,0,0,,9.58105124135,50.76670441660237,2.7180149339552337
5051574,E,7,0,,A,D,20.16,,1Ø45,1,0,1,0,,0,1,B,0,0,0,0,0,0,,,,,0,0,,20.156512411,50.766377358663114,2.717768725293642
5051579,E,7,0,,A,D,6.65,,1Ø45,1,0,1,0,,0,1,B,0,0,0,0,0,0,,,,,0,0,,6.64949538182,50.76602128435934,2.717854504418286
5051617,E,7,0,,A,D,36.82,,1Ø45,1,0,1,0,,0,1,B,0,0,0,0,0,0,,,,,0,0,,36.8167537258,50.767051237646214,2.7172707084772783
5051619,E,7,0,,A,D,35.07,,1Ø45,1,0,1,0,,0,1,B,0,0,0,0,0,0,,,,,0,0,,35.0626359855,50.767077012833134,2.717386211477659
5051810,E,7,0,,A,D,42.96,,3Ø45,1,0,1,0,,0,1,B,0,0,0,0,0,0,,,,,0,0,,42.9505475414,50.76632613074923,2.7176399876048225
5051818,E,7,0,,A,D,23.43,,1Ø45,1,0,1,0,,0,1,B,0,0,0,0,0,0,,,,,0,0,,23.4255719591,50.7663051916617,2.7172992896889503
5052137,E,7,0,,A,D,15.82,P/59535,1Ø45,1,0,1,0,,0,1,B,0,0,0,0,0,0,,2021-04-06,WZQS5758NP,,0,0,,15.8103914322,50.766254946883066,2.7144598036532486
5052138,E,7,0,,A,D,7.01,,2Ø45,1,0,1,0,,0,1,B,0,0,0,0,0,0,,,,,0,0,,7.00753436356,50.76626429011228,2.7143541633529504
5052403,E,7,0,,A,D,25.9,P/59535,2Ø45,1,0,1,0,,0,1,B,0,0,0,0,0,0,,2021-04-06,WZQS5758NP,,0,0,,25.8867272533,50.76584091447988,2.7191785622061078
5052405,E,7,0,,A,D,38.07,,4Ø45,1,0,1,0,,0,1,B,0,0,0,0,0,0,,,,,0,0,,38.0659979926,50.766130826711866,2.7191451753724034
5054024,E,7,0,,A,D,11.54,P/59535,1Ø45,1,0,1,0,,0,1,B,0,0,0,0,0,0,,2021-04-07,WZQS5758NP,,0,0,,11.5278197778,50.766018421671184,2.7230592881063695
5054302,E,7,0,,A,D,7.98,,1Ø45,1,0,1,0,,0,1,B,0,0,0,0,0,0,,,,,0,0,,7.98087965266,50.76696835276974,2.722088009961862
5054303,E,7,0,,A,D,14.47,,1Ø45,1,0,1,0,,0,1,B,0,0,0,0,0,0,,,,,0,0,,14.4640438669,50.76698385608842,2.722128609656738
5054327,E,7,0,,A,D,22.94,,1Ø45,1,0,1,0,,0,1,B,0,0,0,0,0,0,,,,,0,0,,22.9313075914,50.76645197112797,2.7227648142177707
5054328,E,7,0,,A,D,65.71,,3Ø45,1,0,1,0,,0,1,B,0,0,0,0,0,0,,,,,0,0,,65.7020643696,50.76624318975486,2.722645165117536
5054330,E,7,0,,A,D,24.68,P/59535,1Ø45,1,0,1,0,,0,1,B,0,0,0,0,0,0,,2021-04-07,WZQS5758NP,,0,0,,24.6781134799,50.76607787506853,2.7227947933284287
5054331,E,7,0,,A,D,40.16,P/59535,1Ø45,1,0,1,0,,0,1,B,0,0,0,0,0,0,,2021-04-07,WZQS5758NP,,0,0,,40.1535973433,50.76614486172808,2.722739361411047
5054722,E,7,0,,A,D,50.08,,1Ø45,1,0,1,0,,0,1,B,0,0,0,0,0,0,,,,,0,0,,50.0716168905,50.76715929383228,2.72205029071047
5054852,E,7,0,,A,D,15.14,,1Ø45,1,0,1,0,,0,1,B,0,0,0,0,0,0,,,,,0,0,,15.1310964511,50.767215329067014,2.7235568886191968
5054858,E,7,0,,A,D,23.91,P/59535,1Ø45,1,0,1,0,,0,1,B,0,0,0,0,0,0,,2021-04-07,WZQS5758NP,,0,0,,23.8972432486,50.766572880581116,2.7237886383860195
5054864,E,7,0,,A,D,16.63,P/59535,1Ø45,1,0,1,0,,0,1,B,0,0,0,0,0,0,,2021-04-07,WZQS5758NP,,0,0,,16.623563668,50.766566896052616,2.722942840066297
5055602,E,4,0,,N,D,251.37,P/59535,,1,0,1,0,,1,1,B,0,0,0,0,0,0,,2021-04-07,WZQS5758NP,,0,0,,251.351099587,50.76785592244603,2.7232064417663033
5056038,E,7,0,,A,D,14.85,,1Ø45,1,0,1,0,,0,1,B,0,0,0,0,0,0,,,,,0,0,,14.8500396932,50.76727985917465,2.724839293979209
5056047,E,7,0,,A,D,3.13,,1Ø45,1,0,1,0,,0,1,B,0,0,0,0,0,0,,,,,0,0,,3.12478905086,50.76923314969619,2.726799622746009
5056588,E,7,0,,A,D,35.91,,2Ø45,1,0,1,0,,0,1,B,0,0,0,0,0,0,,,,,0,0,,35.8958368691,50.77159446103281,2.7316002923326512
5056855,E,4,0,,N,D,4.64,P/59535,,1,0,1,0,,1,1,B,0,0,0,0,0,0,,2021-04-07,WZQS5758NP,,0,0,,4.64096687933,50.774593469201676,2.7372798329270833
5069490,E,7,0,,A,D,4.0,,2Ø45,1,0,1,0,,0,1,B,0,0,0,0,0,0,,,,,0,0,,3.99392811563,50.76452391186696,2.719886144378446
5069492,E,7,0,,A,D,6.58,,1Ø45,1,0,1,0,,0,1,B,0,0,0,0,0,0,,,,,0,0,,6.57781538012,50.76424353685537,2.720214724666388
5070007,E,7,0,,A,D,15.64,,1Ø45,1,0,1,0,,0,1,B,0,0,0,0,0,0,,,,,0,0,,15.6412099845,50.764325520703565,2.719308023639464
5070009,E,7,0,,A,D,5.53,,1Ø45,1,0,1,0,,0,1,B,0,0,0,0,0,0,,,,,0,0,,5.5283124861,50.76429060670858,2.719258655250149
5070016,E,7,0,,A,D,5.61,,1Ø45,1,0,1,0,,0,1,B,0,0,0,0,0,0,,,,,0,0,,5.61480811439,50.76419065780912,2.719058364704554
5070043,E,7,0,,A,D,9.18,P/59535,2Ø45,1,0,1,0,,0,1,B,0,0,0,0,0,0,,2021-04-08,WZQS5758NP,,0,0,,9.17653179854,50.76324412763691,2.720910162519048
5070103,E,7,0,,A,D,54.28,,1Ø45,1,0,1,0,,0,1,B,0,0,0,0,0,0,,,,,0,0,,54.2785536988,50.763660993632016,2.718046539611787
5070105,E,7,0,,A,D,6.11,,1Ø45,1,0,1,0,,0,1,B,0,0,0,0,0,0,,,,,0,0,,6.11384135962,50.763678362539665,2.718202292360299
5070930,E,7,0,,A,D,37.52,,2Ø45,1,0,1,0,,0,1,B,0,0,0,0,0,0,,,,,0,0,,37.5148199314,50.76564999098044,2.715406490830998
5070941,E,7,0,,A,D,263.4,,3Ø45,1,0,1,0,OP<36 Fo  FU592447/F40890 2145m,0,1,B,0,0,0,0,0,0,,,,,0,0,,263.376142986,50.766229706439354,2.7125716067588352
5070944,E,7,0,,A,D,1.81,,1Ø45,1,0,1,0,,0,1,B,0,0,0,0,0,0,,,,,0,0,,1.8133549045,50.76614700061932,2.7137954459001166
5071045,E,7,0,,A,D,6.96,,1Ø45,1,0,1,0,,0,1,B,0,0,0,0,0,0,,,,,0,0,,6.96494812693,50.76614148944567,2.7123350650612705
5071050,E,7,0,,A,D,21.53,P/59535,1Ø45,1,0,1,0,,0,1,B,0,0,0,0,0,0,,2021-04-06,WZQS5758NP,,0,0,,21.5225371359,50.76625631338639,2.7129843263344493
5071697,E,7,0,,A,D,60.59,,2Ø45,1,0,1,0,,0,1,B,0,0,0,0,0,0,,,,,0,0,,60.5851868845,50.763100124173775,2.7215087562130655
5071705,E,2,0,,N,D,32.9,P/59535,,1,0,1,0,,0,1,,0,0,0,0,0,0,,2021-04-06,WZQS5758NP,,0,0,,32.9048644027,50.765582546530574,2.7191126681027273
5071707,E,1,0,,N,D,75.27,,,1,0,1,0,,0,1,,0,0,0,0,0,0,,,,,0,0,,75.2651230541,50.76505767610539,2.718234779507487
5072817,E,7,0,,A,D,69.86,,4Ø60+5Ø45,1,0,1,0,OP<36 Fo  FU592447/F40890 2145m,0,1,B,0,0,0,0,0,0,,,,,0,0,,69.8526786059,50.76299235575554,2.722228330527983
5072825,E,7,0,,A,D,10.1,P/59535,4Ø45,1,0,1,0,,0,1,B,0,0,0,0,0,0,,2021-04-08,WZQS5758NP,,0,0,,10.103424601,50.761559299328155,2.7232770336364758
5076339,E,7,0,,A,D,16.92,,PEHD:1Ø40,1,0,1,0,,0,1,B,0,0,0,0,0,0,,,,,0,0,,16.9154405513,50.7645957954748,2.7084603885534735
6286950,E,7,0,,A,D,34.02,,1Ø45,1,0,1,0,,0,1,B,0,0,0,0,0,0,,,,,0,0,,34.0168593505,50.766164967458074,2.717944205945583
6770226,E,0,0,,,D,11.99,,,1,0,1,0,,0,1,,0,0,0,0,0,0,,2016-06-29,ahil5383,,0,0,,11.9925780721,50.76414356348357,2.7209695700248835
6884623,E,0,0,,,D,5.04,PAR59535,,1,0,1,0,,0,1,,0,0,0,0,0,0,,2017-01-06,QSNK0093NP,,0,0,,5.04438383509,50.77430078352984,2.7363156721593875
6884693,E,0,0,,,D,53.01,PAR59535,,1,0,1,0,,0,1,,0,0,0,0,0,0,,2017-01-06,QSNK0093NP,,0,0,,53.0093344209,50.765699870717825,2.7271504587209785
6884697,E,0,0,,,D,31.76,PAR59535,,1,0,1,0,,0,1,,0,0,0,0,0,0,,2017-01-06,QSNK0093NP,,0,0,,31.7589487961,50.766269799553655,2.714093835320056
7545211,E,3,0,,,D,11.56,,,321,0,1,0,,0,0,,0,0,0,0,0,0,,2020-02-26,qspg3090,,0,0,,11.5596300494,50.78115133671689,2.7400039892788413
7762502,E,7,0,,,D,89.71,,1Ø45,1,0,1,0,,0,1,A,10,10,0,0,0,0,,2021-03-09,JFHC8005NP,,0,0,,89.7081078432,50.764660465957846,2.7086779701732913
7762504,E,7,0,,,D,67.8,,1Ø45,1,0,1,0,,0,1,A,10,10,0,0,0,0,,2021-03-09,JFHC8005NP,,0,0,,67.804132716,50.76476097419514,2.7086650803538133
7762505,E,7,0,,,D,57.3,,1Ø45,1,0,1,0,,0,1,A,10,10,0,0,0,0,,2021-03-09,JFHC8005NP,,0,0,,57.3011574653,50.764808756493096,2.708659579048181
7762510,E,7,0,,,D,11.07,,1Ø45,1,0,1,0,,0,1,A,10,10,0,0,0,0,,2021-03-09,JFHC8005NP,,0,0,,11.0657747832,50.76369521543709,2.708803905118403
7781776,E,4,0,,,D,15.03,P/59535,,1,0,1,0,,3,1,B,0,0,0,0,0,0,,2021-04-14,WZQS5758NP,,0,0,,15.0257172468,50.76370667063489,2.7087007710157684
7781879,E,7,0,,,D,7.08,P/59535,2Ø45,1,0,1,0,,0,1,B,0,0,0,0,0,0,,2021-04-02,WZQS5758NP,,0,0,,7.07121127676,50.76424968302308,2.708689414726204
7781953,E,2,0,,,D,11.51,P/59535,,1,0,1,0,,0,1,,0,0,0,0,0,0,,2021-04-02,WZQS5758NP,,0,0,,11.5097662035,50.766936099757814,2.708448352073087
7781955,E,7,0,,,D,16.63,P/59535,2Ø45,1,0,1,0,,0,1,B,0,0,0,0,0,0,,2021-04-02,WZQS5758NP,,0,0,,16.6251733473,50.766750473132596,2.7081705303356123
7782103,E,4,0,,N,D,20.29,P/59535,,1,0,1,0,,2,1,B,0,0,0,0,0,0,,2021-04-14,WZQS5758NP,,0,0,,20.2934053403,50.77135094710544,2.713122973307883
7782104,E,4,0,,N,D,175.92,P/59535,,1,0,1,0,,1,1,B,0,0,0,0,0,0,,2021-04-02,WZQS5758NP,,0,0,,175.90365786,50.770620230804916,2.7124020033103133
7783351,E,3,0,,,D,0.89,P/59535,,1,0,1,0,,0,1,,0,0,0,0,0,0,,2021-04-06,WZQS5758NP,,0,0,,0.885943676586,50.781232202196925,2.740161837446416
7783353,E,3,0,,A,D,10.74,P/59535,,321,0,1,0,,0,0,,0,0,1,1,0,0,,2021-04-06,WZQS5758NP,,0,0,,10.739303301,50.7814178525181,2.740851826579899
7783362,E,3,0,,,D,3.42,P/59535,,1,0,1,0,,0,1,,0,0,0,0,0,0,,2021-04-06,WZQS5758NP,,0,0,,3.4183267715,50.77972834931671,2.7270869771187423
7783371,E,4,0,,N,D,91.28,P/59535,,1,0,1,0,,1,1,B,0,0,0,0,0,0,,2021-04-06,WZQS5758NP,,0,0,,91.2742159257,50.77670457994065,2.715345537547523
7783423,E,7,0,,,D,7.46,P/59535,1Ø45,1,0,1,0,,0,1,B,0,0,0,0,0,0,,2021-04-06,WZQS5758NP,,0,0,,7.45904224695,50.76592699248147,2.717745704321298
7784020,E,3,0,,,D,14.05,P/59535,,1,0,1,0,,0,1,,0,0,0,0,0,0,,2021-04-07,WZQS5758NP,,0,0,,14.0479543483,50.76418766211286,2.7203248821675436
7784021,E,2,0,,,D,5.49,P/59535,,1,0,1,0,,0,1,,0,0,0,0,0,0,,2021-04-07,WZQS5758NP,,0,0,,5.48911627185,50.764196767898085,2.721008436773115
7784022,E,2,0,,,D,2.75,P/59535,,1,0,1,0,,0,1,,0,0,0,0,0,0,,2021-04-07,WZQS5758NP,,0,0,,2.75244211186,50.764089501083184,2.720950047309022
7784024,E,0,0,,N,D,36.37,02A9615D43CF4ED71C22F5D6D568FC69,,1,0,1,1,,0,1,,0,0,0,0,0,0,,,,,0,0,,36.3696818031,50.764670110982365,2.722776631330896
7784027,E,0,0,,,D,9.91,P/59535,,1,0,1,0,,0,1,,0,0,0,0,0,0,,2021-04-07,WZQS5758NP,,0,0,,9.90686487855,50.764617432000925,2.7225783803556016
7784315,E,4,0,,,D,2.54,P/59535,,1,0,1,0,,1,1,B,0,0,0,0,0,0,,2021-04-07,WZQS5758NP,,0,0,,2.53599309469,50.76834422527608,2.726016709412327
7784383,E,4,0,,,D,2.54,P/59535,,1,0,1,0,,1,1,B,0,0,0,0,0,0,,2021-04-07,WZQS5758NP,,0,0,,2.54103155698,50.77044844106498,2.729179401347801
7784384,E,4,0,,N,D,20.36,P/59535,,1,0,1,0,,2,1,B,0,0,0,0,0,0,,2021-04-14,WZQS5758NP,,0,0,,20.3566248148,50.77061700133721,2.7291160644032764
7784492,E,7,0,,N,D,5.77,P/59535,2Ø45,1,0,1,1,,0,1,B,0,0,0,0,0,0,,2021-04-07,WZQS5758NP,,0,0,,5.77055824516,50.766866538657005,2.7326692383886004
7784544,A,4,0,,N,D,8.73,P/59535,,1,0,1,0,,1,1,C,0,0,0,0,0,0,,2021-04-07,WZQS5758NP,,0,0,,8.72970417853,50.7682160274336,2.7214794654352925
7784581,E,4,0,,,D,0.43,P/59535,,1,0,1,0,,1,1,B,0,0,0,0,0,0,,2021-04-07,WZQS5758NP,,0,0,,0.434632332012,50.76922057050807,2.7267928885283643
7784802,E,4,0,,N,D,59.54,P/59535,,1,0,1,1,,2,1,B,0,0,0,0,0,0,,2021-04-14,WZQS5758NP,,0,0,,59.5357472063,50.77056478210611,2.7295558929439494
7784816,E,4,0,,N,D,203.77,P/59535,,1,0,1,1,,2,1,B,0,0,0,0,0,0,,2021-04-14,WZQS5758NP,,0,0,,203.751293481,50.77201704731619,2.738219921463423
7784902,E,7,0,,,D,31.92,P/59535,1Ø33,1,0,1,0,,0,1,B,0,0,0,0,0,0,,2021-04-07,WZQS5758NP,,0,0,,31.9082053327,50.76956135203175,2.741625282408875
7784910,E,4,0,,N,D,198.82,P/59535,,1,0,1,1,,2,1,B,0,0,0,0,0,0,,2021-04-14,WZQS5758NP,,0,0,,198.814966755,50.7710652225545,2.7401471136085673
7785699,E,2,0,,N,D,30.3,P/59535,,1,0,1,1,,0,1,,0,0,0,0,0,0,,2021-04-08,WZQS5758NP,,0,0,,30.2968262268,50.76306257573541,2.720582001458417
7785702,E,0,0,,N,D,5.87,P/59535,,1,0,1,1,,0,1,,0,0,0,0,0,0,,2021-04-08,WZQS5758NP,,0,0,,5.86501926183,50.762838493437236,2.7200243657813976
7785712,E,7,0,,,D,9.67,P/59535,2Ø45,1,0,1,0,,0,1,B,0,0,0,0,0,0,,2021-04-08,WZQS5758NP,,0,0,,9.67011134049,50.75495532193412,2.7083764840344235
7785906,E,4,0,,,D,9.67,P/59535,,1,0,1,0,,1,1,B,0,0,0,0,0,0,,2021-04-08,WZQS5758NP,,0,0,,9.67011134049,50.75495532193411,2.7083764840344235
7786196,E,0,0,,,D,67.47,P/59535,,1,0,1,0,,0,1,,0,0,0,0,0,0,,2021-04-08,WZQS5758NP,,0,0,,67.4686773504,50.75880375265659,2.725138343013464
7791309,E,4,0,,N,D,119.98,P/59535,,1,0,1,0,,1,1,B,0,0,0,0,0,0,,2021-04-07,WZQS5758NP,,0,0,,119.978359512,50.7700948550628,2.7423101618447703
7791312,E,4,0,,,D,7.16,P/59535,,1,0,1,0,,2,1,B,0,0,0,0,0,0,,2021-04-14,WZQS5758NP,,0,0,,7.16138479228,50.76561121598403,2.726798435969707
8242586,E,7,0,,,D,44.35,,3Ø45,1,0,1,0,,0,1,C,0,0,0,0,0,0,,2025-05-28,CWKB7174,,0,0,,44.3537691241,50.77568465187074,2.7384910856318156
8242607,E,7,0,,,D,37.95,,2Ø45,1,0,1,0,,0,1,C,0,0,0,0,0,0,,2025-05-28,CWKB7174,,0,0,,37.9414097405,50.77733456849764,2.7380571356790955
3181702,E,7,0,,A,D,3.39,02A9640CB046EE511C22F5D9EB692CD9,1 Ø45,1,0,1,1,,0,1,B,0,0,0,0,0,0,,,,,0,0,,3.39446594381,50.768853949689486,2.740596381659479
3181703,E,7,0,,A,D,2.98,02A9640CB1CDFEFA1C22F5D9F6692DF5,1 Ø45,1,0,1,1,,0,1,B,0,0,0,0,0,0,,,,,0,0,,2.9801856768,50.769072124705765,2.7410268559680437
3181715,E,7,0,,A,D,7.72,02A9640CB3D7890B1C22F5DA9E693A2F,3 Ø45,1,0,1,1,,0,1,B,0,0,0,0,0,0,,,,,0,0,,7.7179895566,50.76948349978876,2.7411368335073503
3948303,E,7,0,,A,D,33.47,,3Ø45,1,0,1,0,,0,1,B,0,0,0,0,0,0,,,,,0,0,,33.4739729987,50.76659913874164,2.7179027323233775
4591926,E,7,0,,A,D,13.02,P/59535,PEHD:3Ø40,323,0,1,0,,0,0,B,0,0,1,1,0,0,,2021-04-08,WZQS5758NP,,0,0,,13.0173571167,50.763141025039616,2.7169926776275295
4987605,E,7,0,,A,D,54.14,,2Ø45,1,0,1,0,,0,1,B,0,0,0,0,0,0,,,,,0,0,,54.1282612686,50.7796281591828,2.7324546697945697
5025693,E,4,0,,N,D,10.81,,,1,0,1,0,,0,1,B,0,0,0,0,0,0,,,,,0,0,,10.8065080707,50.75867929114608,2.732716601350957
5040299,E,7,0,,A,D,184.86,,5Ø45,1,0,1,0,"OP<36 Fo  FU592447/F40891 1329,99m",0,1,B,0,0,0,0,0,0,,,,,0,0,,184.834198019,50.76970118885174,2.7061506807534097
5042135,E,7,0,,A,D,28.76,,2Ø45,1,0,1,0,,0,1,B,0,0,0,0,0,0,,,,,0,0,,28.7594160873,50.778530443714025,2.7179528952746184
5042570,E,7,0,,A,D,26.88,P/59535,2Ø45,1,0,1,0,,0,1,B,0,0,0,0,0,0,,2021-04-06,WZQS5758NP,,0,0,,26.8610328779,50.7800122170434,2.720639573707947
5042574,E,7,0,,A,D,61.95,,1Ø45,1,0,1,0,,0,1,B,0,0,0,0,0,0,,,,,0,0,,61.9466808208,50.78024889155703,2.7223354157892827
5043269,E,7,0,,A,D,102.72,,1Ø45,1,0,1,0,,0,1,B,0,0,0,0,0,0,,,,,0,0,,102.684610948,50.780391586860134,2.7234078286917236
5043381,E,4,0,,N,D,847.46,P/59535,,1,0,1,0,,1,1,B,0,0,0,0,0,0,,2021-04-06,WZQS5758NP,,0,0,,847.306099509,50.775745685897036,2.720585457978876
5045291,E,4,0,,N,D,3.61,P/59535,,1,0,1,0,,1,1,B,0,0,0,0,0,0,,2021-04-07,WZQS5758NP,,0,0,,3.61291394836,50.7769394680212,2.7383418034448095
5050239,E,7,0,,A,D,77.65,,2Ø45,1,0,1,0,,0,1,B,0,0,0,0,0,0,,,,,0,0,,77.6546774691,50.76662645543429,2.7102727877610686
5050502,E,4,0,,N,D,12.75,P/59535,,1,0,1,0,,1,1,B,0,0,0,0,0,0,,2021-04-02,WZQS5758NP,,0,0,,12.7392018107,50.771737581422926,2.713234924271961
5050889,E,7,0,,A,D,15.38,,1Ø45,1,0,1,0,,0,1,B,0,0,0,0,0,0,,,,,0,0,,15.3816550187,50.768142704159374,2.719716888837632
5050908,E,7,0,,A,D,50.09,,1Ø45,1,0,1,0,,0,1,B,0,0,0,0,0,0,,,,,0,0,,50.0771144129,50.76856285354016,2.71859770806367
5051373,E,7,0,,A,D,19.79,P/59535,1Ø45,1,0,1,0,,0,1,B,0,0,0,0,0,0,,2021-04-06,WZQS5758NP,,0,0,,19.7844147464,50.768160605686724,2.717891411814746
5051466,E,7,0,,A,D,5.54,,1Ø45,1,0,1,0,,0,1,B,0,0,0,0,0,0,,,,,0,0,,5.54200248084,50.767311473072894,2.7175080738801767
5051469,E,7,0,,A,D,30.91,,1Ø45,1,0,1,0,,0,1,B,0,0,0,0,0,0,,,,,0,0,,30.9103746505,50.76742165903799,2.7175606484363586
5051474,E,7,0,,A,D,8.79,,1Ø45,1,0,1,0,,0,1,B,0,0,0,0,0,0,,,,,0,0,,8.79116038947,50.76712205758619,2.7182177038707316
5051625,E,7,0,,A,D,41.86,,3Ø45,1,0,1,0,,0,1,B,0,0,0,0,0,0,,,,,0,0,,41.8613963846,50.7669130044263,2.7180996391591536
5051627,E,7,0,,A,D,21.74,,1Ø45,1,0,1,0,,0,1,B,0,0,0,0,0,0,,,,,0,0,,21.731069369,50.76682462285664,2.7179926837518176
5051822,E,7,0,,A,D,5.4,,1Ø45,1,0,1,0,,0,1,B,0,0,0,0,0,0,,,,,0,0,,5.39713337089,50.76640945632164,2.7172711043026547
5051824,E,7,0,,A,D,8.24,,1Ø45,1,0,1,0,,0,1,B,0,0,0,0,0,0,,,,,0,0,,8.23735330112,50.76644094938916,2.7173032160912296
5052136,E,7,0,,A,D,98.46,,5Ø45,1,0,1,0,OP<36 Fo  FU592447/F40890 2145m,0,1,B,0,0,0,0,0,0,,,,,0,0,,98.4409385655,50.76617614348116,2.7150486183637073
5052139,E,7,0,,A,D,8.43,P/59535,2Ø45,1,0,1,0,,0,1,B,0,0,0,0,0,0,,2021-04-06,WZQS5758NP,,0,0,,8.42460886183,50.76608370536796,2.7156702819390217
5052408,E,7,0,,A,D,15.8,,1Ø45,1,0,1,0,,0,1,B,0,0,0,0,0,0,,,,,0,0,,15.7895253828,50.76664257315331,2.7193132951105405
5052410,E,7,0,,A,D,19.77,P/59535,1Ø45,1,0,1,0,,0,1,B,0,0,0,0,0,0,,2021-04-06,WZQS5758NP,,0,0,,19.7603969924,50.76664540949768,2.7192761628556252
5054304,E,7,0,,A,D,56.55,,3Ø45,1,0,1,0,,0,1,B,0,0,0,0,0,0,,,,,0,0,,56.5280309706,50.76667543940845,2.7222014391166725
5054322,E,7,0,,A,D,25.66,P/59535,1Ø45,1,0,1,0,,0,1,B,0,0,0,0,0,0,,2021-04-07,WZQS5758NP,,0,0,,25.6492406682,50.76660662804211,2.7229837564946724
5054333,E,7,0,,A,D,34.46,,1Ø45,1,0,1,0,,0,1,B,0,0,0,0,0,0,,,,,0,0,,34.4597842501,50.766779403189915,2.722146218495094
5054728,E,7,0,,A,D,38.84,,1Ø45,1,0,1,0,,0,1,B,0,0,0,0,0,0,,,,,0,0,,38.8251693179,50.76767286905395,2.7220066434849084
5054731,E,7,0,,A,D,16.4,,1Ø45,1,0,1,0,,0,1,B,0,0,0,0,0,0,,,,,0,0,,16.3955369606,50.76754790061402,2.7229653027189253
5054733,E,7,0,,A,D,61.02,,1Ø45,1,0,1,0,,0,1,B,0,0,0,0,0,0,,,,,0,0,,61.0178149041,50.767611565180616,2.722663714318097
5054967,E,7,0,,A,D,45.67,,4Ø45,1,0,1,0,,0,1,B,0,0,0,0,0,0,,,,,0,0,,45.6581752279,50.76518678708226,2.72318181382471
5054973,E,7,0,,A,D,119.88,,3Ø45,1,0,1,0,,0,1,B,0,0,0,0,0,0,,,,,0,0,,119.844004008,50.76547599558142,2.7245403983437044
5055352,E,4,0,,N,D,3.44,P/59535,,1,0,1,0,,1,1,B,0,0,0,0,0,0,,2021-04-07,WZQS5758NP,,0,0,,3.43246408169,50.76940353296871,2.7269829067484115
5055604,E,4,0,,N,D,69.41,P/59535,,1,0,1,0,,1,1,B,0,0,0,0,0,0,,2021-04-07,WZQS5758NP,,0,0,,69.3857469476,50.768465086053965,2.721531416637456
5056037,E,7,0,,A,D,8.37,,1Ø45,1,0,1,0,,0,1,B,0,0,0,0,0,0,,,,,0,0,,8.3683063186,50.767221995715175,2.7249463803182628
5056042,E,7,0,,A,D,77.06,P/59535,2Ø45,1,0,1,0,,0,1,B,0,0,0,0,0,0,,2021-04-07,WZQS5758NP,,0,0,,77.0509879559,50.767496483137734,2.7251846206136916
5056582,E,7,0,,A,D,8.01,P/59535,2Ø45,1,0,1,0,,0,1,B,0,0,0,0,0,0,,2021-04-07,WZQS5758NP,,0,0,,8.01387172665,50.77071159699289,2.729911605108824
5056592,E,7,0,,A,D,5.51,,2Ø45,1,0,1,0,,0,1,B,0,0,0,0,0,0,,,,,0,0,,5.50898980593,50.77305845152625,2.733949192732187
5057324,E,7,0,,A,D,6.68,02A9640860F707521C22F5D69368F869,2Ø45,1,0,1,1,,0,1,B,0,0,0,0,0,0,,,,,0,0,,6.67192796034,50.76835434019616,2.732214729733313
5057619,E,4,0,,N,D,23.83,P/59535,,1,0,1,0,,1,1,B,0,0,0,0,0,0,,2021-04-07,WZQS5758NP,,0,0,,23.8303477432,50.7689925227702,2.7413273559129125
5057623,E,4,0,,N,D,62.46,P/59535,,1,0,1,0,,2,1,B,0,0,0,0,0,0,,2021-04-14,WZQS5758NP,,0,0,,62.4610214678,50.76791336726537,2.7421920047369968
5069489,E,7,0,,A,D,64.58,,5Ø45,1,0,1,0,OP<36 Fo  FU592447/F40890 2145m,0,1,B,0,0,0,0,0,0,,,,,0,0,,64.5713893232,50.764690034399464,2.719487653205942
5070037,E,7,0,,A,D,1.41,,2Ø45,1,0,1,0,,0,1,B,0,0,0,0,0,0,,,,,0,0,,1.41117870963,50.76372077585344,2.7219797919070494
5070038,E,7,0,,A,D,50.36,,7Ø45,1,0,1,0,OP<36 Fo  FU592447/F40890 2145m,0,1,B,0,0,0,0,0,0,,,,,0,0,,50.3498715204,50.76350287145991,2.7220682395377924
5070048,E,7,0,,A,D,158.06,,5Ø45,1,0,1,0,,0,1,B,0,0,0,0,0,0,,,,,0,0,,158.038564877,50.762683159631436,2.71952470878895
5070102,E,7,0,,A,D,5.31,,1Ø45,1,0,1,0,,0,1,B,0,0,0,0,0,0,,,,,0,0,,5.31299699131,50.76385196357093,2.7186291749387452
5070171,E,7,0,,A,D,31.38,,1Ø45,1,0,1,0,,0,1,B,0,0,0,0,0,0,,,,,0,0,,31.3680546395,50.76440506782799,2.719662171312138
5070177,E,7,0,,A,D,16.32,,1Ø45,1,0,1,0,,0,1,B,0,0,0,0,0,0,,,,,0,0,,16.3131023626,50.76225208894177,2.718769716219587
5070179,E,7,0,,A,D,3.23,,3Ø45,1,0,1,0,,0,1,B,0,0,0,0,0,0,,,,,0,0,,3.22540670595,50.75916625822875,2.7137792958443807
5070188,E,7,0,,A,D,7.63,,2Ø45,1,0,1,0,,0,1,B,0,0,0,0,0,0,,,,,0,0,,7.62520804261,50.75493340890447,2.7084813366964546
5070932,E,7,0,,A,D,48.02,,2Ø45,1,0,1,0,,0,1,B,0,0,0,0,0,0,,,,,0,0,,48.001814514,50.76550729803349,2.715619772866116
5070933,E,7,0,,A,D,77.36,,1Ø45,1,0,1,0,,0,1,B,0,0,0,0,0,0,,,,,0,0,,77.3068181542,50.76513118908721,2.7152105389151653
5071042,E,7,0,,A,D,67.13,,2Ø45,1,0,1,0,,0,1,B,0,0,0,0,0,0,,,,,0,0,,67.1217477115,50.766153177016925,2.713390342350094
5071046,E,7,0,,A,D,15.45,,5Ø45,1,0,1,0,,0,1,B,0,0,0,0,0,0,,,,,0,0,,15.4464464986,50.766221466155834,2.713214140728654
5071414,E,7,0,,A,D,35.49,,3Ø45,1,0,1,0,,0,1,B,0,0,0,0,0,0,,,,,0,0,,35.484010112,50.756626716646835,2.7256011883341515
5072828,E,7,0,,A,D,14.9,,4Ø45,1,0,1,0,,0,1,B,0,0,0,0,0,0,,,,,0,0,,14.9013273395,50.7609584535677,2.7236431741242995
5072980,E,7,0,,A,D,32.56,P/59535,1Ø45,1,0,1,0,,0,1,B,0,0,0,0,0,0,,2021-04-07,WZQS5758NP,,0,0,,32.5569641721,50.766473751362724,2.724114808640773
6884622,E,0,0,,,D,40.81,PAR59535,,1,0,1,0,,0,1,,0,0,0,0,0,0,,2017-01-06,QSNK0093NP,,0,0,,40.8058576506,50.77801724938218,2.714959335450372
7086801,E,7,0,,,D,56.2,,3Ø45,1,0,1,0,,0,1,C,0,0,0,0,0,0,,2017-12-04,ceob5464,,0,0,,56.1997308601,50.763312131294555,2.708743893929057
7369378,E,7,0,,,D,66.9,,2Ø45,321,0,1,0,,0,0,C,0,0,0,0,0,0,,2019-05-07,duad6495,,0,0,,66.9005698592,50.768085296469735,2.731406310285744
7369380,E,7,0,,,D,2.64,,6Ø45,321,0,1,0,,0,0,C,0,0,0,0,0,0,,2019-05-07,duad6495,,0,0,,2.64486160404,50.767750565704674,2.7316416254990035
7616284,E,7,0,,,D,10.5,,2Ø45,1,0,1,0,,0,1,C,0,0,0,0,0,0,,2020-07-20,nlzh9590,BER900885,0,0,,10.5006861061,50.75882858339082,2.708470910761386
7761846,E,7,0,,,D,24.93,,3Ø45,1,0,1,0,,0,1,A,30,10,0,0,0,0,,2021-03-08,JFHC8005NP,,0,0,,24.9303628563,50.766225141514596,2.7085007313041407
7762227,E,7,0,,,D,14.05,,1Ø45,1,0,1,0,,0,1,A,10,10,0,0,0,0,,2021-03-09,JFHC8005NP,,0,0,,14.0514699681,50.76617931044824,2.708543818236073
7762499,E,7,0,,,D,10.38,,2Ø45,1,0,1,0,,0,1,A,20,10,0,0,0,0,,2021-03-09,JFHC8005NP,,0,0,,10.3769580019,50.7651222033027,2.708638412761779
7762509,E,7,0,,,D,29.27,,1Ø45,1,0,1,0,,0,1,A,10,10,0,0,0,0,,2021-03-09,JFHC8005NP,,0,0,,29.2654608945,50.76377668791276,2.7087923197740897
7762694,E,7,0,,,D,31.63,,1Ø45,1,0,1,0,,0,1,A,10,10,0,0,0,0,,2021-03-09,JFHC8005NP,,0,0,,31.6281367769,50.763418212511404,2.7087317288333588
7781664,E,7,0,,,D,9.11,P/59535,2Ø45,1,0,1,0,,0,1,B,0,0,0,0,0,0,,2021-04-02,WZQS5758NP,,0,0,,9.11496936612,50.759823400877934,2.708685339474155
7781761,E,4,0,,N,D,38.82,P/59535,,1,0,1,1,,1,1,B,0,0,0,0,0,0,,2021-04-02,WZQS5758NP,,0,0,,38.8174262614,50.76029328171683,2.708701144314509
7781764,E,4,0,,N,D,52.5,P/59535,,1,0,1,1,,1,1,B,0,0,0,0,0,0,,2021-04-02,WZQS5758NP,,0,0,,52.4973423396,50.76070265793691,2.708713986318593
7781768,E,7,0,,,D,9.0,P/59535,2Ø45,1,0,1,0,,0,1,B,0,0,0,0,0,0,,2021-04-02,WZQS5758NP,,0,0,,8.9998094229,50.76113692745395,2.7087588939316243
7781772,E,7,0,,,D,1.44,P/59535,1Ø45,1,0,1,0,,0,1,B,0,0,0,0,0,0,,2021-04-02,WZQS5758NP,,0,0,,1.43664042164,50.763743602755554,2.708813424884365
7781876,E,7,0,,,D,8.14,P/59535,2Ø45,1,0,1,0,,0,1,B,0,0,0,0,0,0,,2021-04-02,WZQS5758NP,,0,0,,8.13813055414,50.763786499928294,2.7087466345393194
7781887,E,4,0,,,D,64.85,P/59535,,1,0,1,0,,1,1,B,0,0,0,0,0,0,,2021-04-02,WZQS5758NP,,0,0,,64.8407067509,50.76601520641985,2.7084411445362067
7782099,E,4,0,,N,D,144.67,P/59535,,1,0,1,0,,1,1,B,0,0,0,0,0,0,,2021-04-02,WZQS5758NP,,0,0,,144.669221532,50.768007594539796,2.710222836718801
7783294,E,3,0,,,D,2.61,P/59535,,1,0,1,0,,0,1,,0,0,0,0,0,0,,2021-04-06,WZQS5758NP,,0,0,,2.61093257436,50.77874331639104,2.7354513790818427
7783350,E,7,0,,,D,0.25,P/59535,2Ø45,1,0,1,0,,0,1,B,0,0,0,0,0,0,,2021-04-06,WZQS5758NP,,0,0,,0.247313692034,50.78123661661534,2.740157878380245
7783367,E,4,0,,N,D,142.4,P/59535,,1,0,1,0,,1,1,B,0,0,0,0,0,0,,2021-04-06,WZQS5758NP,,0,0,,142.364696279,50.78043126660124,2.7110781743258614
7783419,E,7,0,,,D,4.94,P/59535,1Ø45,1,0,1,0,,0,1,B,0,0,0,0,0,0,,2021-04-06,WZQS5758NP,,0,0,,4.94339020195,50.76648446274252,2.717968129100843
7783506,E,2,0,,,D,18.27,P/59535,,1,0,1,0,,0,1,,0,0,0,0,0,0,,2021-04-06,WZQS5758NP,,0,0,,18.2674269762,50.765810194352305,2.719065977890985
7784018,E,3,0,,,D,3.56,P/59535,,1,0,1,0,,0,1,,0,0,0,0,0,0,,2021-04-07,WZQS5758NP,,0,0,,3.5557262051,50.76426446247858,2.720604411780004
7784262,E,0,0,,,D,15.14,P/59535,,1,0,1,0,,0,1,,0,0,0,0,0,0,,2021-04-07,WZQS5758NP,,0,0,,15.1400103979,50.765768730660376,2.7240839099971192
7784263,E,0,0,,,D,49.8,P/59535,,1,0,1,0,,0,1,,0,0,0,0,0,0,,2021-04-07,WZQS5758NP,,0,0,,49.8042773992,50.76537137896292,2.725571845597714
7784310,A,4,0,,N,D,62.84,P/59535,,1,0,1,0,,1,1,C,0,0,0,0,0,0,,2021-04-07,WZQS5758NP,,0,0,,62.825787968,50.768509184378374,2.7215042446943545
7784486,E,7,0,,,D,1.66,P/59535,2Ø45,1,0,1,0,,0,1,B,0,0,0,0,0,0,,2021-04-07,WZQS5758NP,,0,0,,1.66400340236,50.76621900266706,2.729519468182903
7784808,E,4,0,,N,D,25.6,P/59535,,1,0,1,1,,2,1,B,0,0,0,0,0,0,,2021-04-14,WZQS5758NP,,0,0,,25.599182677,50.77116731288415,2.7308075619228953
7784907,E,4,0,,N,D,58.94,P/59535,,1,0,1,0,,1,1,B,0,0,0,0,0,0,,2021-04-07,WZQS5758NP,,0,0,,58.8965947868,50.777663786484105,2.7493339870324265
7784908,E,4,0,,N,D,306.18,P/59535,,1,0,1,0,,1,1,B,0,0,0,0,0,0,,2021-04-07,WZQS5758NP,,0,0,,306.141782528,50.7736695246414,2.7464849148293595
7785150,E,4,0,,N,D,36.84,P/59535,,1,0,1,0,,1,1,B,0,0,0,0,0,0,,2021-04-07,WZQS5758NP,,0,0,,36.8413810096,50.776771360997984,2.738165971150741
7785151,E,4,0,,N,D,5.97,P/59535,,1,0,1,0,,1,1,B,0,0,0,0,0,0,,2021-04-07,WZQS5758NP,,0,0,,5.971791764,50.77658071515049,2.7382013540048424
7785152,E,4,0,,,D,57.58,P/59535,,1,0,1,0,,1,1,B,0,0,0,0,0,0,,2021-04-07,WZQS5758NP,,0,0,,57.5722247697,50.77669328077115,2.7383240321338183
7785697,E,7,0,,,D,70.7,P/59535,1Ø28,1,0,1,0,,0,1,C,0,0,0,0,0,0,,2021-04-08,WZQS5758NP,,0,0,,70.6958644785,50.778449774445754,2.7359419340675606
7785711,E,7,0,,,D,2.22,P/59535,2Ø45,1,0,1,0,,0,1,B,0,0,0,0,0,0,,2021-04-08,WZQS5758NP,,0,0,,2.21515080286,50.75487785567782,2.7085249897653636
7785907,E,4,0,,,D,2.69,P/59535,,1,0,1,0,,1,1,B,0,0,0,0,0,0,,2021-04-08,WZQS5758NP,,0,0,,2.68961640531,50.75489899409404,2.708525930284777
7785910,E,7,0,,,D,13.19,P/59535,1Ø45,1,0,1,0,,0,1,B,0,0,0,0,0,0,,2021-04-08,WZQS5758NP,,0,0,,13.1937373906,50.76855585342426,2.7402605049096866
8052690,E,7,0,,,D,9.91,,3Ø45,321,0,1,0,,0,0,C,0,0,0,0,0,0,,2022-09-21,CWKB7174,,0,0,,9.90470904864,50.76338340347521,2.72111581151188
3180897,E,4,0,,N,D,308.26,02A961560F21B6251C22F5899A6486DB,,1,0,1,1,,1,1,B,0,0,0,0,0,0,,,,,0,0,,308.250735607,50.757951664869715,2.7127360944003454
3180906,E,7,0,,A,D,25.68,02A961593DA79A881C22F58ADE64A5A6,1 Ø45,1,0,1,1,,0,1,B,0,0,0,0,0,0,,,,,0,0,,25.6754345421,50.7668981662828,2.708682558243699
3181695,E,7,0,,A,D,45.34,02A9640C9AB88E6A1C22F5D90E692027,2 Ø45,1,0,1,1,,0,1,B,0,0,0,0,0,0,,,,,0,0,,45.3429952319,50.76872550447946,2.740355948797509
3181706,E,7,0,,A,D,29.79,P/59535,1Ø33,1,0,1,1,,0,1,B,0,0,0,0,0,0,,2021-04-08,WZQS5758NP,,0,0,,29.7881105099,50.76855822967066,2.7399690567589072
3829739,E,7,0,,A,D,41.04,,1Ø45,1,0,1,0,,0,1,B,0,0,0,0,0,0,,,,,0,0,,41.0331707158,50.76375698890604,2.7218012399029443
4591924,E,7,0,,A,D,14.27,,3Ø45,1,0,1,0,,0,1,B,0,0,0,0,0,0,,,,,0,0,,14.2687683392,50.763680109989174,2.717634692164313
4895205,E,7,0,,A,D,10.1,,1Ø45,1,0,1,0,,0,1,B,0,0,0,0,0,0,,,,,0,0,,10.0989809641,50.76631398052868,2.719079693855768
4987606,E,7,0,,A,D,8.17,,1Ø45,1,0,1,0,,0,1,B,0,0,0,0,0,0,,,,,0,0,,8.16483862312,50.78024258353794,2.7298720892398607
4987614,E,7,0,,A,D,126.61,,3Ø45,1,0,1,0,,0,1,B,0,0,0,0,0,0,,,,,0,0,,126.601297054,50.779055598325115,2.735101658459658
5025827,E,4,0,,N,D,296.9,P/59535,,1,0,1,0,,1,1,B,0,0,0,0,0,0,,2021-04-08,WZQS5758NP,,0,0,,296.857132726,50.760995717324924,2.7364350169721474
5042298,E,4,0,,N,D,3.59,P/59535,,1,0,1,0,,1,1,B,0,0,0,0,0,0,,2021-04-06,WZQS5758NP,,0,0,,3.5866098003,50.78007908990527,2.707908438882557
5042576,E,7,0,,A,D,45.89,,1Ø45,1,0,1,0,,0,1,B,0,0,0,0,0,0,,,,,0,0,,45.8768144263,50.78002588125556,2.721065253913488
5045286,E,7,0,,A,D,22.73,,3Ø45,1,0,1,0,,0,1,B,0,0,0,0,0,0,,,,,0,0,,22.7252544141,50.7765417386485,2.738342313568182
5045557,E,7,0,,A,D,6.89,,1Ø28,1,0,1,0,,0,1,B,0,0,0,0,0,0,,,,,0,0,,6.89104538587,50.78077443718978,2.7389859298659847
5045558,E,7,0,,A,D,1.46,,1Ø28,1,0,1,0,,0,1,B,0,0,0,0,0,0,,,,,0,0,,1.46233525887,50.78079771607605,2.7390321981170738
5045566,E,7,0,,A,D,42.73,,1Ø33,1,0,1,0,,0,1,B,0,0,0,0,0,0,,,,,0,0,,42.7269532946,50.77994260293582,2.727135401081645
5050506,A,4,0,,N,D,114.65,P/59535,,1,0,1,0,,1,1,C,0,0,0,0,0,0,,2021-04-14,WZQS5758NP,,0,0,,114.636811844,50.77111715870537,2.713775731093136
5050507,E,7,0,,A,D,5.3,P/59535,2Ø45,1,0,1,0,,0,1,B,0,0,0,0,0,0,,2021-04-02,WZQS5758NP,,0,0,,5.2975602546,50.77073180335692,2.7143570781828785
5050508,E,4,0,,N,D,3.67,P/59535,,1,0,1,0,,2,1,B,0,0,0,0,0,0,,2021-04-14,WZQS5758NP,,0,0,,3.66949372605,50.771434056649966,2.713230069912309
5050886,E,7,0,,A,D,58.97,,3Ø45,1,0,1,0,,0,1,B,0,0,0,0,0,0,,,,,0,0,,58.9541302413,50.76850701781135,2.718057341239551
5050887,E,7,0,,A,D,73.4,,3Ø45,1,0,1,0,,0,1,B,0,0,0,0,0,0,,,,,0,0,,73.3932789005,50.76850537301492,2.7186372774003185
5051374,E,7,0,,A,D,25.37,,1Ø45,1,0,1,0,,0,1,B,0,0,0,0,0,0,,,,,0,0,,25.3670480678,50.76814010493825,2.7178650520519914
5051471,E,7,0,,A,D,6.67,,1Ø45,1,0,1,0,,0,1,B,0,0,0,0,0,0,,,,,0,0,,6.6679317293,50.76726249425604,2.717474051550889
5051480,E,7,0,,A,D,8.6,,1Ø45,1,0,1,0,,0,1,B,0,0,0,0,0,0,,,,,0,0,,8.6005700606,50.76728161055045,2.7183232431468096
5051482,E,7,0,,A,D,18.69,,1Ø45,1,0,1,0,,0,1,B,0,0,0,0,0,0,,,,,0,0,,18.6919979715,50.767326016682034,2.718360852392788
5051485,E,7,0,,A,D,6.21,,1Ø45,1,0,1,0,,0,1,B,0,0,0,0,0,0,,,,,0,0,,6.21246761519,50.76648688360282,2.7178160676163152
5051488,E,7,0,,A,D,16.56,,1Ø45,1,0,1,0,,0,1,B,0,0,0,0,0,0,,,,,0,0,,16.5611817501,50.76651711393426,2.7178728492439532
5051575,E,7,0,,A,D,48.11,,1Ø45,1,0,1,0,,0,1,B,0,0,0,0,0,0,,,,,0,0,,48.1074017511,50.76632806330018,2.717891013551721
5051581,E,7,0,,A,D,17.97,,1Ø45,1,0,1,0,,0,1,B,0,0,0,0,0,0,,,,,0,0,,17.9657319988,50.765969226568096,2.7178456092969743
5051621,E,7,0,,A,D,23.49,,1Ø45,1,0,1,0,,0,1,B,0,0,0,0,0,0,,,,,0,0,,23.4835395686,50.767027455882534,2.7173574716526145
5051624,E,7,0,,A,D,14.24,,1Ø45,1,0,1,0,,0,1,B,0,0,0,0,0,0,,,,,0,0,,14.237903216,50.76696241033342,2.7175945875296894
5051630,E,7,0,,A,D,14.94,P/59535,1Ø45,1,0,1,0,,0,1,B,0,0,0,0,0,0,,2021-04-06,WZQS5758NP,,0,0,,14.9372495755,50.76702928062802,2.7182138376818115
5051631,E,7,0,,A,D,17.76,,1Ø45,1,0,1,0,,0,1,B,0,0,0,0,0,0,,,,,0,0,,17.7592198595,50.767013953913725,2.718153739681429
5051821,E,7,0,,A,D,23.39,,3Ø45,1,0,1,0,,0,1,B,0,0,0,0,0,0,,,,,0,0,,23.38061488,50.76632368369241,2.7173298966765924
5052134,E,7,0,,A,D,56.39,,7Ø45,1,0,1,0,OP<36 Fo  FU592447/F40890 2145m,0,1,B,0,0,0,0,0,0,,,,,0,0,,56.3917254181,50.7659718939777,2.716084243472367
5052135,E,7,0,,A,D,10.92,,3Ø45,1,0,1,0,,0,1,B,0,0,0,0,0,0,,,,,0,0,,10.9235620955,50.76602389484772,2.7156919318613006
5052409,E,7,0,,A,D,22.02,P/59535,1Ø45,1,0,1,0,,0,1,B,0,0,0,0,0,0,,2021-04-06,WZQS5758NP,,0,0,,22.0135313807,50.76663325704401,2.719272874067772
5052411,E,7,0,,A,D,50.64,,3Ø45,1,0,1,0,,0,1,B,0,0,0,0,0,0,,,,,0,0,,50.6323519295,50.76690928023056,2.7194737511745743
5052721,E,7,0,,A,D,15.49,,1Ø45,1,0,1,0,,0,1,B,0,0,0,0,0,0,,,,,0,0,,15.4877895311,50.767185710991264,2.7196435748063874
5052725,E,7,0,,A,D,26.48,,1Ø45,1,0,1,0,,0,1,B,0,0,0,0,0,0,,,,,0,0,,26.4740095471,50.76773227553846,2.7198924421833994
5052728,E,7,0,,A,D,22.55,,1Ø45,1,0,1,0,,0,1,B,0,0,0,0,0,0,,,,,0,0,,22.5489734842,50.767949671025015,2.719979467261907
5052729,E,7,0,,A,D,65.39,,1Ø45,1,0,1,0,,0,1,B,0,0,0,0,0,0,,,,,0,0,,65.3901356832,50.768135545993225,2.720054004267787
5054028,E,7,0,,A,D,31.57,P/59535,1Ø45,1,0,1,0,,0,1,B,0,0,0,0,0,0,,2021-04-07,WZQS5758NP,,0,0,,31.5621800224,50.765872116833734,2.7230086443313843
5054325,E,7,0,,A,D,72.85,,2Ø45,1,0,1,0,,0,1,B,0,0,0,0,0,0,,,,,0,0,,72.8349646649,50.76627135047255,2.7227306812525405
5054336,E,7,0,,A,D,17.49,P/59535,1Ø45,1,0,1,0,,0,1,B,0,0,0,0,0,0,,2021-04-07,WZQS5758NP,,0,0,,17.4795633488,50.766100979082886,2.72296090955799
5054861,E,7,0,,A,D,15.09,,1Ø45,1,0,1,0,,0,1,B,0,0,0,0,0,0,,,,,0,0,,15.0823692932,50.766508053048724,2.723648431746168
5054970,E,7,0,,A,D,23.66,P/59535,1Ø45,1,0,1,0,,0,1,B,0,0,0,0,0,0,,2021-04-07,WZQS5758NP,,0,0,,23.6502395874,50.76527892968584,2.7232297467628666
5054972,E,7,0,,A,D,24.91,,3Ø45,1,0,1,0,,0,1,B,0,0,0,0,0,0,,,,,0,0,,24.9025337335,50.76543747504812,2.7234594155844327
5055607,E,7,0,,A,D,7.94,,2Ø45,1,0,1,0,,0,1,B,0,0,0,0,0,0,,,,,0,0,,7.94095155956,50.77014773620136,2.7223846186259033
5055610,E,7,0,,A,D,9.58,,2Ø45,1,0,1,0,,0,1,B,0,0,0,0,0,0,,,,,0,0,,9.58056412098,50.76737760609875,2.7248735248764864
5055611,E,7,0,,A,D,106.56,P/59535,4Ø45,1,0,1,0,,0,1,B,0,0,0,0,0,0,,2021-04-07,WZQS5758NP,,0,0,,106.549304751,50.76674814757137,2.724626119632909
5055613,E,7,0,,A,D,47.97,P/59535,1Ø45,1,0,1,0,,0,1,B,0,0,0,0,0,0,,2021-04-07,WZQS5758NP,,0,0,,47.9679990801,50.76698537329183,2.7247903985057396
5056033,E,7,0,,A,D,6.11,,2Ø45,1,0,1,0,,0,1,B,0,0,0,0,0,0,,,,,0,0,,6.11133831494,50.76717362558203,2.7249681388980944
5056039,E,3,0,,N,D,4.71,,,1,0,1,0,,0,1,,0,0,0,0,0,0,,,,,0,0,,4.70923879566,50.76729936445411,2.7247210086513234
5056383,E,4,0,,N,D,103.08,P/59535,,1,0,1,0,,1,1,B,0,0,0,0,0,0,,2021-04-07,WZQS5758NP,,0,0,,103.080354375,50.77249667008767,2.7393358423851137
5056585,E,4,0,,N,D,1.86,P/59535,,1,0,1,0,,1,1,B,0,0,0,0,0,0,,2021-04-07,WZQS5758NP,,0,0,,1.8611155322,50.771077717796686,2.730693327147858
5056586,E,7,0,,A,D,5.92,P/59535,2Ø45,1,0,1,0,,0,1,B,0,0,0,0,0,0,,2021-04-07,WZQS5758NP,,0,0,,5.92060291076,50.77126742557736,2.7308938161006875
5056587,E,4,0,,N,D,2.0,P/59535,,1,0,1,0,,1,1,B,0,0,0,0,0,0,,2021-04-07,WZQS5758NP,,0,0,,1.99838888165,50.77173348849026,2.731664587750596
5056590,E,4,0,,N,D,167.39,P/59535,,1,0,1,0,,1,1,B,0,0,0,0,0,0,,2021-04-07,WZQS5758NP,,0,0,,167.387390909,50.77068557902613,2.7317743697716743
5056860,E,7,0,,A,D,41.25,P/59535,2Ø45,1,0,1,0,,0,1,B,0,0,0,0,0,0,,2021-04-07,WZQS5758NP,,0,0,,41.2378223372,50.7701015068222,2.740827996700453
5057621,E,4,0,,N,D,91.73,P/59535,,1,0,1,0,,1,1,B,0,0,0,0,0,0,,2021-04-07,WZQS5758NP,,0,0,,91.7288390447,50.76852735518041,2.7416909427647536
5069175,E,7,0,,A,D,9.1,,1Ø45,1,0,1,0,,0,1,B,0,0,0,0,0,0,,,,,0,0,,9.09937075286,50.76406651440419,2.7188740196088705
5069178,E,7,0,,A,D,51.08,,1Ø45,1,0,1,0,,0,1,B,0,0,0,0,0,0,,,,,0,0,,51.0701221163,50.763843587611625,2.718928414865157
5069181,E,7,0,,A,D,7.16,,1Ø45,1,0,1,0,,0,1,B,0,0,0,0,0,0,,,,,0,0,,7.16136798235,50.76395345954757,2.718731923517579
5069184,E,7,0,,A,D,20.94,,1Ø45,1,0,1,0,,0,1,B,0,0,0,0,0,0,,,,,0,0,,20.9383858118,50.76368948190651,2.7184931304844997
5069493,E,7,0,,A,D,2.29,,1Ø45,1,0,1,0,,0,1,B,0,0,0,0,0,0,,,,,0,0,,2.28584051511,50.76423799583445,2.7202501811493556
5069494,E,7,0,,A,D,149.56,,5Ø45,1,0,1,0,OP<36 Fo  FU592447/F40890 2145m,0,1,B,0,0,0,0,0,0,,,,,0,0,,149.525990591,50.76426135745077,2.720816893177121
5069495,E,7,0,,A,D,41.26,,2Ø45,1,0,1,0,,0,1,B,0,0,0,0,0,0,,,,,0,0,,41.2615332436,50.764428480445766,2.720109450362652
5069824,E,7,0,,A,D,6.14,,1Ø45,1,0,1,0,,0,1,B,0,0,0,0,0,0,,,,,0,0,,6.14473765898,50.764082934660784,2.719333718661081
5070003,E,7,0,,A,D,6.14,,1Ø45,1,0,1,0,,0,1,B,0,0,0,0,0,0,,,,,0,0,,6.13971310206,50.76400299415961,2.719231403393556
5070033,E,7,0,,A,D,144.91,,4Ø45,1,0,1,0,,0,1,B,0,0,0,0,0,0,,,,,0,0,,144.889677763,50.7645364802231,2.7224621361940353
5070034,E,7,0,,A,D,25.61,,2Ø45,1,0,1,0,,0,1,B,0,0,0,0,0,0,,,,,0,0,,25.6043054449,50.764203293572315,2.721850685087322
5070040,E,5,0,,N,D,2.04,,,1,0,1,0,,0,1,,0,0,0,0,0,0,,,,,0,0,,2.03881705283,50.76328617612164,2.72219355356774
5070045,E,7,0,,A,D,75.6,,1Ø45,1,0,1,0,,0,1,B,0,0,0,0,0,0,,,,,0,0,,75.589589947,50.7634153192057,2.7217981611531497
5070046,E,7,0,,A,D,40.11,,4Ø45,1,0,1,0,,0,1,B,0,0,0,0,0,0,,,,,0,0,,40.1097769192,50.763157364654255,2.7206664872038524
5070047,E,7,0,,A,D,1.98,,2Ø45,1,0,1,0,,0,1,B,0,0,0,0,0,0,,,,,0,0,,1.98009357847,50.76309624922152,2.7203880594283323
5070079,E,7,0,,A,D,6.11,,1Ø45,1,0,1,0,,0,1,B,0,0,0,0,0,0,,,,,0,0,,6.10982028747,50.76401191489073,2.719242187082425
5070101,E,7,0,,A,D,31.53,,1Ø45,1,0,1,0,,0,1,B,0,0,0,0,0,0,,,,,0,0,,31.5293927743,50.76372643618404,2.7185406400484884
5070170,E,7,0,,A,D,57.8,,2Ø45,1,0,1,0,,0,1,B,0,0,0,0,0,0,,,,,0,0,,57.7848160736,50.76431788272665,2.719542565576091
5070178,E,7,0,,A,D,2.06,,2Ø45,1,0,1,0,,0,1,B,0,0,0,0,0,0,,,,,0,0,,2.05584322693,50.76220376318051,2.71867795838303
5070182,E,4,0,,N,D,6.54,P/59535,,1,0,1,0,,1,1,B,0,0,0,0,0,0,,2021-04-08,WZQS5758NP,,0,0,,6.54085322423,50.759141078392766,2.7137228187854685
5070931,E,7,0,,A,D,55.92,,1Ø45,1,0,1,0,,0,1,B,0,0,0,0,0,0,,,,,0,0,,55.8984446847,50.76550755010346,2.7156469598329007
5070934,E,7,0,,A,D,28.24,,2Ø45,1,0,1,0,,0,1,B,0,0,0,0,0,0,,,,,0,0,,28.23696157,50.76535691108309,2.7153235321307485
5070939,E,7,0,,A,D,22.13,,1Ø45,1,0,1,0,,0,1,B,0,0,0,0,0,0,,,,,0,0,,22.1133087714,50.76531637961845,2.7143766508457783
5071415,E,7,0,,A,D,36.13,,2Ø45,1,0,1,0,,0,1,B,0,0,0,0,0,0,,,,,0,0,,36.1325068738,50.756623121389445,2.725601016610039
5071416,E,7,0,,A,D,278.75,,4Ø60+3Ø45,1,0,1,0,OP<36 Fo  FU592447/F40890 2145m,0,1,B,0,0,0,0,0,0,,,,,0,0,,278.687595083,50.75796268010185,2.725601690447114
5071698,E,7,0,,A,D,1.75,,2Ø45,1,0,1,0,,0,1,B,0,0,0,0,0,0,,,,,0,0,,1.75001289099,50.76285755490388,2.721573885585592
5072820,E,7,0,,A,D,23.52,,4Ø45,1,0,1,0,,0,1,B,0,0,0,0,0,0,,,,,0,0,,23.5249447502,50.760269817386614,2.7241420017223743
5072823,E,7,0,,A,D,11.52,P/59535,4Ø45,1,0,1,0,,0,1,B,0,0,0,0,0,0,,2021-04-08,WZQS5758NP,,0,0,,11.5153773089,50.762286658785925,2.722775730353887
5072985,E,7,0,,A,D,29.24,,2Ø45,1,0,1,0,,0,1,B,0,0,0,0,0,0,,,,,0,0,,29.235772492,50.76487768001309,2.7230610113265827
5537649,E,7,0,,A,D,18.07,P/59535,PEHD:1Ø40,321,0,1,0,,0,0,B,0,0,1,1,0,0,,2021-04-02,WZQS5758NP,,0,0,,18.0710724489,50.764900083462834,2.7088136212239005
6620456,E,7,0,,,D,36.26,,PEHD:1Ø40,321,0,1,0,,0,0,B,0,0,0,0,0,0,,2015-10-21,jzcq3346,,0,0,,36.2600144056,50.77813181153294,2.7362802905194488
6620457,E,7,0,,,T,93.0,,PEHD:1Ø40,321,0,1,0,,0,0,B,0,0,0,0,0,0,,2016-01-07,jzcq3346,,0,0,,67.373870232,50.77786743925426,2.73600491636636
6620460,E,7,0,,,D,29.42,,PEHD:1Ø40,321,0,1,0,,0,0,B,0,0,0,0,0,0,,2015-10-21,jzcq3346,,0,0,,29.4132120543,50.778775120266125,2.7356341484407434
6924734,E,0,0,,,D,126.16,"PAR59086
$PBGEO
",,1,0,1,0,,0,1,,0,0,0,0,0,0,,2017-03-27,JFHC8005NP,,0,0,,126.164989788,50.781438880148436,2.7248614829905953
7545209,E,7,0,,,D,22.31,,3Ø45,321,0,1,0,,0,0,C,0,0,0,0,0,0,,2020-02-26,qspg3090,,0,0,,22.3065237093,50.781215000771525,2.740055190342755
7761843,E,7,0,,,D,54.68,,3Ø45,1,0,1,0,,0,1,A,30,10,0,0,0,0,,2021-03-08,JFHC8005NP,,0,0,,54.680721357,50.76652288365787,2.7082450913772753
7762230,E,7,0,,,D,50.01,,1Ø45,1,0,1,0,,0,1,A,10,10,0,0,0,0,,2021-03-09,JFHC8005NP,,0,0,,50.0051071729,50.765884670373445,2.708560979546349
7781884,E,4,0,,,D,125.61,P/59535,,1,0,1,0,,1,1,B,0,0,0,0,0,0,,2021-04-02,WZQS5758NP,,0,0,,125.609743047,50.764800551913105,2.70857384186384
7781886,E,4,0,,,D,40.46,P/59535,,1,0,1,0,,1,1,B,0,0,0,0,0,0,,2021-04-02,WZQS5758NP,,0,0,,40.4569655729,50.76554187057893,2.7084756976182245
7783408,E,7,0,,,D,0.59,P/59535,2Ø45,1,0,1,0,,0,1,B,0,0,0,0,0,0,,2021-04-06,WZQS5758NP,,0,0,,0.594383826214,50.76509586187247,2.7184935014829366
7783563,E,7,0,,,D,5.81,P/59535,1Ø45,1,0,1,0,,0,1,B,0,0,0,0,0,0,,2021-04-06,WZQS5758NP,,0,0,,5.80638834664,50.766014450130584,2.717787167545362
7784271,E,4,0,,N,D,91.65,P/59535,,1,0,1,1,,1,1,B,0,0,0,0,0,0,,2021-04-07,WZQS5758NP,,0,0,,91.646759287,50.765691929965,2.727431843229606
7784481,E,4,0,,N,D,26.65,P/59535,,1,0,1,1,,2,1,B,0,0,0,0,0,0,,2021-04-14,WZQS5758NP,,0,0,,26.645271452,50.765916240781515,2.729098382610181
7784489,E,4,0,,,D,2.71,P/59535,,1,0,1,0,,1,1,B,0,0,0,0,0,0,,2021-04-07,WZQS5758NP,,0,0,,2.70733910488,50.76645075715682,2.7308826242934607
7784586,E,4,0,,N,D,61.78,P/59535,,1,0,1,1,,2,1,B,0,0,0,0,0,0,,2021-04-14,WZQS5758NP,,0,0,,61.7837326969,50.76959562851695,2.727339129623962
7784804,E,4,0,,N,D,42.33,P/59535,,1,0,1,1,,2,1,B,0,0,0,0,0,0,,2021-04-14,WZQS5758NP,,0,0,,42.3262366563,50.770787699534914,2.7301771129890806
7784814,E,4,0,,,D,3.55,P/59535,,1,0,1,0,,1,1,B,0,0,0,0,0,0,,2021-04-07,WZQS5758NP,,0,0,,3.54895879333,50.77242283421449,2.7360730139408123
7784815,E,4,0,,N,D,60.57,P/59535,,1,0,1,1,,2,1,B,0,0,0,0,0,0,,2021-04-14,WZQS5758NP,,0,0,,60.5718669729,50.77231309949016,2.736454851472208
7784898,E,4,0,,N,D,160.78,P/59535,,1,0,1,0,,1,1,B,0,0,0,0,0,0,,2021-04-07,WZQS5758NP,,0,0,,160.777393607,50.76705270084727,2.7429930784098313
7785700,E,2,0,,N,D,29.46,P/59535,,1,0,1,1,,0,1,,0,0,0,0,0,0,,2021-04-08,WZQS5758NP,,0,0,,29.4631669043,50.76292225767707,2.720232952618215
7785708,A,7,0,,,D,44.56,P/59535,1Ø45,1,0,1,0,,0,1,C,0,0,0,0,0,0,,2021-04-08,WZQS5758NP,,0,0,,44.5480692753,50.76234340301061,2.718891739030983
7785916,E,4,0,,,D,26.36,P/59535,,1,0,1,0,,1,1,B,0,0,0,0,0,0,,2021-04-08,WZQS5758NP,,0,0,,26.3396770665,50.76931743731084,2.7268908928335733
7786197,E,0,0,,,D,23.3,P/59535,,1,0,1,0,,0,1,,0,0,0,0,0,0,,2021-04-08,WZQS5758NP,,0,0,,23.3011989504,50.75842842951214,2.7253901185493175
7791311,E,4,0,,,D,24.78,P/59535,,1,0,1,0,,2,1,B,0,0,0,0,0,0,,2021-04-14,WZQS5758NP,,0,0,,24.7803715878,50.7695969150093,2.7416562347725075
7791461,E,4,0,,,D,41.25,P/59535,,1,0,1,0,,3,1,B,0,0,0,0,0,0,,2021-04-14,WZQS5758NP,,0,0,,41.2378223372,50.77010150682219,2.7408279967004523
8052512,E,7,0,,,D,41.46,,3Ø45,321,0,1,0,,0,0,C,0,0,0,0,0,0,,2022-09-21,CWKB7174,,0,0,,41.45427579,50.76357993130364,2.7205756800452567
8242584,E,7,0,,,D,53.55,,2Ø45,1,0,1,0,,0,1,C,0,0,0,0,0,0,,2025-05-28,CWKB7174,,0,0,,53.5359355431,50.777269165756685,2.7381346248278993
8242588,E,7,0,,,D,49.19,,2Ø45,1,0,1,0,,0,1,C,0,0,0,0,0,0,,2025-05-28,CWKB7174,,0,0,,49.170676804,50.77535489784496,2.7382967412376473
3180905,E,7,0,,A,D,21.34,02A961593DEADB791C22F58AD364A40F,1 Ø45,1,0,1,1,,0,1,B,0,0,0,0,0,0,,,,,0,0,,21.3401857191,50.76696470887507,2.7089617706182474
3180907,E,7,0,,A,D,44.3,02A961593CCB3D0D1C22F58AE764A661,4 Ø45,1,0,1,1,,0,1,B,0,0,0,0,0,0,,,,,0,0,,44.301717132,50.76692850225836,2.708805827440391
3180918,E,7,0,,A,D,2.7,02A96157AAEE31041C22F58D2564CE32,1 Ø45,1,0,1,1,,0,1,B,0,0,0,0,0,0,,,,,0,0,,2.69914572966,50.76411553919928,2.719298939813765
3180919,E,7,0,,A,D,2.37,02A96157AAE9FF951C22F58D2E64CFDD,1 Ø45,1,0,1,1,,0,1,B,0,0,0,0,0,0,,,,,0,0,,2.37408019966,50.76410909987642,2.7192902616809014
3181692,E,7,0,,A,D,96.65,02A96157775018331C22F5D831691A72,2 Ø45,1,0,1,1,,0,1,B,0,0,0,0,0,0,,,,,0,0,,96.6477406059,50.75938820823908,2.7250611628862993
3181698,E,7,0,,A,D,3.43,02A9640C8F6B249E1C22F5D9BD692895,1 Ø45,1,0,1,1,,0,1,B,0,0,0,0,0,0,,,,,0,0,,3.43211933329,50.768581049416646,2.740150418408007
3181707,E,7,0,,A,D,17.46,02A9640CB049D6711C22F5DA43693151,1 Ø33,1,0,1,1,,0,1,B,0,0,0,0,0,0,,,,,0,0,,17.4642955442,50.768851509961195,2.7404891315593565
4986866,E,4,0,,N,D,55.3,P/59535,,1,0,1,0,,1,1,B,0,0,0,0,0,0,,2021-04-06,WZQS5758NP,,0,0,,55.2980998068,50.78047765363096,2.7257432113553137
4986870,E,4,0,,N,D,90.03,P/59535,,1,0,1,0,,1,1,B,0,0,0,0,0,0,,2021-04-06,WZQS5758NP,,0,0,,90.0164415353,50.78079197563799,2.72487038580675
4986875,E,7,0,,A,D,34.46,,2Ø45,1,0,1,0,,0,1,B,0,0,0,0,0,0,,,,,0,0,,34.4374572896,50.78027943339779,2.7296418381237255
4987603,E,7,0,,A,D,18.43,,1Ø33,1,0,1,0,,0,1,B,0,0,0,0,0,0,,,,,0,0,,18.4279080018,50.779621967188135,2.732696326678942
4987750,E,7,0,,A,D,41.84,P/59535,2Ø45,1,0,1,0,,0,1,B,0,0,0,0,0,0,,2021-04-06,WZQS5758NP,,0,0,,41.8327400076,50.780074585302984,2.7377567360388033
5042565,E,7,0,,A,D,109.6,,5Ø45,1,0,1,0,OP<12 Fo  FU592447/F41100012 1022m,0,1,B,0,0,0,0,0,0,,,,,0,0,,109.559900035,50.780004008058434,2.7200315626420677
5042567,E,7,0,,A,D,38.47,,2Ø45,1,0,1,0,,0,1,B,0,0,0,0,0,0,,,,,0,0,,38.462298442,50.77990142805879,2.7195216240032964
5042571,E,7,0,,A,D,148.49,,5Ø45,1,0,1,0,OP<12 Fo  FU592447/F41100012 1022m,0,1,B,0,0,0,0,0,0,,,,,0,0,,148.444809548,50.7801269410024,2.721751496761322
5043267,E,7,0,,A,D,16.83,,2Ø33,1,0,1,0,,0,1,B,0,0,0,0,0,0,,,,,0,0,,16.814659731,50.78038764935998,2.72282988697513
5045294,E,4,0,,N,D,1.63,P/59535,,1,0,1,0,,1,1,B,0,0,0,0,0,0,,2021-04-07,WZQS5758NP,,0,0,,1.62853472088,50.77661123914636,2.738186515305683
5045556,E,7,0,,A,D,96.46,,1Ø45,1,0,1,0,,0,1,B,0,0,0,0,0,0,,,,,0,0,,96.4373308896,50.78107419373784,2.7395472372884715
5050233,A,4,0,,N,D,164.2,P/59535,,1,0,1,0,,1,1,C,0,0,0,0,0,0,,2021-04-02,WZQS5758NP,,0,0,,164.162792534,50.76756937538404,2.7086717544349703
5050499,E,7,0,,A,D,11.01,,2Ø45,1,0,1,0,,0,1,B,0,0,0,0,0,0,,,,,0,0,,11.0082652766,50.77488067649982,2.7131188339649572
5050882,E,7,0,,A,D,78.58,P/59535,3Ø45,1,0,1,0,,0,1,B,0,0,0,0,0,0,,2021-04-02,WZQS5758NP,,0,0,,78.5593317004,50.766952403402,2.708124382446891
5050888,E,7,0,,A,D,69.4,,3Ø45,1,0,1,0,,0,1,B,0,0,0,0,0,0,,,,,0,0,,69.3935767819,50.768209771466644,2.719168740238268
5050891,E,7,0,,A,D,11.35,P/59535,1Ø45,1,0,1,0,,0,1,B,0,0,0,0,0,0,,2021-04-06,WZQS5758NP,,0,0,,11.3469965346,50.76814363635667,2.71956907590259
5051363,E,7,0,,A,D,16.31,P/59535,1Ø45,1,0,1,0,,0,1,B,0,0,0,0,0,0,,2021-04-06,WZQS5758NP,,0,0,,16.3093867078,50.76774780679737,2.718587288069846
5051372,E,7,0,,A,D,8.19,P/59535,1Ø45,1,0,1,0,,0,1,B,0,0,0,0,0,0,,2021-04-06,WZQS5758NP,,0,0,,8.19184675566,50.76821277021591,2.717914622012918
5051375,E,7,0,,A,D,10.96,,1Ø45,1,0,1,0,,0,1,B,0,0,0,0,0,0,,,,,0,0,,10.9532925598,50.76786612157614,2.7177449515252015
5051467,E,7,0,,A,D,15.71,,1Ø45,1,0,1,0,,0,1,B,0,0,0,0,0,0,,,,,0,0,,15.7099035321,50.76735682268689,2.717534412938457
5051472,E,7,0,,A,D,11.41,,1Ø45,1,0,1,0,,0,1,B,0,0,0,0,0,0,,,,,0,0,,11.4058872659,50.767263692949854,2.717436001037528
5051478,E,7,0,,A,D,7.16,,1Ø45,1,0,1,0,,0,1,B,0,0,0,0,0,0,,,,,0,0,,7.15870646494,50.7676739082161,2.7184998586864495
5051576,E,7,0,,A,D,2.58,,1Ø45,1,0,1,0,,0,1,B,0,0,0,0,0,0,,,,,0,0,,2.58422684746,50.766054136101985,2.7178581342520753
5051578,E,7,0,,A,D,63.58,,3Ø45,1,0,1,0,,0,1,B,0,0,0,0,0,0,,,,,0,0,,63.5681711349,50.76577246479953,2.7177383261717516
5051628,E,7,0,,A,D,31.66,,1Ø45,1,0,1,0,,0,1,B,0,0,0,0,0,0,,,,,0,0,,31.6438633275,50.76685061774228,2.7179388298552105
5051816,E,7,0,,A,D,9.39,,1Ø45,1,0,1,0,,0,1,B,0,0,0,0,0,0,,,,,0,0,,9.38901450234,50.766256212403015,2.7173920311609296
5051817,E,7,0,,A,D,19.42,,1Ø45,1,0,1,0,,0,1,B,0,0,0,0,0,0,,,,,0,0,,19.4145600175,50.76629576728561,2.7173261865761433
5051823,E,7,0,,A,D,36.94,,1Ø45,1,0,1,0,,0,1,B,0,0,0,0,0,0,,,,,0,0,,36.9342738945,50.766548792111514,2.717329769885897
5052129,E,7,0,,A,D,22.75,,3Ø45,1,0,1,0,,0,1,B,0,0,0,0,0,0,,,,,0,0,,22.7386340772,50.76548326623109,2.7174292681222134
5052144,E,7,0,,A,D,126.81,,5Ø45,1,0,1,0,,0,1,B,0,0,0,0,0,0,,,,,0,0,,126.769924238,50.765384360900434,2.7191771587757483
5052412,E,7,0,,A,D,23.62,,1Ø45,1,0,1,0,,0,1,B,0,0,0,0,0,0,,,,,0,0,,23.6186327569,50.76679788816932,2.719416492273046
5052722,E,7,0,,A,D,16.93,,1Ø45,1,0,1,0,,0,1,B,0,0,0,0,0,0,,,,,0,0,,16.9195741886,50.76719144484074,2.719646936287047
5054032,E,7,0,,A,D,11.02,P/59535,1Ø45,1,0,1,0,,0,1,B,0,0,0,0,0,0,,2021-04-07,WZQS5758NP,,0,0,,11.0103148823,50.76580366666138,2.723558527831543
5054301,E,7,0,,A,D,5.71,,1Ø45,1,0,1,0,,0,1,B,0,0,0,0,0,0,,,,,0,0,,5.70796536924,50.766958047888984,2.7220904635591503
5054324,E,7,0,,A,D,24.32,,1Ø45,1,0,1,0,,0,1,B,0,0,0,0,0,0,,,,,0,0,,24.3079472936,50.76663304873265,2.7228977593499684
5054730,E,7,0,,A,D,15.55,,1Ø45,1,0,1,0,,0,1,B,0,0,0,0,0,0,,,,,0,0,,15.5429305626,50.7675204947159,2.7229840773288716
5054735,E,7,0,,A,D,25.77,,1Ø45,1,0,1,0,,0,1,B,0,0,0,0,0,0,,,,,0,0,,25.765038687,50.767477412215754,2.72323657182934
5054851,E,7,0,,A,D,10.24,,1Ø45,1,0,1,0,,0,1,B,0,0,0,0,0,0,,,,,0,0,,10.2291278165,50.767236093449,2.7235697625435114
5054853,E,7,0,,A,D,36.51,,1Ø45,1,0,1,0,,0,1,B,0,0,0,0,0,0,,,,,0,0,,36.4979853415,50.76713115617184,2.72348355881826
5054855,E,7,0,,A,D,50.73,,3Ø45,1,0,1,0,,0,1,B,0,0,0,0,0,0,,,,,0,0,,50.7223776329,50.76661558825502,2.723590529055632
5054857,E,7,0,,A,D,13.28,P/59535,1Ø45,1,0,1,0,,0,1,B,0,0,0,0,0,0,,2021-04-07,WZQS5758NP,,0,0,,13.2716624272,50.766564732220715,2.723868115023602
5054860,E,7,0,,A,D,17.09,,1Ø45,1,0,1,0,,0,1,B,0,0,0,0,0,0,,,,,0,0,,17.0807958714,50.76650444601774,2.7236645888145516
5054863,E,7,0,,A,D,12.66,P/59535,1Ø45,1,0,1,0,,0,1,B,0,0,0,0,0,0,,2021-04-07,WZQS5758NP,,0,0,,12.6517483517,50.76654434885641,2.7235162700937003
5054961,E,7,0,,A,D,17.84,P/59535,1Ø45,1,0,1,0,,0,1,B,0,0,0,0,0,0,,2021-04-07,WZQS5758NP,,0,0,,17.8257989265,50.765778934667495,2.723521336476653
5055608,E,4,0,,N,D,109.44,P/59535,,1,0,1,0,,1,1,B,0,0,0,0,0,0,,2021-04-07,WZQS5758NP,,0,0,,109.435432378,50.77002411218783,2.723163252560779
5055612,E,7,0,,A,D,43.85,P/59535,1Ø45,1,0,1,0,,0,1,B,0,0,0,0,0,0,,2021-04-07,WZQS5758NP,,0,0,,43.8479596931,50.76700229635454,2.7248024875831987
5056036,E,7,0,,A,D,23.2,P/59535,1Ø45,1,0,1,0,,0,1,B,0,0,0,0,0,0,,2021-04-07,WZQS5758NP,,0,0,,23.1951459947,50.767831813210236,2.7254903184742667
5056040,E,4,0,,N,D,18.47,P/59535,,1,0,1,0,,1,1,B,0,0,0,0,0,0,,2021-04-07,WZQS5758NP,,0,0,,18.4617936571,50.76726755150783,2.724939306808667
5056579,E,4,0,,N,D,19.17,P/59535,,1,0,1,0,,1,1,B,0,0,0,0,0,0,,2021-04-07,WZQS5758NP,,0,0,,19.1602309268,50.770482799432926,2.72903224118151
5057617,E,7,0,,A,D,44.82,,1Ø45,1,0,1,0,,0,1,B,0,0,0,0,0,0,,,,,0,0,,44.8134100911,50.76927914716534,2.741163279734137
5057618,E,7,0,,A,D,23.4,,1Ø45,1,0,1,0,,0,1,B,0,0,0,0,0,0,,,,,0,0,,23.3917268266,50.76914598301615,2.741139082851187
5057620,E,4,0,,N,D,3.2,P/59535,,1,0,1,0,,1,1,B,0,0,0,0,0,0,,2021-04-07,WZQS5758NP,,0,0,,3.19875216757,50.768891233699485,2.7413843996672624
5057622,E,4,0,,N,D,3.58,P/59535,,1,0,1,0,,1,1,B,0,0,0,0,0,0,,2021-04-07,WZQS5758NP,,0,0,,3.58204105093,50.76815297559704,2.7419600833031597
5057629,E,7,0,,A,D,66.88,,2Ø45,1,0,1,0,,0,1,B,0,0,0,0,0,0,,,,,0,0,,66.8702361002,50.76947829713396,2.741457296302098
5058019,E,7,0,,A,D,6.3,,2Ø45,1,0,1,0,,0,1,B,0,0,0,0,0,0,,,,,0,0,,6.29997086712,50.771376764919864,2.743996483795528
5058031,E,4,0,,N,D,304.68,P/59535,,1,0,1,0,,1,1,B,0,0,0,0,0,0,,2021-04-07,WZQS5758NP,,0,0,,304.661855702,50.77356415442437,2.743946091527983
5069180,E,7,0,,A,D,14.56,,1Ø45,1,0,1,0,,0,1,B,0,0,0,0,0,0,,,,,0,0,,14.5568996924,50.76396425571066,2.7188415572141045
5069820,E,7,0,,A,D,3.98,,1Ø45,1,0,1,0,,0,1,B,0,0,0,0,0,0,,,,,0,0,,3.97136176248,50.764197719854025,2.7194558953064694
5070039,E,7,0,,A,D,96.01,,3Ø45,1,0,1,0,,0,1,B,0,0,0,0,0,0,,,,,0,0,,95.9822590979,50.763694904850375,2.721988031340649
5070077,E,7,0,,A,D,38.5,,2Ø45,1,0,1,0,,0,1,B,0,0,0,0,0,0,,,,,0,0,,38.4971025075,50.764010192092904,2.7190975822926773
5070100,E,7,0,,A,D,5.56,,1Ø45,1,0,1,0,,0,1,B,0,0,0,0,0,0,,,,,0,0,,5.55534639977,50.76377913602664,2.71853345784593
5070183,E,7,0,,A,D,10.82,P/59535,2Ø45,1,0,1,0,,0,1,B,0,0,0,0,0,0,,2021-04-08,WZQS5758NP,,0,0,,10.802885984,50.75950798439892,2.713128162471416
5070184,E,7,0,,A,D,13.3,,2Ø45,1,0,1,0,,0,1,B,0,0,0,0,0,0,,,,,0,0,,13.296869045,50.75686273962662,2.711537680462576
5070186,E,7,0,,A,D,6.69,,2Ø45,1,0,1,0,,0,1,B,0,0,0,0,0,0,,,,,0,0,,6.68836342741,50.75642529862952,2.7110275083763105
5070191,E,7,0,,A,T,0.81,02A96157A66CCD921C22F58E7364EC11,1Ø45,1,0,1,1,,0,1,B,0,0,0,0,0,0,,,,,0,0,,30.6238924725,50.76310830597421,2.7200503922772423
5070929,E,7,0,,A,D,60.83,,2Ø45,1,0,1,0,,0,1,B,0,0,0,0,0,0,,,,,0,0,,60.8219217902,50.765748884516,2.715488463876305
5071043,E,7,0,,A,D,183.73,,2Ø45,1,0,1,0,,0,1,B,0,0,0,0,0,0,,,,,0,0,,183.718931642,50.766250878804556,2.7120231048853625
5071049,E,7,0,,A,D,90.78,,3Ø45,1,0,1,0,,0,1,B,0,0,0,0,0,0,,,,,0,0,,90.7765930953,50.76626698487231,2.7124938074617075
5071709,E,2,0,,N,D,9.42,P/59535,,1,0,1,0,,0,1,,0,0,0,0,0,0,,2021-04-08,WZQS5758NP,,0,0,,9.41685031764,50.76311941880659,2.7204338908388026
5072818,E,7,0,,A,D,16.6,P/59535,4Ø45,1,0,1,0,,0,1,B,0,0,0,0,0,0,,2021-04-08,WZQS5758NP,,0,0,,16.5920498045,50.76273862517505,2.7224512960980958
5072829,E,7,0,,A,D,83.91,,5Ø45,1,0,1,0,,0,1,B,0,0,0,0,0,0,,,,,0,0,,83.9127809514,50.76059298299227,2.723767645989805
5072981,E,7,0,,A,D,17.32,P/59535,1Ø45,1,0,1,0,,0,1,B,0,0,0,0,0,0,,2021-04-07,WZQS5758NP,,0,0,,17.3105466969,50.76628329977033,2.72422041473452
5072983,E,7,0,,A,D,35.23,,1Ø45,1,0,1,0,,0,1,B,0,0,0,0,0,0,,,,,0,0,,35.2206911653,50.76617553776682,2.7241929001022194
6884689,E,0,0,,,D,69.75,"PAR59535
$PBGEO",,1,0,1,0,,0,1,,0,0,0,0,0,0,,2017-01-06,QSNK0093NP,,0,0,,69.7502600374,50.76740721730499,2.7247029582966453
6884696,E,0,0,,,D,46.12,PAR59535,,1,0,1,0,,0,1,,0,0,0,0,0,0,,2017-01-06,QSNK0093NP,,0,0,,46.1224904367,50.7666002743103,2.7078080930170563
6884699,E,0,0,,,D,20.73,PAR59535,,1,0,1,0,,0,1,,0,0,0,0,0,0,,2017-01-06,QSNK0093NP,,0,0,,20.7270690926,50.75683166316154,2.7115133813269043
7369379,E,7,0,,,D,41.74,P/59535,6Ø45,321,0,1,0,,0,0,C,0,0,0,0,0,0,,2021-04-07,WZQS5758NP,,0,0,,41.7419930875,50.76792744816129,2.7315447683944787
7762498,E,7,0,,,D,26.77,,1Ø45,1,0,1,0,,0,1,A,10,10,0,0,0,0,,2021-03-09,JFHC8005NP,,0,0,,26.7653179345,50.76518722419337,2.7085961766604156
7762693,E,7,0,,,D,50.65,,2Ø45,1,0,1,0,,0,1,A,20,10,0,0,0,0,,2021-03-09,JFHC8005NP,,0,0,,50.6537655241,50.76341753744291,2.7088503105703294
7781655,E,4,0,,N,D,107.91,P/59535,,1,0,1,0,,1,1,B,0,0,0,0,0,0,,2021-04-02,WZQS5758NP,,0,0,,107.912666225,50.75736588541983,2.708167029023733
7781762,E,4,0,,N,D,32.21,P/59535,,1,0,1,1,,1,1,B,0,0,0,0,0,0,,2021-04-02,WZQS5758NP,,0,0,,32.211377717,50.75997655397398,2.7086505763255437
7781763,E,7,0,,,D,12.07,P/59535,2Ø45,1,0,1,0,,0,1,B,0,0,0,0,0,0,,2021-04-02,WZQS5758NP,,0,0,,12.0677188769,50.76011630150305,2.7087601349422243
7781775,E,4,0,,,D,1.64,P/59535,,1,0,1,0,,1,1,B,0,0,0,0,0,0,,2021-04-02,WZQS5758NP,,0,0,,1.64167240522,50.76363928816021,2.7086972771624303
7781956,E,7,0,,,D,35.1,P/59535,2Ø45,1,0,1,0,,0,1,B,0,0,0,0,0,0,,2021-04-02,WZQS5758NP,,0,0,,35.0910728828,50.766804818297814,2.708232909653214
7783364,E,4,0,,N,D,125.67,P/59535,,1,0,1,0,,1,1,B,0,0,0,0,0,0,,2021-04-06,WZQS5758NP,,0,0,,125.651802807,50.78042718911589,2.7129585863385577
7783507,E,2,0,,,D,18.78,P/59535,,1,0,1,0,,0,1,,0,0,0,0,0,0,,2021-04-06,WZQS5758NP,,0,0,,18.7815284291,50.76597466615532,2.7190299545312593
7783564,E,7,0,,,D,4.55,P/59535,1Ø45,1,0,1,0,,0,1,B,0,0,0,0,0,0,,2021-04-06,WZQS5758NP,,0,0,,4.54892958569,50.76606690075876,2.7178118887072045
7784023,E,0,0,,,D,7.99,P/59535,,1,0,1,0,,0,1,,0,0,0,0,0,0,,2021-04-07,WZQS5758NP,,0,0,,7.99275834318,50.76443958267089,2.7221983124809688
7784260,E,2,0,,,D,7.77,P/59535,,1,0,1,0,,0,1,,0,0,0,0,0,0,,2021-04-07,WZQS5758NP,,0,0,,7.77399401962,50.765726728434174,2.7242239155277885
7784268,E,4,0,,N,D,66.33,P/59535,,1,0,1,1,,1,1,B,0,0,0,0,0,0,,2021-04-07,WZQS5758NP,,0,0,,66.3297645638,50.76549430706947,2.726361512130678
7784311,E,4,0,,,D,1.19,P/59535,,1,0,1,0,,1,1,B,0,0,0,0,0,0,,2021-04-07,WZQS5758NP,,0,0,,1.19330419301,50.7682396585637,2.72142600786516
7784483,E,4,0,,,D,5.18,P/59535,,1,0,1,0,,1,1,B,0,0,0,0,0,0,,2021-04-14,WZQS5758NP,,0,0,,5.17523654955,50.76580864226346,2.7291286943732436
7784494,E,3,0,,,D,4.28,P/59535,,1,0,1,0,,0,1,,0,0,0,0,0,0,,2021-04-07,WZQS5758NP,,0,0,,4.28196668325,50.76776585283408,2.731683371860567
7784585,E,7,0,,,D,4.75,P/59535,1Ø45,1,0,1,0,,0,1,B,0,0,0,0,0,0,,2021-04-07,WZQS5758NP,,0,0,,4.74622532883,50.76938466526524,2.7270192622626492
7784589,E,4,0,,N,D,41.29,P/59535,,1,0,1,1,,3,1,B,0,0,0,0,0,0,,2021-04-14,WZQS5758NP,,0,0,,41.2905695585,50.76991596529148,2.727854332252839
7784591,E,4,0,,N,D,18.67,P/59535,,1,0,1,1,,2,1,B,0,0,0,0,0,0,,2021-04-14,WZQS5758NP,,0,0,,18.6689341016,50.77009376598029,2.728172160706893
7784899,E,4,0,,N,D,325.02,P/59535,,1,0,1,0,,2,1,B,0,0,0,0,0,0,,2021-04-14,WZQS5758NP,,0,0,,325.019465158,50.765196534397774,2.7448268003076115
7784900,E,4,0,,,D,4.46,P/59535,,1,0,1,0,,1,1,B,0,0,0,0,0,0,,2021-04-07,WZQS5758NP,,0,0,,4.46143847702,50.76642492080841,2.7435498643069614
7784909,E,4,0,,N,D,339.67,P/59535,,1,0,1,0,,2,1,B,0,0,0,0,0,0,,2021-04-14,WZQS5758NP,,0,0,,339.644027781,50.775931566694204,2.748803103229234
7784911,E,4,0,,N,D,4.84,P/59535,,1,0,1,1,,1,1,B,0,0,0,0,0,0,,2021-04-07,WZQS5758NP,,0,0,,4.83309153575,50.77025245943595,2.7407468177269716
7785698,E,0,0,,N,D,3.01,P/59535,,1,0,1,1,,0,1,,0,0,0,0,0,0,,2021-04-08,WZQS5758NP,,0,0,,3.01496043275,50.76312986687228,2.720788084557382
7785909,E,7,0,,,D,11.93,P/59535,1Ø45,1,0,1,0,,0,1,B,0,0,0,0,0,0,,2021-04-08,WZQS5758NP,,0,0,,11.9265705325,50.76850865320264,2.7401765180532816
7786051,E,3,0,,,D,3.9,P/59535,,1,0,1,0,,0,1,,0,0,0,0,0,0,,2021-04-08,WZQS5758NP,,0,0,,3.9025685321,50.76511264927864,2.7185109519885433
7786195,E,0,0,,,D,59.17,P/59535,,1,0,1,0,,0,1,,0,0,0,0,0,0,,2021-04-08,WZQS5758NP,,0,0,,59.1740938257,50.75932409757175,2.724786579082326
7791310,E,4,0,,,D,16.48,P/59535,,1,0,1,0,,1,1,B,0,0,0,0,0,0,,2021-04-07,WZQS5758NP,,0,0,,16.4724135743,50.76975287343368,2.741757105808869
7791601,E,4,0,,N,D,91.3,P/59535,,1,0,1,1,,3,1,B,0,0,0,0,0,0,,2021-04-14,WZQS5758NP,,0,0,,91.2994511018,50.771984242494305,2.7321683963576047
8242585,E,7,0,,,D,121.33,,2Ø45,1,0,1,0,,0,1,C,0,0,0,0,0,0,,2025-05-28,CWKB7174,,0,0,,121.316916629,50.77640195491319,2.738209787136625
8242605,E,7,0,,,D,184.59,,3Ø45,1,0,1,0,,0,1,C,0,0,0,0,0,0,,2025-05-28,CWKB7174,,0,0,,184.578744284,50.776716999822554,2.738280523081839
3180898,E,4,0,,N,D,55.07,P/59535,,1,0,1,1,,2,1,B,0,0,0,0,0,0,,2021-04-14,WZQS5758NP,,0,0,,55.0719464096,50.75933612443638,2.7135011093494357
3181691,E,7,0,,A,D,26.05,02A96157775138021C22F5D828691914,1 Ø45,1,0,1,1,,0,1,B,0,0,0,0,0,0,,,,,0,0,,26.0547845963,50.75958498488355,2.725585604457969
3948648,E,7,0,,A,D,14.58,,3Ø45,1,0,1,0,,0,1,B,0,0,0,0,0,0,,,,,0,0,,14.5766901739,50.768125164732155,2.7197350189201415
4591925,E,7,0,,A,D,68.44,P/59535,3Ø45,323,0,1,0,,0,0,B,0,0,1,1,0,0,,2021-04-08,WZQS5758NP,,0,0,,68.4367171839,50.76336552047891,2.71732511558951
4658321,E,7,0,,A,D,9.09,,2Ø45,1,0,1,0,,0,1,B,0,0,0,0,0,0,,,,,0,0,,9.08696099975,50.76046462379645,2.7087806737522566
4895028,E,7,0,,A,D,90.05,,3Ø45,1,0,1,0,,0,1,B,0,0,0,0,0,0,,,,,0,0,,90.0475921372,50.76823987886591,2.7200965734877336
4987745,E,7,0,,A,D,69.12,,2Ø45,1,0,1,0,,0,1,B,0,0,0,0,0,0,,,,,0,0,,69.1156088663,50.77891951849821,2.735429995097066
4987753,E,7,0,,A,D,27.4,,1Ø45,1,0,1,0,,0,1,B,0,0,0,0,0,0,,,,,0,0,,27.3787087033,50.7802713211081,2.73811504465131
5025751,E,7,0,,A,D,296.48,,4Ø60+3Ø45,1,0,1,0,OP<36 Fo  FU592447/F40890 2145m,0,1,B,0,0,0,0,0,0,,,,,0,0,,296.465446109,50.755483281641894,2.7256296458209084
5040745,E,4,0,,N,D,274.01,,,1,0,1,0,,0,1,B,0,0,0,0,0,0,,,,,0,0,,273.991229842,50.77375793422622,2.706221927562405
5042133,E,7,0,,A,D,12.36,,9Ø60,1,0,1,0,,0,1,B,0,0,0,0,0,0,,,,,0,0,,12.3497248164,50.77846766981917,2.717877359201075
5042134,E,7,0,,A,D,28.15,,2Ø45,1,0,1,0,,0,1,B,0,0,0,0,0,0,,,,,0,0,,28.1451304435,50.77852842887065,2.717942722232621
5043271,E,4,0,,N,D,109.95,P/59535,,1,0,1,0,,1,1,B,0,0,0,0,0,0,,2021-04-06,WZQS5758NP,,0,0,,109.93347327,50.77741687721797,2.715375583503094
5045290,E,4,0,,N,D,68.58,P/59535,,1,0,1,0,,1,1,B,0,0,0,0,0,0,,2021-04-07,WZQS5758NP,,0,0,,68.5693970433,50.77744544019366,2.737866714150068
5050503,E,7,0,,A,D,9.7,,2Ø45,1,0,1,0,,0,1,B,0,0,0,0,0,0,,,,,0,0,,9.68969897491,50.771646203817106,2.713304934274734
5050892,E,7,0,,A,D,34.53,P/59535,1Ø45,1,0,1,0,,0,1,B,0,0,0,0,0,0,,2021-04-06,WZQS5758NP,,0,0,,34.5251963317,50.768255026068225,2.718908812239476
5050894,E,7,0,,A,D,71.32,P/59535,1Ø45,1,0,1,0,,0,1,B,0,0,0,0,0,0,,2021-04-06,WZQS5758NP,,0,0,,71.31084187,50.768213881889565,2.719162918005231
5050907,E,7,0,,A,D,30.53,P/59535,1Ø45,1,0,1,0,,0,1,B,0,0,0,0,0,0,,2021-04-06,WZQS5758NP,,0,0,,30.5318028657,50.76859935447053,2.718474716877839
5051367,E,7,0,,A,D,35.3,,1Ø45,1,0,1,0,,0,1,B,0,0,0,0,0,0,,,,,0,0,,35.3006041084,50.76785510193913,2.7185824123225237
5051368,E,7,0,,A,D,12.74,P/59535,1Ø45,1,0,1,0,,0,1,B,0,0,0,0,0,0,,2021-04-06,WZQS5758NP,,0,0,,12.7413688522,50.76818923309193,2.7187630918930332
5051369,E,7,0,,A,D,7.94,,1Ø45,1,0,1,0,,0,1,B,0,0,0,0,0,0,,,,,0,0,,7.93433709412,50.76820114821146,2.718700037222586
5051370,E,7,0,,A,D,20.55,,1Ø45,1,0,1,0,,0,1,B,0,0,0,0,0,0,,,,,0,0,,20.5509534879,50.76813784190001,2.7186855025959225
5051459,E,7,0,,A,D,22.89,,1Ø45,1,0,1,0,,0,1,B,0,0,0,0,0,0,,,,,0,0,,22.8832373329,50.7679279125153,2.7177835222958664
5051461,E,7,0,,A,D,63.71,,3Ø45,1,0,1,0,,0,1,B,0,0,0,0,0,0,,,,,0,0,,63.705918223,50.767551262296365,2.7176467874552444
5051468,E,7,0,,A,D,20.25,,1Ø45,1,0,1,0,,0,1,B,0,0,0,0,0,0,,,,,0,0,,20.2438954421,50.767375198409155,2.7175234315208097
5051475,E,7,0,,A,D,11.71,P/59535,1Ø45,1,0,1,0,,0,1,B,0,0,0,0,0,0,,2021-04-06,WZQS5758NP,,0,0,,11.7075554742,50.767207402994465,2.7183419458928038
5051477,E,7,0,,A,D,52.44,,3Ø45,1,0,1,0,,0,1,B,0,0,0,0,0,0,,,,,0,0,,52.431416034,50.76746572281035,2.7184338967794694
5051486,E,7,0,,A,D,13.11,,1Ø45,1,0,1,0,,0,1,B,0,0,0,0,0,0,,,,,0,0,,13.1099376722,50.7664976928069,2.717865688034192
5051626,E,7,0,,A,D,13.45,,1Ø45,1,0,1,0,,0,1,B,0,0,0,0,0,0,,,,,0,0,,13.4497265375,50.76677592120536,2.718051367252894
5051811,E,7,0,,A,D,14.46,,1Ø45,1,0,1,0,,0,1,B,0,0,0,0,0,0,,,,,0,0,,14.4548636894,50.76624535647721,2.7174829432628336
5051812,E,7,0,,A,D,17.35,,1Ø45,1,0,1,0,,0,1,B,0,0,0,0,0,0,,,,,0,0,,17.3448673305,50.76624426403562,2.717506135190795
5052130,E,7,0,,A,D,1.81,P/59535,2Ø45,1,0,1,0,,0,1,B,0,0,0,0,0,0,,2021-04-06,WZQS5758NP,,0,0,,1.81435701774,50.76551758796015,2.7173033658814214
5052132,E,7,0,,A,D,42.18,,2Ø45,1,0,1,0,,0,1,B,0,0,0,0,0,0,,,,,0,0,,42.175149145,50.7656077271546,2.717049663415105
5052142,E,7,0,,A,D,52.08,,5Ø45,1,0,1,0,OP<36 Fo  FU592447/F40890 2145m,0,1,B,0,0,0,0,0,0,,,,,0,0,,52.0588922176,50.76498777176141,2.7188111994102147
5052404,E,7,0,,A,D,40.37,P/59535,2Ø45,1,0,1,0,,0,1,B,0,0,0,0,0,0,,2021-04-06,WZQS5758NP,,0,0,,40.3567154896,50.76502051557308,2.719132175749432
5052406,E,7,0,,A,D,13.3,,1Ø45,1,0,1,0,,0,1,B,0,0,0,0,0,0,,,,,0,0,,13.2916539633,50.766240155682425,2.7191335863269024
5052415,E,7,0,,A,D,10.55,,1Ø45,1,0,1,0,,0,1,B,0,0,0,0,0,0,,,,,0,0,,10.5489356479,50.76715316812181,2.719546245659668
5052723,E,7,0,,A,D,40.11,,1Ø45,1,0,1,0,,0,1,B,0,0,0,0,0,0,,,,,0,0,,40.1084617001,50.76728858233545,2.719668099775677
5052726,E,7,0,,A,D,27.75,,1Ø45,1,0,1,0,,0,1,B,0,0,0,0,0,0,,,,,0,0,,27.7460847691,50.76772677741826,2.71989004693914
5052727,E,7,0,,A,D,21.1,P/59535,1Ø45,1,0,1,0,,0,1,B,0,0,0,0,0,0,,2021-04-06,WZQS5758NP,,0,0,,21.1013634443,50.76794331967076,2.719977302284685
5054298,E,7,0,,A,D,70.8,,3Ø45,1,0,1,0,,0,1,B,0,0,0,0,0,0,,,,,0,0,,70.8011825984,50.76724410109618,2.7220075676486855
5054326,E,7,0,,A,D,14.79,P/59535,1Ø45,1,0,1,0,,0,1,B,0,0,0,0,0,0,,2021-04-07,WZQS5758NP,,0,0,,14.7874767163,50.76647603842757,2.7228281662239473
5054723,E,7,0,,A,D,47.58,,3Ø45,1,0,1,0,,0,1,B,0,0,0,0,0,0,,,,,0,0,,47.5721491184,50.76776531205036,2.7218633598148085
5054724,E,7,0,,A,D,101.68,,3Ø45,1,0,1,0,,0,1,B,0,0,0,0,0,0,,,,,0,0,,101.668535374,50.76763486686124,2.722421197685932
5054727,E,7,0,,A,D,40.54,,1Ø45,1,0,1,0,,0,1,B,0,0,0,0,0,0,,,,,0,0,,40.5366551984,50.76773573288721,2.721865350513638
5054828,E,7,0,,A,D,9.0,,2Ø45,1,0,1,0,,0,1,B,0,0,0,0,0,0,,,,,0,0,,8.98666155811,50.76600319013623,2.729076313391722
5054963,E,7,0,,A,D,24.95,P/59535,1Ø45,1,0,1,0,,0,1,B,0,0,0,0,0,0,,2021-04-07,WZQS5758NP,,0,0,,24.9249483747,50.76589512174768,2.723745520845033
5054964,E,7,0,,A,D,13.74,,1Ø45,1,0,1,0,,0,1,B,0,0,0,0,0,0,,,,,0,0,,13.7248590801,50.765875098785095,2.723651819410734
5054966,E,7,0,,A,D,9.36,P/59535,1Ø45,1,0,1,0,,0,1,B,0,0,0,0,0,0,,2021-04-07,WZQS5758NP,,0,0,,9.35659926725,50.765392385751724,2.7233070305253593
5054974,E,7,0,,A,D,9.46,,3Ø45,1,0,1,0,,0,1,B,0,0,0,0,0,0,,,,,0,0,,9.45750314675,50.76581777210422,2.7239486081938464
5054975,E,7,0,,A,D,54.49,P/59535,3Ø45,1,0,1,0,,0,1,B,0,0,0,0,0,0,,2021-04-07,WZQS5758NP,,0,0,,54.4820034682,50.76566042033385,2.724145799791367
5055606,E,4,0,,N,D,162.26,P/59535,,1,0,1,0,,1,1,B,0,0,0,0,0,0,,2021-04-07,WZQS5758NP,,0,0,,162.238363027,50.769450199408936,2.722035589591277
5056046,E,7,0,,A,D,26.86,P/59535,2Ø45,1,0,1,0,,0,1,B,0,0,0,0,0,0,,2021-04-07,WZQS5758NP,,0,0,,26.8512705431,50.76931920861617,2.7269115318675308
5056584,E,7,0,,A,D,8.87,P/59535,2Ø45,1,0,1,0,,0,1,B,0,0,0,0,0,0,,2021-04-07,WZQS5758NP,,0,0,,8.87118582502,50.77093894371529,2.730363201220774
5056753,E,7,0,,A,D,31.04,,2Ø45,1,0,1,0,,0,1,B,0,0,0,0,0,0,,,,,0,0,,31.013372631,50.773187062818835,2.7338312120383153
5056850,E,4,0,,N,D,20.03,P/59535,,1,0,1,0,,1,1,B,0,0,0,0,0,0,,2021-04-07,WZQS5758NP,,0,0,,20.014590671,50.77302510603599,2.7390721310392623
5056861,E,4,0,,N,D,4.49,P/59535,,1,0,1,0,,1,1,B,0,0,0,0,0,0,,2021-04-07,WZQS5758NP,,0,0,,4.48529987909,50.769913210233724,2.740848654759485
5056863,E,4,0,,N,D,510.15,P/59535,,1,0,1,0,,1,1,B,0,0,0,0,0,0,,2021-04-07,WZQS5758NP,,0,0,,510.046428739,50.77324350015897,2.7302445836779787
5057322,E,4,0,,N,D,19.06,P/59535,,1,0,1,0,,1,1,B,0,0,0,0,0,0,,2021-04-07,WZQS5758NP,,0,0,,19.0452716262,50.77752126740714,2.749585270974879
5057624,E,4,0,,N,D,4.11,,,1,0,1,0,,0,1,B,0,0,0,0,0,0,,,,,0,0,,4.10666709308,50.76766082656816,2.742381490519231
5058018,E,7,0,,A,D,17.87,,1Ø33,1,0,1,0,,0,1,B,0,0,0,0,0,0,,,,,0,0,,17.8652261931,50.76974607477988,2.741757345481568
5069174,E,7,0,,A,D,4.81,,1Ø45,1,0,1,0,,0,1,B,0,0,0,0,0,0,,,,,0,0,,4.81246741551,50.76403208791453,2.718925347631631
5069179,E,7,0,,A,D,57.08,,2Ø45,1,0,1,0,,0,1,B,0,0,0,0,0,0,,,,,0,0,,57.0783503506,50.76381547294306,2.718654639062622
5069182,E,7,0,,A,D,15.91,,1Ø45,1,0,1,0,,0,1,B,0,0,0,0,0,0,,,,,0,0,,15.9081032983,50.763959262402416,2.718835730142635
5069822,E,7,0,,A,D,2.74,,1Ø45,1,0,1,0,,0,1,B,0,0,0,0,0,0,,,,,0,0,,2.74309523627,50.76426585738571,2.719539836619374
5069823,E,7,0,,A,D,2.77,,1Ø45,1,0,1,0,,0,1,B,0,0,0,0,0,0,,,,,0,0,,2.76583126365,50.764105816183275,2.7193331107767547
5070004,E,7,0,,A,D,25.76,,1Ø45,1,0,1,0,,0,1,B,0,0,0,0,0,0,,,,,0,0,,25.760521012,50.76402824425068,2.7191664936607327
5070005,E,7,0,,A,D,6.25,,1Ø45,1,0,1,0,,0,1,B,0,0,0,0,0,0,,,,,0,0,,6.25452184148,50.76392255439931,2.7191298678942406
5070035,E,7,0,,A,D,44.58,,7Ø45,1,0,1,0,OP<36 Fo  FU592447/F40890 2145m,0,1,B,0,0,0,0,0,0,,,,,0,0,,44.5805312425,50.76391427120791,2.7218785341593983
5070042,E,7,0,,A,D,10.39,,2Ø45,1,0,1,0,,0,1,B,0,0,0,0,0,0,,,,,0,0,,10.3947269312,50.76322761570315,2.721001104785975
5070044,E,7,0,,A,D,33.69,,1Ø45,1,0,1,0,,0,1,B,0,0,0,0,0,0,,,,,0,0,,33.6824786651,50.763290194908855,2.721130876081173
5070106,E,7,0,,A,D,37.25,,1Ø45,1,0,1,0,,0,1,B,0,0,0,0,0,0,,,,,0,0,,37.2497456781,50.7636369773585,2.718166231948806
5070168,E,7,0,,A,T,0.83,02A96157A66CCD921C22F58E7E64ED51,1Ø45,1,0,1,1,,0,1,B,0,0,0,0,0,0,,,,,0,0,,33.1868844246,50.76311422629669,2.7200343679260883
5070173,E,7,0,,A,D,14.23,,1Ø45,1,0,1,0,,0,1,B,0,0,0,0,0,0,,,,,0,0,,14.2212574296,50.76445348504854,2.7197334617002187
5070175,E,7,0,,A,D,4.16,,1Ø45,1,0,1,0,,0,1,B,0,0,0,0,0,0,,,,,0,0,,4.15723052734,50.764163754435735,2.7194110854277342
5070185,E,4,0,,N,D,55.06,P/59535,,1,0,1,0,,2,1,B,0,0,0,0,0,0,,2021-04-14,WZQS5758NP,,0,0,,55.063219668,50.756605144973626,2.7112959560715786
5070187,E,4,0,,N,D,245.87,P/59535,,1,0,1,0,,1,1,B,0,0,0,0,0,0,,2021-04-08,WZQS5758NP,,0,0,,245.859465861,50.755636691931834,2.7098059102242806
5070938,E,7,0,,A,D,15.64,,1Ø45,1,0,1,0,,0,1,B,0,0,0,0,0,0,,,,,0,0,,15.6208413156,50.76540010144478,2.714577812218927
5071047,E,7,0,,A,D,18.78,,3Ø45,1,0,1,0,,0,1,B,0,0,0,0,0,0,,,,,0,0,,18.7846774383,50.76625710216801,2.713265815897288
5071192,E,4,0,,N,D,4.29,P/59535,,1,0,1,0,,1,1,B,0,0,0,0,0,0,,2021-04-02,WZQS5758NP,,0,0,,4.28411002136,50.763311668693184,2.7087205131497076
5071193,E,7,0,,A,D,11.75,P/59535,2Ø45,1,0,1,0,,0,1,B,0,0,0,0,0,0,,2021-04-02,WZQS5758NP,,0,0,,11.7504324516,50.75783059301875,2.7083024363946846
5071700,E,7,0,,A,D,28.23,,2Ø45,1,0,1,0,,0,1,B,0,0,0,0,0,0,,,,,0,0,,28.2194414416,50.762914248487235,2.7217637514408852
5072822,E,7,0,,A,D,53.82,,5Ø45,1,0,1,0,,0,1,B,0,0,0,0,0,0,,,,,0,0,,53.8246513014,50.76248296355525,2.7225400651264096
5072826,E,7,0,,A,D,60.04,,4Ø45,1,0,1,0,,0,1,B,0,0,0,0,0,0,,,,,0,0,,60.0278356907,50.76201702256146,2.722898671182611
5072982,E,7,0,,A,D,20.43,P/59535,1Ø45,1,0,1,0,,0,1,B,0,0,0,0,0,0,,2021-04-07,WZQS5758NP,,0,0,,20.4298849177,50.76625888520944,2.724228671843325
5326753,E,7,0,,A,D,1.0,,PEHD:1Ø40,321,0,1,0,,0,0,B,0,0,1,1,0,0,,,,,0,0,,0.999690057112,50.770526998579776,2.7428326217845855
5326754,E,7,0,,A,D,40.08,P/59535,PEHD:1Ø40,321,0,1,0,,0,0,B,0,0,1,1,0,0,,2021-04-07,WZQS5758NP,,0,0,,40.0477414204,50.770709633264815,2.7428145845429106
6286947,E,7,0,,A,D,38.88,,1Ø45,1,0,1,0,,0,1,B,0,0,0,0,0,0,,,,,0,0,,38.8766584967,50.76632647118813,2.7178314990487187
7762512,E,7,0,,,D,11.2,,3Ø45,1,0,1,0,,0,1,A,30,10,0,0,0,0,,2021-03-09,JFHC8005NP,,0,0,,11.2036101966,50.76360141176071,2.7087714749709844
7781877,E,7,0,,,D,20.03,P/59535,1Ø45,1,0,1,0,,0,1,B,0,0,0,0,0,0,,2021-04-02,WZQS5758NP,,0,0,,20.0258968316,50.76373195393041,2.7086959631255865
7781878,E,4,0,,,D,51.95,P/59535,,1,0,1,0,,2,1,B,0,0,0,0,0,0,,2021-04-14,WZQS5758NP,,0,0,,51.9473826313,50.7640064043293,2.708669077774074
7781888,E,7,0,,,D,11.22,P/59535,2Ø45,1,0,1,0,,0,1,B,0,0,0,0,0,0,,2021-04-02,WZQS5758NP,,0,0,,11.2244709224,50.76572450532077,2.7085407793276337
7782102,E,4,0,,N,D,167.34,P/59535,,1,0,1,0,,1,1,B,0,0,0,0,0,0,,2021-04-02,WZQS5758NP,,0,0,,167.335514837,50.76923787048636,2.711282144709042
7783415,E,7,0,,,D,66.81,P/59535,2Ø45,1,0,1,0,,0,1,B,0,0,0,0,0,0,,2021-04-06,WZQS5758NP,,0,0,,66.7695772554,50.76517690506396,2.7152589009875996
7784264,E,0,0,,,D,66.9,P/59535,,1,0,1,0,,0,1,,0,0,0,0,0,0,,2021-04-07,WZQS5758NP,,0,0,,66.894282615,50.765548878729085,2.726337409219173
7784265,E,4,0,,N,D,49.17,P/59535,,1,0,1,1,,1,1,B,0,0,0,0,0,0,,2021-04-07,WZQS5758NP,,0,0,,49.1711104686,50.765335582230755,2.725582640046236
7784312,E,2,0,,,D,8.67,P/59535,,1,0,1,0,,0,1,,0,0,0,0,0,0,,2021-04-07,WZQS5758NP,,0,0,,8.66546292538,50.767954563779455,2.725571539415787
7784316,E,4,0,,N,D,84.34,P/59535,,1,0,1,0,,2,1,B,0,0,0,0,0,0,,2021-04-14,WZQS5758NP,,0,0,,84.3300284036,50.76865685766514,2.726336072606109
7784381,E,4,0,,N,D,72.61,P/59535,,1,0,1,1,,2,1,B,0,0,0,0,0,0,,2021-04-14,WZQS5758NP,,0,0,,72.6094445048,50.77031728426012,2.7287183914026554
7784490,E,4,0,,N,D,135.52,P/59535,,1,0,1,1,,1,1,B,0,0,0,0,0,0,,2021-04-07,WZQS5758NP,,0,0,,135.514455813,50.76661980068486,2.731805076896528
7784584,E,4,0,,,D,2.2,P/59535,,1,0,1,0,,1,1,B,0,0,0,0,0,0,,2021-04-07,WZQS5758NP,,0,0,,2.19536538243,50.76931800104136,2.7268808778566727
7785192,E,4,0,,N,D,88.68,P/59535,,1,0,1,0,,1,1,B,0,0,0,0,0,0,,2021-04-07,WZQS5758NP,,0,0,,88.6621432434,50.77646007749837,2.7389404954155134
7785908,E,4,0,,,D,2.22,P/59535,,1,0,1,0,,1,1,B,0,0,0,0,0,0,,2021-04-08,WZQS5758NP,,0,0,,2.21515080286,50.75487785567782,2.7085249897653636
7785915,E,4,0,,,D,3.13,P/59535,,1,0,1,0,,1,1,B,0,0,0,0,0,0,,2021-04-08,WZQS5758NP,,0,0,,3.12478905086,50.7692331496962,2.7267996227460105
7786194,E,1,0,,,D,41.85,P/59535,,1,0,1,0,,0,1,,0,0,0,0,0,0,,2021-04-08,WZQS5758NP,,0,0,,41.845968605,50.76038090409124,2.7245690448677573
7791307,E,4,0,,,D,43.49,P/59470,,1,0,1,0,,1,1,B,0,0,0,0,0,0,,2021-04-14,WZQS5758NP,,0,0,,43.4819774099,50.76941682553685,2.7413530807999735
7791466,E,4,0,,,D,7.08,P/59535,,1,0,1,0,,1,1,B,0,0,0,0,0,0,,2021-04-14,WZQS5758NP,,0,0,,7.07121127676,50.76424968302308,2.708689414726204
8052511,E,7,0,,,D,30.09,,3Ø45,321,0,1,0,,0,0,C,0,0,0,0,0,0,,2022-09-21,CWKB7174,,0,0,,30.0900094741,50.76351337450861,2.7209849361309626
